-2.4047e-05,-5.0095e-05,-6.8728e-05,-7.5358e-05,-6.8207e-05,-4.7014e-05,-1.2286e-05,3.5116e-05,9.4208e-05,0.00016399,0.00024353,0.00033195,0.00042849,0.00053246,0.00064328,0.00076044,0.00088352,0.0010122,0.0011461,0.0012852,0.0014291,0.0015779,0.0017314,0.0018897,0.0020527,0.0022206,0.0023935,0.0025714,0.0027546,0.0029433,0.0031376,0.0033378,0.0035442,0.0037571,0.0039769,0.0042037,0.0044381,0.0046805,0.0049312,0.0051907,0.0054596,0.0057383,0.0060275,0.0063278,0.0066398,0.0069644,0.0073024,0.0076546,0.0080221,0.0084059,0.0088073,0.0092277,0.0096685,0.010131,0.010619,0.011132,0.011674,0.012248,0.012856,0.013503,0.014193,0.014931,0.015723,0.016576,0.017498,0.018501,0.019596,0.020798,0.022127,0.023606,0.025265,0.027142,0.029285,0.031758,0.034643,0.038049,0.042124,0.047065,0.053142,0.060724,0.070319,0.082622,0.098566,0.11935,0.14637,0.18071,0.22134,0.25838,0.24703
-2.5957e-05,-4.6827e-05,-5.0332e-05,-2.9427e-05,1.9423e-05,9.7469e-05,0.00020455,0.00033968,0.00050145,0.00068821,0.0008983,0.0011301,0.0013821,0.0016529,0.0019412,0.002246,0.0025663,0.0029013,0.0032504,0.0036131,0.003989,0.0043778,0.0047795,0.005194,0.0056213,0.0060616,0.0065152,0.0069824,0.0074636,0.0079594,0.0084701,0.0089966,0.0095394,0.010099,0.010677,0.011274,0.01189,0.012527,0.013186,0.013868,0.014575,0.015307,0.016066,0.016854,0.017672,0.018523,0.019407,0.020329,0.021289,0.022291,0.023337,0.024432,0.025577,0.026778,0.028038,0.029364,0.030759,0.032232,0.033788,0.035437,0.037188,0.039051,0.04104,0.043169,0.045457,0.047924,0.050595,0.053499,0.056674,0.060163,0.06402,0.068312,0.07312,0.078548,0.084721,0.0918,0.099981,0.10951,0.12069,0.13389,0.1495,0.16796,0.1896,0.21438,0.24129,0.267,0.2827,0.26786,0.18235
-1.837e-05,-2.1703e-05,2.3676e-06,6.1476e-05,0.00015985,0.00029932,0.00048003,0.00070108,0.0009609,0.0012576,0.001589,0.001953,0.0023478,0.0027712,0.0032217,0.0036977,0.0041979,0.0047211,0.0052665,0.0058332,0.0064207,0.0070288,0.007657,0.0083055,0.0089743,0.0096637,0.010374,0.011106,0.01186,0.012636,0.013437,0.014262,0.015112,0.015989,0.016895,0.017829,0.018795,0.019793,0.020825,0.021893,0.022998,0.024143,0.025331,0.026562,0.027841,0.02917,0.030551,0.031988,0.033485,0.035045,0.036674,0.038375,0.040153,0.042015,0.043968,0.046017,0.048171,0.050439,0.052832,0.05536,0.058036,0.060877,0.063898,0.06712,0.070566,0.074263,0.078243,0.082544,0.087209,0.092293,0.097859,0.10398,0.11075,0.11827,0.12667,0.1361,0.14672,0.15871,0.17227,0.18754,0.20459,0.2233,0.24309,0.26258,0.27878,0.28592,0.27351,0.22489,0.12605
-6.1757e-06,1.5014e-05,7.4144e-05,0.00017814,0.00033107,0.00053482,0.00078965,0.0010947,0.0014484,0.0018486,0.002293,0.0027794,0.0033053,0.0038685,0.004467,0.005099,0.0057629,0.0064572,0.0071808,0.0079329,0.0087127,0.0095198,0.010354,0.011215,0.012103,0.013019,0.013963,0.014935,0.015937,0.016969,0.018032,0.019128,0.020258,0.021424,0.022626,0.023868,0.02515,0.026475,0.027845,0.029261,0.030728,0.032246,0.03382,0.035452,0.037145,0.038903,0.04073,0.042629,0.044606,0.046664,0.04881,0.05105,0.053389,0.055834,0.058394,0.061077,0.063891,0.066849,0.069962,0.073242,0.076706,0.080369,0.084252,0.088376,0.092766,0.097452,0.10247,0.10785,0.11365,0.1199,0.12669,0.13406,0.1421,0.15089,0.16052,0.17109,0.18267,0.19534,0.20908,0.22379,0.23915,0.2545,0.26858,0.27914,0.28242,0.27245,0.24081,0.17915,0.088405
7.7292e-06,5.6745e-05,0.00015477,0.00030716,0.00051717,0.00078629,0.0011146,0.0015013,0.0019445,0.0024422,0.002992,0.0035914,0.0042377,0.0049287,0.0056621,0.0064358,0.0072481,0.0080974,0.0089824,0.0099021,0.010856,0.011843,0.012863,0.013916,0.015003,0.016123,0.017277,0.018466,0.019692,0.020954,0.022255,0.023596,0.024978,0.026403,0.027874,0.029391,0.030958,0.032577,0.03425,0.035979,0.037769,0.039622,0.04154,0.043529,0.045591,0.047731,0.049952,0.05226,0.05466,0.057157,0.059758,0.062467,0.065294,0.068245,0.071328,0.074554,0.077932,0.081474,0.085191,0.089098,0.09321,0.097544,0.10212,0.10696,0.11208,0.11752,0.12331,0.12947,0.13605,0.14309,0.15063,0.15872,0.16741,0.17675,0.18677,0.19749,0.2089,0.2209,0.23333,0.24582,0.25775,0.26811,0.27524,0.27666,0.2687,0.24651,0.20461,0.14117,0.063295
2.1743e-05,9.9441e-05,0.00023755,0.00043935,0.00070684,0.0010408,0.0014409,0.0019059,0.0024342,0.0030234,0.0036711,0.0043746,0.0051313,0.0059388,0.0067947,0.0076967,0.0086431,0.0096321,0.010662,0.011733,0.012843,0.013991,0.015178,0.016404,0.017668,0.018972,0.020315,0.021699,0.023125,0.024594,0.026107,0.027667,0.029274,0.030932,0.032641,0.034405,0.036226,0.038106,0.040049,0.042056,0.044133,0.046281,0.048505,0.050808,0.053195,0.055669,0.058237,0.060902,0.06367,0.066547,0.069539,0.072653,0.075896,0.079277,0.082803,0.086484,0.090331,0.094353,0.098564,0.10298,0.1076,0.11246,0.11757,0.12295,0.12861,0.13458,0.14089,0.14756,0.15461,0.16207,0.16998,0.17834,0.18717,0.19647,0.20623,0.21637,0.22679,0.23727,0.24749,0.25691,0.26473,0.26974,0.27022,0.26379,0.24738,0.21747,0.17181,0.11164,0.046247
3.5026e-05,0.0001407,0.0003182,0.00056856,0.00089226,0.0012891,0.001758,0.0022977,0.0029059,0.0035804,0.0043186,0.0051177,0.0059752,0.0068885,0.0078551,0.0088728,0.0099397,0.011054,0.012214,0.01342,0.014669,0.015962,0.017298,0.018677,0.0201,0.021566,0.023078,0.024635,0.026239,0.027891,0.029593,0.031347,0.033154,0.035017,0.036938,0.038919,0.040964,0.043075,0.045255,0.047507,0.049835,0.052242,0.054732,0.05731,0.059978,0.062743,0.065609,0.068581,0.071664,0.074865,0.07819,0.081645,0.085237,0.088975,0.092866,0.09692,0.10115,0.10555,0.11015,0.11496,0.11998,0.12522,0.13072,0.13647,0.14249,0.1488,0.15541,0.16234,0.1696,0.1772,0.18513,0.1934,0.20197,0.21081,0.21983,0.2289,0.23783,0.24632,0.25392,0.26001,0.26369,0.26373,0.25853,0.24602,0.22389,0.18997,0.14409,0.089089,0.034486
4.7167e-05,0.00017916,0.00039412,0.00069083,0.0010681,0.0015247,0.0020587,0.0026683,0.0033511,0.0041045,0.0049258,0.0058122,0.0067611,0.0077699,0.008836,0.0099574,0.011132,0.012358,0.013634,0.014959,0.016332,0.017752,0.01922,0.020735,0.022297,0.023908,0.025568,0.027277,0.029038,0.030851,0.032719,0.034643,0.036626,0.038669,0.040776,0.042948,0.045188,0.0475,0.049886,0.052351,0.054896,0.057527,0.060247,0.06306,0.065971,0.068983,0.072103,0.075334,0.078683,0.082155,0.085756,0.089492,0.09337,0.097398,0.10158,0.10593,0.11045,0.11515,0.12005,0.12514,0.13044,0.13595,0.1417,0.14768,0.15391,0.16038,0.16712,0.17411,0.18135,0.18884,0.19655,0.20444,0.21247,0.22054,0.22852,0.23623,0.24342,0.24972,0.25463,0.25748,0.25737,0.25316,0.24342,0.22652,0.20078,0.16548,0.1213,0.071928,0.026252
5.7997e-05,0.00021411,0.0004638,0.0008037,0.0012311,0.0017433,0.0023379,0.0030123,0.0037637,0.0045893,0.0054863,0.0064518,0.007483,0.0085774,0.0097324,0.010946,0.012216,0.01354,0.014918,0.016349,0.01783,0.019363,0.020946,0.022579,0.024264,0.026001,0.02779,0.029632,0.03153,0.033483,0.035496,0.037568,0.039703,0.041902,0.044169,0.046505,0.048914,0.051399,0.053963,0.05661,0.059342,0.062163,0.065078,0.068091,0.071205,0.074425,0.077757,0.081203,0.084771,0.088465,0.09229,0.096252,0.10036,0.10461,0.10902,0.1136,0.11834,0.12325,0.12835,0.13364,0.13912,0.1448,0.15068,0.15677,0.16307,0.16957,0.17627,0.18316,0.19021,0.19741,0.20471,0.21204,0.21932,0.22643,0.23321,0.23943,0.24479,0.24891,0.25126,0.25117,0.2478,0.24013,0.22697,0.20711,0.17955,0.14433,0.10277,0.058812,0.020401
6.7477e-05,0.00024524,0.00052643,0.00090578,0.001379,0.0019423,0.0025924,0.0033259,0.0041398,0.0050308,0.0059959,0.0070322,0.0081369,0.0093073,0.010541,0.011836,0.013189,0.0146,0.016067,0.017589,0.019165,0.020795,0.022478,0.024214,0.026005,0.02785,0.02975,0.031707,0.033722,0.035797,0.037933,0.040133,0.042398,0.044731,0.047134,0.049611,0.052164,0.054796,0.05751,0.06031,0.063198,0.06618,0.069258,0.072436,0.075719,0.07911,0.082614,0.086236,0.089979,0.093849,0.097851,0.10199,0.10627,0.1107,0.11527,0.12001,0.1249,0.12996,0.13519,0.14059,0.14616,0.15191,0.15784,0.16393,0.17019,0.17659,0.18314,0.1898,0.19654,0.20332,0.21007,0.21671,0.22313,0.22919,0.23469,0.2394,0.24299,0.24505,0.24508,0.24243,0.23637,0.226,0.21039,0.18866,0.16051,0.12631,0.087738,0.048711,0.016176
7.5642e-05,0.00027248,0.00058172,0.00099642,0.0015109,0.0021203,0.0028203,0.003607,0.0044768,0.0054263,0.0064521,0.0075511,0.0087206,0.0099577,0.01126,0.012625,0.014052,0.015537,0.017081,0.018682,0.020339,0.022052,0.02382,0.025645,0.027525,0.029463,0.031458,0.033512,0.035627,0.037804,0.040045,0.042351,0.044726,0.047172,0.04969,0.052285,0.054957,0.057712,0.060551,0.063478,0.066496,0.069609,0.07282,0.076133,0.079552,0.08308,0.086722,0.090481,0.094361,0.098367,0.1025,0.10677,0.11118,0.11573,0.12042,0.12526,0.13024,0.13538,0.14068,0.14612,0.15172,0.15746,0.16334,0.16936,0.17549,0.18171,0.18801,0.19435,0.20068,0.20695,0.21307,0.21895,0.22446,0.22943,0.23367,0.23692,0.23884,0.23904,0.23705,0.23226,0.22404,0.21165,0.1944,0.17173,0.14373,0.11103,0.075505,0.040853,0.013072
8.2561e-05,0.00029591,0.00062968,0.0010755,0.0016264,0.0022765,0.0030207,0.0038545,0.0047737,0.0057746,0.0068536,0.0080074,0.0092332,0.010528,0.011889,0.013315,0.014804,0.016353,0.017962,0.01963,0.021355,0.023138,0.024978,0.026876,0.028832,0.030847,0.032922,0.035057,0.037255,0.039517,0.041844,0.04424,0.046706,0.049244,0.051857,0.054548,0.057319,0.060173,0.063114,0.066144,0.069266,0.072484,0.075801,0.079221,0.082746,0.086381,0.090128,0.093991,0.097973,0.10208,0.10631,0.11067,0.11516,0.11978,0.12454,0.12944,0.13447,0.13964,0.14494,0.15037,0.15593,0.1616,0.16738,0.17325,0.17918,0.18516,0.19115,0.1971,0.20296,0.20866,0.21411,0.2192,0.22379,0.2277,0.23073,0.23261,0.23303,0.2316,0.22788,0.22135,0.21146,0.19762,0.17931,0.15639,0.12903,0.098093,0.065498,0.03467,0.010752
8.8324e-05,0.0003157,0.0006705,0.0011431,0.0017256,0.002411,0.0031937,0.0040683,0.0050303,0.0060756,0.0072004,0.0084012,0.009675,0.011019,0.01243,0.013907,0.015448,0.01705,0.018713,0.020436,0.022218,0.024059,0.025958,0.027917,0.029934,0.032012,0.034151,0.036353,0.038618,0.040949,0.043347,0.045814,0.048353,0.050966,0.053655,0.056423,0.059273,0.062206,0.065227,0.068338,0.071541,0.074841,0.078239,0.08174,0.085345,0.089058,0.092882,0.096819,0.10087,0.10505,0.10934,0.11375,0.11829,0.12295,0.12774,0.13265,0.13769,0.14284,0.1481,0.15347,0.15894,0.1645,0.17012,0.17579,0.18148,0.18717,0.19279,0.19832,0.20368,0.20879,0.21355,0.21785,0.22154,0.22445,0.22635,0.227,0.22608,0.22325,0.2181,0.21018,0.19904,0.18422,0.16539,0.14261,0.1162,0.08711,0.057254,0.029747,0.0089844
9.3025e-05,0.00033208,0.00070452,0.0011998,0.0018089,0.0025244,0.0033397,0.004249,0.0052473,0.0063301,0.0074934,0.0087335,0.010047,0.011432,0.012885,0.014403,0.015986,0.017632,0.019339,0.021107,0.022934,0.024821,0.026767,0.028774,0.03084,0.032968,0.035158,0.037412,0.03973,0.042115,0.044568,0.047092,0.049688,0.052359,0.055106,0.057934,0.060843,0.063837,0.066918,0.07009,0.073354,0.076713,0.080171,0.08373,0.087391,0.091159,0.095034,0.09902,0.10312,0.10733,0.11165,0.11609,0.12065,0.12532,0.1301,0.13499,0.13999,0.14509,0.15028,0.15555,0.1609,0.16629,0.17172,0.17716,0.18258,0.18793,0.19317,0.19825,0.20309,0.20761,0.2117,0.21524,0.21808,0.22004,0.22092,0.22046,0.21839,0.21438,0.20807,0.19908,0.18702,0.17157,0.15263,0.13029,0.10499,0.077752,0.050411,0.025778,0.0076147
9.6761e-05,0.00034527,0.00073213,0.001246,0.0018772,0.0026175,0.0034597,0.0043976,0.0054257,0.0065393,0.007734,0.009006,0.010352,0.011769,0.013255,0.014807,0.016423,0.018103,0.019844,0.021646,0.023508,0.025431,0.027413,0.029456,0.03156,0.033725,0.035954,0.038246,0.040604,0.04303,0.045524,0.048089,0.050727,0.053441,0.056232,0.059102,0.062055,0.065092,0.068217,0.071431,0.074737,0.078138,0.081635,0.085231,0.088928,0.092728,0.096633,0.10064,0.10476,0.10899,0.11332,0.11776,0.1223,0.12695,0.1317,0.13655,0.14148,0.1465,0.15159,0.15673,0.16192,0.16713,0.17235,0.17753,0.18264,0.18765,0.19249,0.19712,0.20144,0.20537,0.20881,0.21163,0.21368,0.21479,0.21475,0.21333,0.21027,0.20528,0.19805,0.18825,0.17559,0.15983,0.14101,0.11929,0.095185,0.06974,0.044683,0.022541,0.0065346
9.9623e-05,0.00035553,0.00075378,0.0012824,0.0019311,0.0026912,0.0035548,0.0045154,0.0055671,0.0067049,0.0079242,0.0092211,0.010592,0.012034,0.013545,0.015122,0.016763,0.018467,0.020233,0.02206,0.023948,0.025895,0.027903,0.029972,0.032102,0.034294,0.036549,0.038869,0.041255,0.043708,0.04623,0.048824,0.051491,0.054233,0.057053,0.059952,0.062933,0.065999,0.06915,0.072391,0.075723,0.079147,0.082667,0.086283,0.089997,0.093811,0.097726,0.10174,0.10586,0.11008,0.1144,0.11881,0.12333,0.12794,0.13263,0.1374,0.14225,0.14717,0.15213,0.15713,0.16214,0.16715,0.17213,0.17703,0.18184,0.18649,0.19094,0.19511,0.19893,0.2023,0.20513,0.20728,0.2086,0.20894,0.20809,0.20584,0.20195,0.19617,0.18821,0.17782,0.16477,0.14896,0.13045,0.10947,0.08659,0.062844,0.039851,0.01987,0.0056692
0.0001017,0.00036311,0.0007699,0.0013097,0.0019717,0.0027466,0.0036264,0.0046041,0.0056734,0.0068291,0.0080664,0.0093813,0.01077,0.01223,0.013758,0.015352,0.01701,0.01873,0.020513,0.022356,0.024259,0.026223,0.028247,0.030332,0.032477,0.034686,0.036957,0.039293,0.041695,0.044164,0.046703,0.049313,0.051997,0.054755,0.05759,0.060505,0.063501,0.066581,0.069747,0.073,0.076342,0.079776,0.083302,0.086922,0.090638,0.09445,0.098358,0.10236,0.10646,0.11066,0.11495,0.11933,0.12379,0.12834,0.13296,0.13765,0.14239,0.14718,0.152,0.15684,0.16166,0.16646,0.17119,0.17582,0.18031,0.18461,0.18866,0.19239,0.19573,0.19858,0.20083,0.20236,0.20303,0.20268,0.20113,0.19818,0.1936,0.18718,0.17868,0.16789,0.15464,0.13894,0.12086,0.10069,0.079027,0.056876,0.035741,0.017642,0.0049653
0.00010307,0.00036825,0.00078095,0.0013285,0.0019997,0.002785,0.003676,0.0046653,0.0057466,0.0069141,0.0081632,0.0094895,0.010889,0.01236,0.013898,0.015501,0.017168,0.018898,0.020688,0.022539,0.02445,0.026421,0.028452,0.030543,0.032696,0.03491,0.037188,0.03953,0.041938,0.044414,0.046958,0.049574,0.052262,0.055025,0.057865,0.060784,0.063783,0.066865,0.070032,0.073284,0.076625,0.080054,0.083575,0.087186,0.09089,0.094686,0.098574,0.10255,0.10662,0.11078,0.11502,0.11935,0.12375,0.12822,0.13276,0.13734,0.14197,0.14663,0.1513,0.15596,0.16059,0.16516,0.16964,0.174,0.17817,0.18213,0.1858,0.18911,0.192,0.19435,0.19608,0.19705,0.19714,0.19619,0.19403,0.19047,0.18534,0.17842,0.16952,0.15848,0.14521,0.12972,0.11216,0.092829,0.072349,0.051682,0.032218,0.015765,0.004385
0.00010381,0.00037117,0.00078736,0.0013395,0.0020162,0.0028076,0.003705,0.0047009,0.0057886,0.0069623,0.0082171,0.0095486,0.010953,0.012427,0.013969,0.015575,0.017244,0.018974,0.020766,0.022617,0.024527,0.026497,0.028527,0.030616,0.032767,0.034979,0.037254,0.039593,0.041998,0.04447,0.04701,0.049621,0.052305,0.055063,0.057897,0.060809,0.063801,0.066874,0.070031,0.073272,0.076599,0.080014,0.083517,0.087108,0.090788,0.094557,0.098413,0.10236,0.10638,0.11049,0.11468,0.11894,0.12327,0.12765,0.13209,0.13657,0.14108,0.14559,0.1501,0.15459,0.15902,0.16337,0.1676,0.17168,0.17555,0.17917,0.18248,0.1854,0.18786,0.18976,0.19101,0.19148,0.19104,0.18957,0.18689,0.18284,0.17725,0.16996,0.16079,0.14962,0.13643,0.12125,0.10425,0.085775,0.066431,0.047138,0.029179,0.014168,0.0039008
0.00010399,0.00037208,0.00078953,0.0013433,0.002022,0.0028155,0.0037149,0.0047125,0.0058015,0.006976,0.0082309,0.0095618,0.010965,0.012437,0.013975,0.015577,0.017241,0.018966,0.020751,0.022595,0.024498,0.026459,0.02848,0.03056,0.0327,0.034902,0.037166,0.039494,0.041886,0.044346,0.046874,0.049472,0.052141,0.054885,0.057704,0.0606,0.063574,0.06663,0.069767,0.072987,0.076292,0.079682,0.083158,0.086719,0.090366,0.094098,0.097913,0.10181,0.10579,0.10984,0.11396,0.11815,0.12239,0.12669,0.13102,0.13539,0.13976,0.14414,0.14848,0.15279,0.15702,0.16115,0.16514,0.16895,0.17253,0.17584,0.1788,0.18136,0.18342,0.18491,0.18572,0.18574,0.18485,0.18292,0.1798,0.17535,0.16941,0.16183,0.1525,0.1413,0.12827,0.11346,0.09706,0.07943,0.061166,0.043142,0.026537,0.012799,0.0034923
0.00010366,0.00037116,0.00078783,0.0013406,0.002018,0.0028098,0.0037071,0.0047019,0.0057874,0.0069576,0.0082073,0.0095319,0.010928,0.012391,0.01392,0.015512,0.017165,0.018878,0.02065,0.02248,0.024368,0.026314,0.028319,0.030382,0.032505,0.034689,0.036934,0.039243,0.041616,0.044055,0.046562,0.049139,0.051787,0.054507,0.057303,0.060175,0.063124,0.066153,0.069263,0.072454,0.075728,0.079085,0.082526,0.086049,0.089655,0.093343,0.09711,0.10095,0.10487,0.10886,0.11291,0.11702,0.12118,0.12538,0.1296,0.13385,0.13809,0.14232,0.14651,0.15064,0.15467,0.15859,0.16234,0.1659,0.1692,0.17221,0.17485,0.17707,0.17877,0.17988,0.1803,0.17992,0.17864,0.17632,0.17283,0.16805,0.16184,0.15407,0.14463,0.13351,0.1207,0.1063,0.090513,0.073708,0.056466,0.039612,0.024228,0.011615,0.0031443
0.00010288,0.00036861,0.00078262,0.0013319,0.002005,0.0027917,0.0036829,0.0046707,0.0057482,0.0069093,0.0081487,0.009462,0.010845,0.012295,0.013809,0.015385,0.017021,0.018716,0.020468,0.022278,0.024145,0.026069,0.028051,0.030091,0.03219,0.034348,0.036568,0.038851,0.041197,0.043609,0.046089,0.048637,0.051255,0.053946,0.056711,0.059551,0.062468,0.065464,0.068539,0.071694,0.07493,0.078247,0.081646,0.085125,0.088684,0.09232,0.096033,0.099818,0.10367,0.10759,0.11157,0.11559,0.11966,0.12376,0.12788,0.13201,0.13612,0.1402,0.14423,0.14819,0.15203,0.15574,0.15927,0.16259,0.16563,0.16836,0.17071,0.1726,0.17398,0.17475,0.17482,0.17409,0.17246,0.16981,0.16603,0.16098,0.15457,0.14668,0.13723,0.12622,0.11368,0.099715,0.084542,0.068535,0.052255,0.036477,0.022199,0.010585,0.0028453
0.0001017,0.00036456,0.00077421,0.0013178,0.0019838,0.0027621,0.0036437,0.0046205,0.0056857,0.0068332,0.0080577,0.0093547,0.01072,0.012151,0.013645,0.015199,0.016813,0.018484,0.020211,0.021995,0.023835,0.025731,0.027684,0.029694,0.031763,0.03389,0.036078,0.038328,0.040641,0.04302,0.045464,0.047977,0.05056,0.053215,0.055943,0.058745,0.061623,0.064579,0.067613,0.070726,0.073918,0.07719,0.080541,0.08397,0.087477,0.091058,0.094712,0.098435,0.10222,0.10607,0.10997,0.11391,0.11789,0.12189,0.1259,0.1299,0.13389,0.13783,0.14171,0.14549,0.14916,0.15267,0.15599,0.15908,0.16188,0.16435,0.16642,0.16803,0.16911,0.16957,0.16934,0.1683,0.16638,0.16345,0.15942,0.15417,0.14762,0.13966,0.13026,0.11941,0.10717,0.093651,0.079086,0.063846,0.048469,0.033684,0.020405,0.0096829,0.0025865
0.00010015,0.00035916,0.00076289,0.0012986,0.001955,0.002722,0.0035905,0.0045527,0.0056017,0.0067314,0.0079365,0.0092126,0.010556,0.011963,0.013432,0.014959,0.016545,0.018186,0.019883,0.021636,0.023443,0.025306,0.027224,0.029199,0.031231,0.033322,0.035472,0.037684,0.039958,0.042296,0.044701,0.047173,0.049714,0.052326,0.055011,0.05777,0.060604,0.063514,0.066502,0.069567,0.072711,0.075932,0.079232,0.082607,0.086057,0.08958,0.093172,0.096829,0.10055,0.10432,0.10814,0.112,0.11588,0.11978,0.12369,0.12758,0.13144,0.13525,0.13898,0.1426,0.1461,0.14943,0.15255,0.15542,0.158,0.16023,0.16205,0.1634,0.16421,0.1644,0.16389,0.16259,0.16042,0.15726,0.15303,0.14763,0.14098,0.13301,0.1237,0.11305,0.10112,0.088061,0.074094,0.059586,0.045055,0.031184,0.018812,0.0088885,0.0023609
9.8279e-05,0.00035254,0.0007489,0.0012749,0.0019193,0.0026721,0.0035245,0.0044687,0.0054977,0.0066057,0.0077873,0.0090382,0.010355,0.011733,0.013172,0.014668,0.016221,0.017828,0.01949,0.021206,0.022975,0.024799,0.026678,0.028612,0.030602,0.032651,0.034758,0.036925,0.039155,0.041449,0.043807,0.046233,0.048728,0.051293,0.053929,0.056639,0.059424,0.062284,0.065221,0.068235,0.071325,0.074493,0.077736,0.081055,0.084446,0.087907,0.091435,0.095026,0.098673,0.10237,0.10611,0.10988,0.11368,0.11749,0.12129,0.12507,0.12881,0.13249,0.13608,0.13955,0.14289,0.14604,0.14898,0.15166,0.15402,0.15604,0.15763,0.15875,0.15932,0.15927,0.15852,0.15699,0.1546,0.15126,0.14687,0.14137,0.13467,0.12672,0.11753,0.1071,0.09551,0.082903,0.069516,0.055707,0.041968,0.028938,0.017391,0.0081852,0.002163
9.6106e-05,0.00034478,0.00073246,0.0012469,0.0018771,0.0026132,0.0034466,0.0043696,0.0053752,0.0064578,0.0076121,0.0088337,0.010119,0.011465,0.012869,0.01433,0.015845,0.017413,0.019035,0.020709,0.022436,0.024216,0.02605,0.027939,0.029883,0.031883,0.033943,0.036062,0.038242,0.040485,0.042793,0.045168,0.047611,0.050124,0.052708,0.055365,0.058096,0.060902,0.063784,0.066742,0.069776,0.072886,0.076072,0.07933,0.08266,0.086059,0.089522,0.093044,0.096621,0.10024,0.10391,0.1076,0.11131,0.11502,0.11872,0.1224,0.12602,0.12958,0.13304,0.13638,0.13956,0.14255,0.14532,0.14782,0.15,0.15181,0.1532,0.1541,0.15446,0.1542,0.15324,0.15152,0.14895,0.14545,0.14095,0.13538,0.12866,0.12078,0.11173,0.10154,0.090293,0.078138,0.065313,0.052167,0.039167,0.026914,0.016119,0.0075597,0.0019886
9.3659e-05,0.00033599,0.00071376,0.001215,0.001829,0.0025461,0.0033577,0.0042564,0.0052355,0.0062892,0.0074125,0.0086011,0.0098515,0.011161,0.012526,0.013947,0.01542,0.016945,0.018522,0.020151,0.02183,0.023562,0.025347,0.027185,0.029078,0.031027,0.033033,0.035098,0.037225,0.039413,0.041666,0.043986,0.046372,0.048829,0.051356,0.053956,0.056629,0.059378,0.062201,0.065101,0.068076,0.071126,0.074251,0.077448,0.080715,0.08405,0.087447,0.090902,0.094409,0.097961,0.10155,0.10516,0.10878,0.11241,0.11602,0.11959,0.12311,0.12655,0.12989,0.1331,0.13614,0.13899,0.1416,0.14393,0.14594,0.14757,0.14878,0.14949,0.14966,0.14922,0.14808,0.1462,0.14348,0.13986,0.13528,0.12966,0.12296,0.11517,0.10628,0.096343,0.085441,0.07373,0.061447,0.048928,0.036621,0.025085,0.014976,0.0070011,0.0018341
9.0959e-05,0.00032624,0.00069297,0.0011795,0.0017753,0.0024711,0.0032586,0.0041302,0.0050797,0.0061013,0.0071902,0.0083422,0.009554,0.010823,0.012146,0.013522,0.014949,0.016427,0.017955,0.019534,0.021162,0.022841,0.024572,0.026356,0.028193,0.030085,0.032035,0.034042,0.03611,0.03824,0.040434,0.042693,0.04502,0.047416,0.049883,0.052422,0.055035,0.057722,0.060484,0.063322,0.066236,0.069224,0.072286,0.075421,0.078624,0.081894,0.085226,0.088615,0.092053,0.095534,0.099047,0.10258,0.10613,0.10967,0.11319,0.11667,0.12009,0.12343,0.12665,0.12974,0.13266,0.13537,0.13784,0.14002,0.14188,0.14335,0.14439,0.14494,0.14494,0.14434,0.14305,0.14103,0.13819,0.13448,0.12984,0.12421,0.11755,0.10987,0.10116,0.091481,0.080924,0.069647,0.057883,0.045959,0.034299,0.023426,0.013945,0.0065002,0.0016966
8.8023e-05,0.0003156,0.00067023,0.0011406,0.0017166,0.002389,0.0031498,0.0039918,0.0049088,0.0058953,0.0069466,0.0080587,0.0092284,0.010453,0.01173,0.013058,0.014435,0.015862,0.017338,0.018862,0.020435,0.022057,0.02373,0.025455,0.027233,0.029065,0.030953,0.032899,0.034904,0.036971,0.039102,0.041298,0.043561,0.045893,0.048295,0.05077,0.053319,0.055942,0.058641,0.061415,0.064265,0.067189,0.070188,0.073258,0.076398,0.079604,0.082871,0.086193,0.089565,0.092977,0.096421,0.099884,0.10336,0.10682,0.11026,0.11365,0.11698,0.12022,0.12334,0.12632,0.12913,0.13172,0.13406,0.13611,0.13782,0.13915,0.14005,0.14046,0.14032,0.13957,0.13816,0.13602,0.13309,0.12932,0.12464,0.11902,0.11243,0.10486,0.096346,0.086931,0.076716,0.06586,0.054595,0.043233,0.032177,0.021917,0.013013,0.0060494,0.0015737
8.4863e-05,0.00030412,0.00064566,0.0010985,0.0016529,0.0023,0.003032,0.003842,0.0047238,0.0056723,0.006683,0.0077521,0.0088763,0.010053,0.01128,0.012557,0.013881,0.015253,0.016672,0.018138,0.019652,0.021214,0.022825,0.024488,0.026202,0.027969,0.029792,0.031672,0.033612,0.035612,0.037676,0.039804,0.042,0.044265,0.0466,0.049008,0.051489,0.054046,0.056678,0.059386,0.06217,0.06503,0.067964,0.07097,0.074046,0.077187,0.08039,0.083649,0.086955,0.090302,0.093679,0.097075,0.10048,0.10387,0.10723,0.11054,0.11379,0.11694,0.11998,0.12286,0.12556,0.12805,0.13027,0.13221,0.1338,0.135,0.13577,0.13605,0.13579,0.13492,0.13341,0.13117,0.12817,0.12435,0.11967,0.11408,0.10756,0.10014,0.091818,0.082668,0.07279,0.062343,0.051554,0.040723,0.030233,0.020542,0.012166,0.0056423,0.0014634
8.1492e-05,0.00029183,0.00061935,0.0010535,0.0015848,0.0022047,0.0029057,0.0036813,0.0045255,0.0054334,0.0064006,0.0074235,0.0084992,0.0096252,0.0108,0.012021,0.013289,0.014602,0.015961,0.017365,0.018816,0.020314,0.02186,0.023456,0.025103,0.026802,0.028557,0.030367,0.032237,0.034167,0.03616,0.038218,0.040343,0.042537,0.044802,0.04714,0.049551,0.052039,0.054602,0.057242,0.059959,0.062752,0.065621,0.068562,0.071573,0.074652,0.077792,0.080988,0.084232,0.087517,0.090831,0.094163,0.097499,0.10082,0.10412,0.10736,0.11053,0.11361,0.11656,0.11936,0.12197,0.12436,0.12649,0.12832,0.1298,0.1309,0.13156,0.13173,0.13136,0.1304,0.1288,0.12649,0.12344,0.1196,0.11491,0.10937,0.10295,0.09567,0.087555,0.07867,0.069123,0.059072,0.048738,0.038409,0.028448,0.019284,0.011396,0.0052733,0.001364
7.7916e-05,0.00027879,0.00059139,0.0010056,0.0015122,0.0021033,0.0027714,0.0035103,0.0043145,0.0051792,0.0061002,0.0070743,0.0080984,0.0091706,0.010289,0.011452,0.01266,0.013911,0.015207,0.016546,0.01793,0.019361,0.020838,0.022364,0.02394,0.025568,0.027249,0.028987,0.030783,0.03264,0.034559,0.036542,0.038593,0.040714,0.042905,0.04517,0.047509,0.049925,0.052418,0.054988,0.057636,0.060361,0.063163,0.066039,0.068987,0.072002,0.075081,0.078216,0.081401,0.084626,0.087881,0.091154,0.094431,0.097695,0.10093,0.10411,0.10722,0.11022,0.11311,0.11583,0.11836,0.12067,0.12271,0.12445,0.12585,0.12685,0.12742,0.1275,0.12704,0.126,0.12433,0.12197,0.11889,0.11503,0.11037,0.10489,0.098575,0.091447,0.083538,0.074918,0.065695,0.056025,0.046124,0.03627,0.026805,0.018131,0.010692,0.0049379,0.0012742
7.4143e-05,0.00026501,0.00056185,0.00095495,0.0014356,0.001996,0.0026294,0.0033297,0.0040916,0.0049106,0.0057829,0.0067053,0.0076752,0.0086906,0.0097498,0.010852,0.011996,0.013183,0.014411,0.015682,0.016997,0.018356,0.019761,0.021214,0.022715,0.024268,0.025874,0.027535,0.029254,0.031034,0.032875,0.034782,0.036755,0.038799,0.040914,0.043103,0.045367,0.047708,0.050128,0.052627,0.055204,0.057861,0.060595,0.063406,0.066289,0.069243,0.072261,0.075337,0.078465,0.081634,0.084834,0.088053,0.091276,0.094486,0.097665,0.10079,0.10384,0.10679,0.10961,0.11227,0.11474,0.11697,0.11895,0.12061,0.12193,0.12286,0.12334,0.12335,0.12283,0.12173,0.12,0.11761,0.1145,0.11066,0.10603,0.10062,0.09442,0.08745,0.079751,0.071392,0.062484,0.053182,0.043695,0.034289,0.025289,0.017072,0.010048,0.0046318,0.0011926
7.0178e-05,0.00025053,0.00053079,0.0009017,0.001355,0.0018833,0.0024801,0.0031397,0.0038571,0.0046282,0.0054494,0.0063176,0.0072305,0.0081863,0.0091837,0.010222,0.0113,0.012418,0.013577,0.014776,0.016018,0.017303,0.018632,0.020008,0.021432,0.022906,0.024433,0.026014,0.027653,0.029352,0.031112,0.032938,0.034832,0.036795,0.03883,0.040941,0.043127,0.045392,0.047736,0.050161,0.052666,0.055253,0.057919,0.060663,0.063483,0.066375,0.069334,0.072353,0.075426,0.078542,0.081692,0.084861,0.088035,0.091198,0.094329,0.097409,0.10041,0.10331,0.10608,0.10869,0.1111,0.11328,0.11519,0.1168,0.11805,0.11892,0.11934,0.11929,0.11871,0.11756,0.1158,0.11339,0.11028,0.10645,0.10188,0.09655,0.090471,0.083664,0.076174,0.068073,0.059473,0.050525,0.041433,0.032451,0.023887,0.016095,0.0094565,0.0043515,0.0011181
6.6023e-05,0.00023536,0.00049824,0.00084592,0.0012706,0.0017652,0.0023237,0.0029408,0.0036117,0.0043327,0.0051003,0.0059119,0.0067654,0.007659,0.0085917,0.0095627,0.010572,0.011619,0.012705,0.01383,0.014995,0.016202,0.017453,0.018749,0.020092,0.021484,0.022928,0.024426,0.025981,0.027596,0.029273,0.031015,0.032824,0.034704,0.036657,0.038686,0.040792,0.042977,0.045244,0.047592,0.050024,0.052539,0.055136,0.057813,0.060569,0.0634,0.0663,0.069264,0.072284,0.075351,0.078453,0.081577,0.084708,0.087829,0.090921,0.09396,0.096924,0.099784,0.10251,0.10508,0.10745,0.10958,0.11145,0.11301,0.11422,0.11503,0.11541,0.11531,0.11469,0.11351,0.11173,0.10931,0.10621,0.10241,0.0979,0.092663,0.086712,0.080072,0.072791,0.064944,0.056642,0.048035,0.03932,0.03074,0.022587,0.015192,0.0089111,0.004094,0.0010499
6.1681e-05,0.00021951,0.00046427,0.0007877,0.0011824,0.001642,0.0021606,0.0027333,0.0033558,0.0040245,0.0047365,0.0054891,0.0062806,0.0071095,0.0079749,0.0088763,0.0098134,0.010787,0.011797,0.012844,0.01393,0.015057,0.016226,0.017438,0.018697,0.020004,0.021362,0.022774,0.024242,0.025769,0.027358,0.029013,0.030735,0.032529,0.034396,0.036339,0.038362,0.040465,0.042651,0.044922,0.047278,0.049719,0.052245,0.054856,0.057547,0.060317,0.063159,0.066069,0.069039,0.072058,0.075116,0.078199,0.081292,0.084378,0.087436,0.090443,0.093375,0.096206,0.098904,0.10144,0.10378,0.10588,0.10771,0.10924,0.11041,0.11119,0.11154,0.11141,0.11076,0.10956,0.10777,0.10535,0.10228,0.098527,0.094082,0.088945,0.083127,0.076657,0.069584,0.061988,0.053976,0.045698,0.037343,0.029144,0.021377,0.014355,0.0084065,0.0038562,0.00098706
5.7155e-05,0.000203,0.00042889,0.0007271,0.0010908,0.0015138,0.0019909,0.0025176,0.0030898,0.0037043,0.0043583,0.0050498,0.005777,0.0065388,0.0073344,0.0081635,0.0090261,0.0099227,0.010854,0.011821,0.012825,0.013868,0.014952,0.016078,0.017249,0.018468,0.019736,0.021058,0.022436,0.023872,0.025371,0.026934,0.028566,0.03027,0.032047,0.033903,0.035839,0.037857,0.03996,0.04215,0.044427,0.046793,0.049247,0.051788,0.054415,0.057123,0.059908,0.062765,0.065685,0.06866,0.071677,0.074723,0.077783,0.080839,0.083869,0.086851,0.089761,0.092569,0.095247,0.097762,0.10008,0.10216,0.10397,0.10547,0.10662,0.10738,0.10771,0.10757,0.10691,0.10571,0.10392,0.10152,0.098481,0.094782,0.090414,0.085383,0.079702,0.073403,0.066539,0.059188,0.051459,0.043498,0.035487,0.02765,0.020249,0.013575,0.0079379,0.0036357,0.0009288
5.2447e-05,0.00018585,0.00039216,0.0006642,0.00099561,0.0013808,0.001815,0.0022939,0.002814,0.0033724,0.0039666,0.0045948,0.0052555,0.0059478,0.0066712,0.0074256,0.0082111,0.0090284,0.0098783,0.010762,0.011681,0.012638,0.013633,0.01467,0.01575,0.016877,0.018053,0.019281,0.020565,0.021907,0.023311,0.02478,0.026318,0.027928,0.029613,0.031377,0.033222,0.035152,0.037169,0.039275,0.041472,0.04376,0.046139,0.04861,0.05117,0.053816,0.056544,0.059348,0.06222,0.065152,0.068131,0.071144,0.074174,0.077205,0.080214,0.083178,0.086072,0.088868,0.091534,0.094038,0.096345,0.098419,0.10022,0.10171,0.10286,0.10361,0.10393,0.10378,0.10313,0.10193,0.10016,0.097791,0.094796,0.091161,0.086879,0.08196,0.076421,0.070295,0.063638,0.056529,0.049076,0.04142,0.033739,0.026247,0.019191,0.012847,0.0075005,0.0034302,0.00087443
4.7558e-05,0.00016807,0.0003541,0.00059906,0.00089713,0.0012432,0.001633,0.0020626,0.0025289,0.0030293,0.0035617,0.0041246,0.0047167,0.0053374,0.0059863,0.0066635,0.0073695,0.0081049,0.0088708,0.0096687,0.0105,0.011367,0.012271,0.013215,0.014202,0.015234,0.016314,0.017445,0.018631,0.019875,0.021181,0.022552,0.023992,0.025504,0.027093,0.028761,0.030513,0.032351,0.034278,0.036297,0.038409,0.040617,0.042919,0.045317,0.047809,0.050392,0.053062,0.055813,0.058638,0.061528,0.06447,0.067452,0.070458,0.073467,0.076461,0.079413,0.082299,0.08509,0.087754,0.090257,0.092566,0.094641,0.096446,0.097941,0.099087,0.099843,0.10017,0.10003,0.099393,0.098219,0.096479,0.094149,0.09121,0.087649,0.083462,0.078662,0.073268,0.067317,0.060866,0.053995,0.04681,0.039451,0.032087,0.024923,0.018196,0.012162,0.0070904,0.0032375,0.00082329
4.249e-05,0.00014966,0.00031474,0.00053174,0.00079542,0.0011012,0.0014452,0.001824,0.0022349,0.0026756,0.0031444,0.00364,0.0041614,0.0047083,0.0052806,0.0058784,0.0065024,0.0071535,0.0078329,0.0085421,0.0092829,0.010057,0.010867,0.011716,0.012605,0.013539,0.01452,0.015551,0.016636,0.017778,0.018982,0.020251,0.021589,0.023,0.024488,0.026057,0.027711,0.029453,0.031286,0.033214,0.035239,0.037362,0.039585,0.041907,0.044328,0.046846,0.049456,0.052154,0.054931,0.05778,0.060687,0.063641,0.066623,0.069617,0.072599,0.075546,0.07843,0.081223,0.083893,0.086406,0.088725,0.090813,0.092632,0.094142,0.095304,0.096078,0.096426,0.096311,0.095698,0.094556,0.092858,0.090581,0.087707,0.084229,0.080145,0.07547,0.070225,0.064452,0.058206,0.05157,0.044648,0.037576,0.030518,0.02367,0.017255,0.011516,0.0067033,0.0030555,0.00077476
3.7247e-05,0.00013065,0.00027413,0.00046234,0.00069059,0.00095487,0.0012517,0.0015783,0.0019323,0.0023117,0.0027151,0.0031416,0.0035905,0.0040617,0.0045551,0.0050713,0.0056111,0.0061756,0.0067659,0.007384,0.0080315,0.0087106,0.0094238,0.010174,0.010963,0.011795,0.012673,0.0136,0.01458,0.015617,0.016715,0.017878,0.01911,0.020415,0.021798,0.023263,0.024815,0.026456,0.028192,0.030024,0.031957,0.033992,0.036131,0.038375,0.040723,0.043172,0.045721,0.048363,0.051092,0.053899,0.056772,0.059698,0.062661,0.06564,0.068615,0.071561,0.074451,0.077253,0.079937,0.082467,0.084807,0.086919,0.088763,0.0903,0.09149,0.092294,0.092674,0.092595,0.092022,0.090926,0.089281,0.087066,0.084269,0.080882,0.07691,0.072366,0.067276,0.061682,0.055643,0.049239,0.042575,0.035783,0.02902,0.022476,0.01636,0.010902,0.0063356,0.0028823,0.00072823
3.1832e-05,0.00011106,0.00023232,0.00039091,0.00058278,0.00080446,0.001053,0.001326,0.0016216,0.0019381,0.0022746,0.0026303,0.0030048,0.0033983,0.003811,0.0042436,0.004697,0.0051724,0.0056715,0.0061958,0.0067475,0.0073287,0.0079421,0.0085903,0.0092764,0.010003,0.010775,0.011595,0.012466,0.013394,0.014382,0.015434,0.016556,0.017751,0.019024,0.020381,0.021825,0.023361,0.024994,0.026726,0.028563,0.030505,0.032556,0.034717,0.036987,0.039365,0.041849,0.044433,0.047112,0.049876,0.052714,0.055613,0.058557,0.061525,0.064496,0.067445,0.070344,0.073163,0.075868,0.078424,0.080793,0.082938,0.084818,0.086393,0.087624,0.088471,0.088896,0.088865,0.088344,0.087306,0.085727,0.083587,0.080876,0.07759,0.073737,0.069331,0.064401,0.05899,0.053158,0.046986,0.040576,0.034057,0.027583,0.021331,0.015503,0.010314,0.0059836,0.0027159,0.00068313
2.6247e-05,9.0899e-05,0.00018934,0.00031756,0.00047214,0.00065018,0.00084927,0.0010675,0.0013032,0.0015555,0.0018234,0.0021067,0.0024052,0.0027192,0.0030493,0.0033963,0.0037613,0.0041456,0.004551,0.0049793,0.0054326,0.0059133,0.0064241,0.0069677,0.0075473,0.0081662,0.008828,0.0095365,0.010296,0.01111,0.011983,0.012921,0.013927,0.015008,0.016167,0.01741,0.018741,0.020167,0.021691,0.023318,0.025052,0.026897,0.028855,0.030927,0.033115,0.035417,0.037832,0.040355,0.04298,0.045699,0.048501,0.051373,0.054297,0.057255,0.060224,0.06318,0.066093,0.068933,0.071665,0.074254,0.076662,0.078849,0.080776,0.0824,0.083683,0.084585,0.085068,0.085098,0.084644,0.083676,0.082175,0.080122,0.077508,0.074334,0.070608,0.066347,0.061582,0.056358,0.050735,0.044794,0.038637,0.032387,0.026193,0.020226,0.014677,0.0097479,0.0056436,0.0025547,0.00063888
2.05e-05,7.0193e-05,0.00014525,0.00024238,0.00035881,0.00049224,0.00064079,0.00080299,0.00097776,0.0011644,0.0013624,0.0015718,0.0017927,0.0020256,0.0022714,0.0025309,0.0028055,0.0030968,0.0034064,0.0037363,0.0040889,0.0044665,0.0048719,0.005308,0.005778,0.0062855,0.0068341,0.0074277,0.0080705,0.0087671,0.009522,0.01034,0.011227,0.012187,0.013226,0.01435,0.015564,0.016873,0.018283,0.019798,0.021424,0.023165,0.025023,0.027001,0.029101,0.031322,0.033663,0.03612,0.038688,0.041358,0.044121,0.046962,0.049867,0.052814,0.055783,0.058746,0.061676,0.064541,0.067307,0.069936,0.07239,0.074629,0.076611,0.078296,0.079643,0.080612,0.081166,0.08127,0.080894,0.08001,0.078599,0.076645,0.074142,0.071089,0.067499,0.063391,0.058799,0.053766,0.048355,0.042647,0.036741,0.030757,0.024839,0.019151,0.013873,0.0091967,0.0053122,0.0023967,0.0005949
1.4595e-05,4.8972e-05,0.00010012,0.00016549,0.00024299,0.00033092,0.00042794,0.00053309,0.00064571,0.00076547,0.0008923,0.0010264,0.0011683,0.0013187,0.0014785,0.0016489,0.0018314,0.0020276,0.0022394,0.0024689,0.0027183,0.0029903,0.0032877,0.0036135,0.003971,0.0043638,0.0047956,0.0052706,0.0057932,0.0063679,0.0069996,0.0076936,0.0084552,0.0092901,0.010204,0.011203,0.012292,0.013479,0.014768,0.016165,0.017676,0.019306,0.021058,0.022935,0.02494,0.027073,0.029334,0.031719,0.034224,0.03684,0.039559,0.042367,0.045249,0.048184,0.051151,0.054124,0.057073,0.059966,0.062769,0.065443,0.06795,0.070248,0.072296,0.074052,0.075474,0.076522,0.077159,0.077351,0.077066,0.07628,0.074973,0.073132,0.07075,0.06783,0.064387,0.060442,0.056029,0.051194,0.046,0.040527,0.034872,0.029154,0.02351,0.018096,0.013085,0.0086552,0.0049857,0.0022401,0.00055063
8.5391e-06,2.7267e-05,5.402e-05,8.7027e-05,0.00012488,0.00016649,0.00021111,0.00025825,0.00030772,0.00035955,0.00041404,0.0004717,0.00053327,0.00059969,0.00067213,0.00075194,0.00084067,0.0009401,0.0010522,0.0011792,0.0013234,0.0014875,0.0016743,0.001887,0.002129,0.0024039,0.0027155,0.0030682,0.0034664,0.0039149,0.0044189,0.0049838,0.0056152,0.006319,0.0071014,0.0079688,0.0089277,0.0099846,0.011146,0.012418,0.013806,0.015317,0.016954,0.018723,0.020625,0.022663,0.024836,0.027141,0.029576,0.032133,0.034802,0.037572,0.040426,0.043346,0.046309,0.049289,0.052257,0.055181,0.058024,0.060748,0.063314,0.065679,0.0678,0.069636,0.071144,0.072284,0.073017,0.073309,0.073131,0.072456,0.071267,0.069551,0.067304,0.06453,0.061246,0.057473,0.053249,0.04862,0.043649,0.038415,0.033015,0.027563,0.022192,0.017051,0.012303,0.0081176,0.0046605,0.002083,0.00050545
2.3432e-06,5.1185e-06,7.0436e-06,7.1387e-06,4.7048e-06,-6.9622e-07,-9.2601e-06,-2.0956e-05,-3.5542e-05,-5.2575e-05,-7.1422e-05,-9.1268e-05,-0.00011112,-0.00012981,-0.00014601,-0.0001582,-0.00016469,-0.00016361,-0.0001529,-0.00013031,-9.3382e-05,-3.942e-05,3.449e-05,0.00013151,0.00025508,0.0004089,0.00059697,0.00082361,0.0010934,0.0014115,0.001783,0.0022136,0.0027093,0.0032763,0.0039212,0.0046506,0.0054717,0.0063916,0.0074172,0.0085555,0.009813,0.011196,0.012711,0.014361,0.016152,0.018085,0.02016,0.022378,0.024734,0.027223,0.029835,0.03256,0.035381,0.03828,0.041235,0.04422,0.047206,0.050159,0.053043,0.05582,0.058449,0.060887,0.06309,0.065015,0.06662,0.067862,0.068704,0.069111,0.069052,0.068504,0.067447,0.065871,0.063773,0.06116,0.058047,0.054459,0.050434,0.04602,0.04128,0.036292,0.031151,0.025969,0.020872,0.016005,0.011521,0.0075782,0.0043328,0.0019235,0.00045877
-3.9754e-06,-1.7419e-05,-4.0704e-05,-7.3996e-05,-0.00011726,-0.00017029,-0.00023269,-0.00030393,-0.0003833,-0.00046998,-0.00056299,-0.00066122,-0.00076343,-0.00086824,-0.00097415,-0.0010795,-0.0011825,-0.0012811,-0.0013733,-0.0014568,-0.001529,-0.0015872,-0.0016285,-0.0016497,-0.0016473,-0.0016175,-0.0015563,-0.0014594,-0.0013219,-0.0011388,-0.00090455,-0.00061338,-0.00025903,0.0001651,0.00066589,0.0012505,0.0019264,0.0027014,0.003583,0.0045788,0.0056962,0.0069424,0.0083241,0.0098467,0.011515,0.013332,0.015301,0.01742,0.019687,0.022098,0.024643,0.027313,0.030093,0.032965,0.035906,0.03889,0.04189,0.04487,0.047796,0.050627,0.053322,0.055837,0.058129,0.060152,0.061862,0.063219,0.064182,0.064717,0.064793,0.064386,0.063477,0.062057,0.060124,0.057686,0.054759,0.05137,0.047557,0.043369,0.03887,0.034137,0.029263,0.024355,0.019538,0.014947,0.010728,0.0070309,0.0039989,0.0017597,0.00040995
-1.0397e-05,-4.0289e-05,-8.9109e-05,-0.00015618,-0.00024073,-0.00034188,-0.00045864,-0.00058997,-0.00073472,-0.00089166,-0.0010595,-0.0012368,-0.0014221,-0.0016138,-0.0018103,-0.0020097,-0.0022103,-0.0024098,-0.0026063,-0.0027972,-0.0029802,-0.0031524,-0.003311,-0.0034527,-0.003574,-0.0036712,-0.0037402,-0.0037765,-0.0037753,-0.0037315,-0.0036393,-0.0034928,-0.0032856,-0.0030106,-0.0026607,-0.0022281,-0.0017051,-0.0010835,-0.00035499,0.00048891,0.0014562,0.002555,0.0037928,0.0051761,0.0067105,0.0084007,0.01025,0.012258,0.014424,0.016745,0.019212,0.021817,0.024545,0.027379,0.030297,0.033275,0.036282,0.039286,0.04225,0.045134,0.047897,0.050493,0.052877,0.055005,0.056831,0.058313,0.05941,0.060087,0.060313,0.060063,0.059319,0.058072,0.056321,0.054074,0.051349,0.048174,0.044588,0.04064,0.036395,0.031927,0.027329,0.022705,0.018174,0.013866,0.0099174,0.0064693,0.0036547,0.0015894,0.00035832
-1.6906e-05,-6.3432e-05,-0.00013804,-0.00023921,-0.00036538,-0.000515,-0.00068652,-0.00087833,-0.0010889,-0.0013165,-0.0015595,-0.0018164,-0.0020853,-0.0023645,-0.0026522,-0.0029465,-0.0032453,-0.0035468,-0.0038485,-0.0041482,-0.0044433,-0.0047312,-0.0050089,-0.0052732,-0.0055207,-0.0057475,-0.0059497,-0.0061228,-0.0062618,-0.0063615,-0.0064162,-0.0064197,-0.0063652,-0.0062458,-0.0060537,-0.0057809,-0.0054191,-0.0049597,-0.0043936,-0.0037119,-0.0029053,-0.0019651,-0.00088345,0.00034792,0.0017356,0.0032851,0.0050008,0.0068842,0.0089354,0.011152,0.013528,0.016054,0.018717,0.021501,0.024386,0.027346,0.030353,0.033374,0.036371,0.039306,0.042134,0.044813,0.047294,0.049533,0.051482,0.053099,0.054343,0.055176,0.055567,0.05549,0.054929,0.053873,0.052323,0.050286,0.047781,0.044839,0.041496,0.037805,0.033828,0.02964,0.025331,0.021001,0.016766,0.012748,0.0090786,0.0058869,0.0032961,0.0014106,0.0003032
-2.3486e-05,-8.6784e-05,-0.00018737,-0.00032283,-0.00049084,-0.00068917,-0.00091564,-0.0011682,-0.0014447,-0.0017432,-0.0020617,-0.0023984,-0.0027511,-0.0031182,-0.0034974,-0.003887,-0.0042848,-0.0046887,-0.0050966,-0.005506,-0.0059144,-0.0063193,-0.0067177,-0.0071065,-0.0074822,-0.0078413,-0.0081795,-0.0084925,-0.0087754,-0.0090229,-0.0092291,-0.0093878,-0.0094921,-0.0095346,-0.0095074,-0.0094023,-0.0092103,-0.0089223,-0.0085287,-0.0080197,-0.0073855,-0.0066165,-0.0057037,-0.0046379,-0.0034112,-0.0020171,-0.00045041,0.0012926,0.0032127,0.0053091,0.0075767,0.010008,0.012591,0.015311,0.018148,0.021079,0.024074,0.027101,0.030124,0.033103,0.035995,0.038755,0.041335,0.043688,0.045768,0.04753,0.048931,0.049934,0.050506,0.050621,0.050261,0.049416,0.048085,0.046279,0.044016,0.041326,0.038247,0.034831,0.03114,0.027249,0.023244,0.019224,0.015298,0.011583,0.0082021,0.0052767,0.0029187,0.001221,0.00024386
-3.0117e-05,-0.00011027,-0.00023693,-0.00040678,-0.00061672,-0.00086381,-0.0011453,-0.0014585,-0.001801,-0.0021704,-0.0025644,-0.0029808,-0.0034175,-0.0038724,-0.0043434,-0.0048284,-0.0053254,-0.0058322,-0.0063467,-0.0068664,-0.0073891,-0.007912,-0.0084324,-0.0089472,-0.0094532,-0.0099466,-0.010424,-0.01088,-0.01131,-0.011709,-0.012071,-0.01239,-0.012659,-0.01287,-0.013015,-0.013085,-0.013072,-0.012965,-0.012754,-0.012429,-0.01198,-0.011395,-0.010665,-0.0097798,-0.00873,-0.0075077,-0.0061068,-0.004522,-0.0027507,-0.00079356,0.0013474,0.0036652,0.0061505,0.0087885,0.011561,0.014445,0.017414,0.020436,0.023474,0.026489,0.029438,0.032275,0.034953,0.037424,0.03964,0.041555,0.043125,0.044311,0.04508,0.045405,0.045266,0.044652,0.043564,0.042011,0.040012,0.037597,0.034805,0.031686,0.028303,0.024728,0.021046,0.017353,0.013752,0.010355,0.0072778,0.0046314,0.002518,0.0010182,0.00017951
-3.6776e-05,-0.00013381,-0.00028655,-0.00049077,-0.00074257,-0.0010383,-0.0013746,-0.0017484,-0.0021567,-0.0025967,-0.0030659,-0.0035618,-0.0040822,-0.0046247,-0.0051871,-0.0057675,-0.0063636,-0.0069734,-0.0075946,-0.008225,-0.0088624,-0.0095041,-0.010147,-0.01079,-0.011427,-0.012057,-0.012675,-0.013276,-0.013857,-0.014412,-0.014935,-0.015419,-0.015858,-0.016243,-0.016568,-0.016822,-0.016996,-0.01708,-0.017063,-0.016934,-0.016682,-0.016296,-0.015764,-0.015075,-0.014219,-0.013186,-0.01197,-0.010562,-0.0089605,-0.0071626,-0.0051697,-0.0029862,-0.00062109,0.0019141,0.0046019,0.0074212,0.010346,0.013345,0.016384,0.019423,0.02242,0.025328,0.028101,0.03069,0.033045,0.035119,0.036868,0.038252,0.039234,0.039787,0.03989,0.039531,0.038709,0.037434,0.035725,0.03361,0.031129,0.028333,0.025282,0.022047,0.018711,0.015366,0.012111,0.0090514,0.0062946,0.0039435,0.002089,0.00079979,0.00010933
-4.3439e-05,-0.00015732,-0.00033604,-0.00057447,-0.0008679,-0.001212,-0.0016028,-0.0020367,-0.0025103,-0.0030204,-0.0035643,-0.0041391,-0.0047425,-0.0053721,-0.0060256,-0.0067008,-0.0073956,-0.008108,-0.0088358,-0.0095769,-0.010329,-0.01109,-0.011857,-0.012627,-0.013397,-0.014165,-0.014926,-0.015675,-0.01641,-0.017123,-0.01781,-0.018464,-0.019079,-0.019645,-0.020156,-0.020602,-0.020972,-0.021257,-0.021445,-0.021525,-0.021484,-0.021311,-0.020992,-0.020517,-0.019873,-0.01905,-0.018038,-0.01683,-0.01542,-0.013804,-0.011982,-0.0099569,-0.0077354,-0.0053277,-0.0027487,-1.7773e-05,0.0028411,0.0057981,0.0088193,0.011867,0.014899,0.017869,0.02073,0.023434,0.025929,0.028168,0.030105,0.031698,0.032909,0.033709,0.034076,0.033995,0.033466,0.032496,0.031104,0.029319,0.027179,0.024733,0.022043,0.019176,0.016212,0.013241,0.010356,0.0076559,0.0052412,0.0032048,0.0016268,0.00056315,3.237e-05
-5.0076e-05,-0.00018069,-0.00038519,-0.00065753,-0.00099219,-0.0013842,-0.0018289,-0.0023222,-0.0028603,-0.0034398,-0.0040575,-0.0047104,-0.005396,-0.0061117,-0.0068553,-0.0076245,-0.0084173,-0.0092317,-0.010065,-0.010917,-0.011783,-0.012663,-0.013554,-0.014452,-0.015357,-0.016263,-0.017168,-0.018067,-0.018957,-0.019833,-0.020688,-0.021516,-0.022311,-0.023065,-0.023769,-0.024413,-0.024989,-0.025485,-0.02589,-0.02619,-0.026375,-0.02643,-0.026342,-0.026098,-0.025686,-0.025093,-0.024308,-0.023323,-0.022129,-0.02072,-0.019096,-0.017255,-0.015204,-0.01295,-0.010506,-0.0078903,-0.005124,-0.0022344,0.00074732,0.0037839,0.0068334,0.0098517,0.012792,0.015604,0.018237,0.020644,0.022776,0.024589,0.026045,0.027112,0.027764,0.027988,0.027778,0.027143,0.026099,0.024675,0.022908,0.020847,0.018548,0.016081,0.013521,0.010953,0.0084659,0.006153,0.0041053,0.002407,0.0011262,0.00030561,-5.2109e-05
-5.6656e-05,-0.00020382,-0.00043378,-0.00073957,-0.0011149,-0.001554,-0.0020518,-0.0026037,-0.0032053,-0.003853,-0.0045433,-0.0052731,-0.0060396,-0.0068403,-0.0076727,-0.0085347,-0.0094243,-0.010339,-0.011278,-0.012239,-0.013219,-0.014217,-0.015231,-0.016258,-0.017296,-0.018342,-0.019392,-0.020443,-0.02149,-0.02253,-0.023556,-0.024562,-0.025542,-0.026488,-0.027392,-0.028244,-0.029033,-0.02975,-0.030382,-0.030917,-0.03134,-0.031639,-0.031799,-0.031806,-0.031646,-0.031306,-0.030773,-0.030035,-0.029084,-0.027911,-0.026513,-0.024887,-0.023036,-0.020966,-0.018688,-0.016215,-0.013569,-0.010774,-0.00786,-0.0048614,-0.0018163,0.0012326,0.0042375,0.0071479,0.0099148,0.012489,0.01482,0.016863,0.018578,0.01993,0.020892,0.021445,0.021585,0.021316,0.020655,0.019628,0.01827,0.016628,0.014759,0.012727,0.010606,0.0084758,0.0064204,0.0045256,0.0028744,0.0015412,0.00058159,2.4352e-05,-0.00014339
-6.3147e-05,-0.00022659,-0.00048156,-0.00082018,-0.0012354,-0.0017207,-0.0022705,-0.0028797,-0.0035435,-0.004258,-0.0050194,-0.0058245,-0.0066704,-0.0075543,-0.0084739,-0.0094271,-0.010412,-0.011426,-0.012468,-0.013537,-0.01463,-0.015745,-0.016882,-0.018036,-0.019207,-0.020392,-0.021588,-0.022791,-0.023997,-0.025203,-0.026402,-0.027589,-0.028759,-0.029902,-0.031011,-0.032077,-0.033089,-0.034036,-0.034906,-0.035687,-0.036364,-0.036922,-0.037348,-0.037626,-0.03774,-0.037675,-0.037419,-0.036956,-0.036277,-0.035371,-0.034231,-0.032853,-0.031236,-0.029384,-0.027305,-0.02501,-0.022517,-0.019847,-0.017029,-0.014094,-0.01108,-0.0080262,-0.0049794,-0.001985,0.00090676,0.0036443,0.0061765,0.0084561,0.010442,0.012098,0.013392,0.014303,0.014824,0.014956,0.014713,0.014121,0.013212,0.012032,0.010633,0.0090775,0.0074355,0.0057823,0.0041965,0.0027561,0.0015351,0.00059852,-1.2316e-05,-0.00028061,-0.00024143
-6.9511e-05,-0.00024887,-0.00052827,-0.00089893,-0.001353,-0.0018834,-0.0024838,-0.0031488,-0.0038732,-0.0046527,-0.0054834,-0.0063619,-0.007285,-0.0082501,-0.0092549,-0.010297,-0.011375,-0.012486,-0.01363,-0.014805,-0.016008,-0.017239,-0.018496,-0.019778,-0.021081,-0.022404,-0.023745,-0.0251,-0.026465,-0.027838,-0.029212,-0.030583,-0.031945,-0.033289,-0.034609,-0.035895,-0.037137,-0.038324,-0.039443,-0.040482,-0.041426,-0.04226,-0.04297,-0.043538,-0.043948,-0.044184,-0.04423,-0.044072,-0.043695,-0.043088,-0.042241,-0.041146,-0.039802,-0.038206,-0.036364,-0.034286,-0.031983,-0.029476,-0.026788,-0.02395,-0.020994,-0.01796,-0.014891,-0.011833,-0.0088344,-0.0059467,-0.0032179,-0.00069562,0.0015734,0.0035491,0.0051975,0.0064938,0.0074274,0.0079965,0.0082126,0.0080971,0.0076816,0.0070072,0.0061244,0.0050917,0.0039744,0.0028432,0.0017705,0.00082623,7.4182e-05,-0.00043044,-0.00065564,-0.00060889,-0.0003472
-7.571e-05,-0.00027053,-0.00057363,-0.00097534,-0.001467,-0.002041,-0.0026905,-0.0034094,-0.0041924,-0.0050349,-0.0059326,-0.0068821,-0.0078801,-0.0089239,-0.010011,-0.01114,-0.012308,-0.013514,-0.014757,-0.016035,-0.017347,-0.018691,-0.020067,-0.021473,-0.022907,-0.024367,-0.025851,-0.027357,-0.028882,-0.030422,-0.031972,-0.033528,-0.035084,-0.036633,-0.038168,-0.039679,-0.041158,-0.042592,-0.04397,-0.045279,-0.046504,-0.04763,-0.04864,-0.049518,-0.050247,-0.050808,-0.051185,-0.051361,-0.051319,-0.051046,-0.050528,-0.049757,-0.048724,-0.047427,-0.045866,-0.044046,-0.041977,-0.039674,-0.037158,-0.034453,-0.031591,-0.028608,-0.025545,-0.022444,-0.019355,-0.016326,-0.013407,-0.010646,-0.0080917,-0.0057867,-0.0037651,-0.0020534,-0.00067219,0.00037207,0.0010882,0.0014948,0.0016201,0.0015018,0.0011863,0.00072791,0.00018698,-0.00037209,-0.0008837,-0.0012838,-0.0015167,-0.001545,-0.0013528,-0.00096534,-0.00046238
-8.1702e-05,-0.00029143,-0.00061735,-0.0010489,-0.0015768,-0.0021927,-0.0028892,-0.00366,-0.0044993,-0.0054021,-0.0063643,-0.007382,-0.008452,-0.0095716,-0.010738,-0.01195,-0.013206,-0.014504,-0.015842,-0.017221,-0.018638,-0.020093,-0.021584,-0.023111,-0.024673,-0.026268,-0.027894,-0.02955,-0.031232,-0.032938,-0.034664,-0.036406,-0.038158,-0.039913,-0.041666,-0.043407,-0.045128,-0.046817,-0.048463,-0.050052,-0.05157,-0.053002,-0.054331,-0.055539,-0.056609,-0.05752,-0.058256,-0.058796,-0.059123,-0.059219,-0.059071,-0.058663,-0.057986,-0.057033,-0.0558,-0.054287,-0.052499,-0.050448,-0.048149,-0.045623,-0.042897,-0.040003,-0.036978,-0.033864,-0.030706,-0.027552,-0.024452,-0.021455,-0.018611,-0.015962,-0.013549,-0.011401,-0.009542,-0.0079862,-0.0067272,-0.0057509,-0.0050333,-0.004541,-0.0042323,-0.0040581,-0.0039636,-0.0038913,-0.003783,-0.0035843,-0.0032514,-0.0027602,-0.002113,-0.0013547,-0.00058863
-8.7443e-05,-0.00031142,-0.00065912,-0.0011192,-0.0016816,-0.0023373,-0.0030787,-0.0038988,-0.0047916,-0.0057521,-0.0067756,-0.0078583,-0.008997,-0.010189,-0.011432,-0.012724,-0.014063,-0.015449,-0.016879,-0.018354,-0.019873,-0.021434,-0.023038,-0.024683,-0.02637,-0.028096,-0.029861,-0.031664,-0.033502,-0.035372,-0.037272,-0.039198,-0.041146,-0.043109,-0.045082,-0.047056,-0.049023,-0.050973,-0.052893,-0.054772,-0.056595,-0.058347,-0.06001,-0.061567,-0.062999,-0.064286,-0.065407,-0.066343,-0.067073,-0.067577,-0.067837,-0.067838,-0.067563,-0.067002,-0.066147,-0.064993,-0.06354,-0.061793,-0.059764,-0.057467,-0.054925,-0.052165,-0.04922,-0.046127,-0.04293,-0.039675,-0.036409,-0.033184,-0.030047,-0.027047,-0.024225,-0.021616,-0.019249,-0.017142,-0.015294,-0.013698,-0.012333,-0.011172,-0.010177,-0.0093075,-0.008514,-0.0077467,-0.0069568,-0.0061009,-0.0051483,-0.0040894,-0.0029451,-0.0017814,-0.0007274
-9.2889e-05,-0.00033034,-0.00069861,-0.0011856,-0.0017805,-0.0024738,-0.0032574,-0.0041241,-0.0050674,-0.0060821,-0.0071634,-0.0083076,-0.0095112,-0.010772,-0.012086,-0.013454,-0.014873,-0.016342,-0.01786,-0.019427,-0.021043,-0.022707,-0.024418,-0.026178,-0.027985,-0.029838,-0.031738,-0.033684,-0.035673,-0.037705,-0.039777,-0.041886,-0.044027,-0.046198,-0.04839,-0.050599,-0.052815,-0.055029,-0.057231,-0.059407,-0.061545,-0.063628,-0.065641,-0.067564,-0.069379,-0.071064,-0.072599,-0.073961,-0.075128,-0.076077,-0.076789,-0.077242,-0.077418,-0.077301,-0.076877,-0.076138,-0.075077,-0.073694,-0.071992,-0.069982,-0.06768,-0.065106,-0.062289,-0.059262,-0.056063,-0.052736,-0.049327,-0.045886,-0.042463,-0.039106,-0.03586,-0.032767,-0.02986,-0.027161,-0.024679,-0.022409,-0.020338,-0.018445,-0.0167,-0.015067,-0.013505,-0.011974,-0.010436,-0.008859,-0.0072269,-0.0055462,-0.0038575,-0.0022498,-0.00088003
-9.7991e-05,-0.00034803,-0.0007355,-0.0012475,-0.0018727,-0.0026011,-0.003424,-0.0043339,-0.0053243,-0.0063896,-0.0075249,-0.0087264,-0.0099907,-0.011315,-0.012697,-0.014136,-0.015629,-0.017177,-0.018778,-0.020433,-0.02214,-0.023901,-0.025715,-0.027583,-0.029505,-0.031481,-0.033511,-0.035594,-0.037731,-0.039919,-0.042159,-0.044446,-0.04678,-0.049154,-0.051566,-0.054008,-0.056474,-0.058955,-0.061441,-0.063921,-0.066381,-0.068806,-0.071181,-0.073486,-0.075702,-0.077809,-0.079782,-0.0816,-0.083238,-0.08467,-0.085875,-0.086826,-0.087502,-0.087882,-0.087947,-0.087683,-0.087076,-0.086119,-0.08481,-0.083151,-0.081151,-0.078824,-0.076192,-0.073282,-0.070128,-0.066768,-0.063247,-0.059612,-0.055913,-0.0522,-0.048522,-0.044923,-0.041444,-0.038115,-0.034949,-0.031952,-0.029115,-0.026424,-0.023858,-0.021387,-0.018983,-0.016614,-0.014254,-0.011886,-0.0095078,-0.0071451,-0.0048592,-0.0027643,-0.0010478
-0.0001027,-0.00036432,-0.00076943,-0.0013044,-0.0019574,-0.0027179,-0.0035769,-0.0045266,-0.0055601,-0.0066718,-0.0078568,-0.0091111,-0.010431,-0.011815,-0.013259,-0.014764,-0.016326,-0.017947,-0.019625,-0.021361,-0.023155,-0.025007,-0.026917,-0.028888,-0.030918,-0.03301,-0.035163,-0.037379,-0.039657,-0.041996,-0.044398,-0.046859,-0.049379,-0.051954,-0.05458,-0.057254,-0.059968,-0.062716,-0.065488,-0.068274,-0.071062,-0.073837,-0.076583,-0.079284,-0.081918,-0.084465,-0.086902,-0.089203,-0.091343,-0.093296,-0.095034,-0.096529,-0.097756,-0.098688,-0.099301,-0.099573,-0.099485,-0.099023,-0.098176,-0.096939,-0.095312,-0.093301,-0.09092,-0.088189,-0.085135,-0.081791,-0.078198,-0.0744,-0.070446,-0.066386,-0.062272,-0.058153,-0.054075,-0.050076,-0.046181,-0.0424,-0.038733,-0.035175,-0.031712,-0.028327,-0.024999,-0.021711,-0.018449,-0.015211,-0.012014,-0.0089018,-0.0059599,-0.0033296,-0.0012322
-0.00010696,-0.00037903,-0.00080004,-0.0013558,-0.0020337,-0.0028232,-0.0037146,-0.0047001,-0.0057725,-0.0069261,-0.008156,-0.009458,-0.010829,-0.012266,-0.013767,-0.015332,-0.016958,-0.018645,-0.020394,-0.022205,-0.024078,-0.026014,-0.028014,-0.03008,-0.032212,-0.034412,-0.036682,-0.039022,-0.041433,-0.043917,-0.046472,-0.0491,-0.0518,-0.054569,-0.057405,-0.060305,-0.063264,-0.066276,-0.069332,-0.072425,-0.075542,-0.078672,-0.081797,-0.084903,-0.087969,-0.090973,-0.093893,-0.096703,-0.099376,-0.10188,-0.10419,-0.10628,-0.10811,-0.10964,-0.11086,-0.11174,-0.11224,-0.11234,-0.11203,-0.11129,-0.11012,-0.1085,-0.10644,-0.10396,-0.10108,-0.097811,-0.094198,-0.09028,-0.086102,-0.081715,-0.077171,-0.072524,-0.067826,-0.063122,-0.058452,-0.053832,-0.049271,-0.044773,-0.040334,-0.035949,-0.031611,-0.027314,-0.023062,-0.018868,-0.01477,-0.010834,-0.0071704,-0.0039512,-0.0014347
-0.00011073,-0.000392,-0.00082696,-0.0014009,-0.0021008,-0.0029156,-0.0038356,-0.0048524,-0.0059591,-0.0071497,-0.0084192,-0.0097634,-0.011179,-0.012664,-0.014216,-0.015834,-0.017517,-0.019264,-0.021077,-0.022955,-0.0249,-0.026913,-0.028994,-0.031147,-0.033373,-0.035673,-0.03805,-0.040506,-0.043042,-0.04566,-0.048361,-0.051147,-0.054018,-0.056973,-0.06001,-0.063129,-0.066326,-0.069596,-0.072933,-0.076329,-0.079775,-0.083259,-0.086768,-0.090284,-0.093791,-0.097266,-0.10069,-0.10403,-0.10726,-0.11035,-0.11327,-0.11599,-0.11846,-0.12066,-0.12255,-0.12409,-0.12525,-0.12599,-0.1263,-0.12614,-0.1255,-0.12436,-0.12272,-0.12057,-0.11793,-0.11481,-0.11125,-0.10727,-0.10291,-0.098227,-0.093271,-0.088099,-0.082767,-0.077331,-0.071844,-0.066332,-0.060811,-0.055297,-0.0498,-0.044326,-0.038882,-0.03348,-0.02814,-0.022896,-0.017806,-0.012962,-0.0085034,-0.0046354,-0.0016575
-0.00011394,-0.00040303,-0.00084984,-0.0014391,-0.0021577,-0.002994,-0.0039382,-0.0049818,-0.0061177,-0.0073398,-0.0086432,-0.010024,-0.011478,-0.013004,-0.0146,-0.016265,-0.017997,-0.019797,-0.021666,-0.023604,-0.025612,-0.027693,-0.029848,-0.032078,-0.034388,-0.036778,-0.039253,-0.041814,-0.044464,-0.047207,-0.050043,-0.052976,-0.056007,-0.059136,-0.062365,-0.065693,-0.069118,-0.072637,-0.076246,-0.079939,-0.083709,-0.087544,-0.091434,-0.095364,-0.099315,-0.10327,-0.1072,-0.11109,-0.1149,-0.1186,-0.12217,-0.12555,-0.12872,-0.13163,-0.13424,-0.13652,-0.13841,-0.13987,-0.14088,-0.14139,-0.14137,-0.1408,-0.13967,-0.13795,-0.13565,-0.13277,-0.12933,-0.12535,-0.12088,-0.11595,-0.11062,-0.10494,-0.098969,-0.092782,-0.086445,-0.079989,-0.073444,-0.066839,-0.060196,-0.053538,-0.046888,-0.040275,-0.03374,-0.02734,-0.021157,-0.015311,-0.0099742,-0.0053898,-0.0019027
-0.00011655,-0.00041194,-0.00086829,-0.00147,-0.0022035,-0.0030571,-0.0040209,-0.0050862,-0.0062458,-0.0074937,-0.0088249,-0.010235,-0.011722,-0.013282,-0.014915,-0.016618,-0.018392,-0.020237,-0.022154,-0.024143,-0.026206,-0.028345,-0.030563,-0.032861,-0.035244,-0.037715,-0.040275,-0.04293,-0.045683,-0.048537,-0.051496,-0.054563,-0.05774,-0.061032,-0.064438,-0.067962,-0.071602,-0.075358,-0.079227,-0.083207,-0.08729,-0.091469,-0.095734,-0.10007,-0.10447,-0.1089,-0.11336,-0.1178,-0.12221,-0.12654,-0.13078,-0.13486,-0.13876,-0.14244,-0.14583,-0.14889,-0.15158,-0.15384,-0.15563,-0.1569,-0.15761,-0.15772,-0.15719,-0.156,-0.15415,-0.15161,-0.14839,-0.14452,-0.14001,-0.1349,-0.12924,-0.12308,-0.1165,-0.10956,-0.10234,-0.094897,-0.087268,-0.079496,-0.071619,-0.063677,-0.055712,-0.047774,-0.039926,-0.032252,-0.024862,-0.017909,-0.011601,-0.006224,-0.0021737
-0.0001185,-0.00041856,-0.00088194,-0.0014928,-0.0022373,-0.0031038,-0.0040821,-0.0051637,-0.0063412,-0.0076087,-0.0089612,-0.010395,-0.011906,-0.013494,-0.015155,-0.016889,-0.018697,-0.020578,-0.022533,-0.024563,-0.026671,-0.028859,-0.031129,-0.033485,-0.03593,-0.038468,-0.041102,-0.043838,-0.04668,-0.049631,-0.052698,-0.055884,-0.059193,-0.06263,-0.066199,-0.069902,-0.073741,-0.077718,-0.081832,-0.086082,-0.090464,-0.094974,-0.099603,-0.10434,-0.10917,-0.11409,-0.11906,-0.12406,-0.12907,-0.13405,-0.13897,-0.14379,-0.14846,-0.15293,-0.15715,-0.16107,-0.16462,-0.16776,-0.17042,-0.17254,-0.17407,-0.17495,-0.17515,-0.17462,-0.17332,-0.17124,-0.16837,-0.1647,-0.16025,-0.15505,-0.14914,-0.14258,-0.13542,-0.12774,-0.11962,-0.11115,-0.10238,-0.093375,-0.084177,-0.074849,-0.065454,-0.056067,-0.046777,-0.037698,-0.028974,-0.020794,-0.013407,-0.0071498,-0.0024741
-0.00011973,-0.00042269,-0.00089041,-0.0015069,-0.0022583,-0.0031329,-0.0041204,-0.0052124,-0.0064017,-0.0076822,-0.0090492,-0.010499,-0.012028,-0.013634,-0.015316,-0.017073,-0.018905,-0.020813,-0.022797,-0.024859,-0.027001,-0.029226,-0.031538,-0.033938,-0.036433,-0.039025,-0.041719,-0.044522,-0.047437,-0.050471,-0.053629,-0.056916,-0.06034,-0.063905,-0.067616,-0.071479,-0.075497,-0.079675,-0.084013,-0.088514,-0.093177,-0.097998,-0.10297,-0.10809,-0.11335,-0.11873,-0.1242,-0.12976,-0.13538,-0.14101,-0.14663,-0.15219,-0.15765,-0.16296,-0.16805,-0.17287,-0.17735,-0.18143,-0.18504,-0.18811,-0.19056,-0.19234,-0.19338,-0.19362,-0.19302,-0.19153,-0.18914,-0.18581,-0.18155,-0.17638,-0.17032,-0.16342,-0.15574,-0.14736,-0.13835,-0.12885,-0.11891,-0.1086,-0.097994,-0.087175,-0.07623,-0.06526,-0.054387,-0.043756,-0.033553,-0.024008,-0.015421,-0.0081824,-0.0028092
-0.00012018,-0.00042415,-0.00089335,-0.0015118,-0.0022656,-0.0031432,-0.0041344,-0.0052307,-0.0064252,-0.0077118,-0.0090859,-0.010544,-0.012082,-0.013699,-0.015393,-0.017164,-0.019011,-0.020935,-0.022938,-0.025021,-0.027187,-0.029438,-0.031778,-0.034211,-0.036741,-0.039374,-0.042113,-0.044966,-0.047939,-0.051037,-0.054268,-0.057639,-0.061157,-0.064828,-0.068661,-0.072661,-0.076835,-0.08119,-0.085728,-0.090455,-0.095372,-0.10048,-0.10578,-0.11126,-0.11691,-0.12273,-0.1287,-0.1348,-0.14101,-0.14728,-0.1536,-0.15992,-0.16618,-0.17234,-0.17833,-0.1841,-0.18956,-0.19465,-0.19929,-0.20339,-0.20687,-0.20965,-0.21166,-0.21282,-0.21305,-0.21231,-0.21054,-0.20771,-0.2038,-0.19879,-0.19272,-0.1856,-0.1775,-0.16847,-0.15863,-0.1481,-0.13696,-0.1253,-0.11321,-0.1008,-0.088177,-0.075482,-0.062868,-0.050524,-0.038677,-0.027611,-0.017681,-0.0093417,-0.0031857
-0.00011981,-0.00042277,-0.0008904,-0.0015068,-0.0022584,-0.0031336,-0.0041225,-0.0052169,-0.0064097,-0.0076952,-0.0090688,-0.010527,-0.012066,-0.013685,-0.015383,-0.017157,-0.01901,-0.020941,-0.022952,-0.025045,-0.027222,-0.029487,-0.031842,-0.034294,-0.036845,-0.039503,-0.042272,-0.045159,-0.04817,-0.051315,-0.054599,-0.058032,-0.061621,-0.065376,-0.069305,-0.073417,-0.07772,-0.082223,-0.086933,-0.091855,-0.096996,-0.10236,-0.10795,-0.11375,-0.11978,-0.12601,-0.13245,-0.13906,-0.14584,-0.15274,-0.15974,-0.1668,-0.17387,-0.18089,-0.18781,-0.19455,-0.20103,-0.20718,-0.21291,-0.21813,-0.22273,-0.22664,-0.22974,-0.23195,-0.23318,-0.23334,-0.23238,-0.23022,-0.22682,-0.22217,-0.21625,-0.20907,-0.20068,-0.19114,-0.18053,-0.169,-0.15666,-0.14361,-0.12998,-0.11588,-0.10146,-0.086886,-0.072364,-0.058123,-0.044445,-0.031675,-0.020234,-0.010653,-0.0036126
-0.00011856,-0.00041837,-0.00088122,-0.0014915,-0.002236,-0.0031032,-0.0040837,-0.0051694,-0.0063535,-0.0076304,-0.0089957,-0.010446,-0.011978,-0.01359,-0.015281,-0.01705,-0.018898,-0.020825,-0.022833,-0.024923,-0.0271,-0.029365,-0.031723,-0.034178,-0.036736,-0.039402,-0.042183,-0.045086,-0.048118,-0.051287,-0.054604,-0.058075,-0.061712,-0.065525,-0.069523,-0.073718,-0.07812,-0.08274,-0.087586,-0.09267,-0.097999,-0.10358,-0.10942,-0.11551,-0.12187,-0.12848,-0.13534,-0.14243,-0.14974,-0.15724,-0.1649,-0.17268,-0.18054,-0.18841,-0.19625,-0.20398,-0.21151,-0.21876,-0.22563,-0.23203,-0.23785,-0.24298,-0.2473,-0.2507,-0.25308,-0.25433,-0.25436,-0.25308,-0.25041,-0.24632,-0.24076,-0.23372,-0.22523,-0.21533,-0.20409,-0.19163,-0.17813,-0.1637,-0.14847,-0.1326,-0.11626,-0.099661,-0.083046,-0.066704,-0.050982,-0.036294,-0.023144,-0.012152,-0.0041021
-0.00011637,-0.00041078,-0.00086549,-0.0014654,-0.0021975,-0.0030511,-0.0040168,-0.0050869,-0.006255,-0.0075156,-0.0088644,-0.010298,-0.011814,-0.01341,-0.015085,-0.016838,-0.01867,-0.020582,-0.022575,-0.024652,-0.026814,-0.029067,-0.031412,-0.033856,-0.036405,-0.039063,-0.041838,-0.044737,-0.047769,-0.050943,-0.054267,-0.057754,-0.061412,-0.065254,-0.069292,-0.073539,-0.078006,-0.082706,-0.087653,-0.092858,-0.098332,-0.10409,-0.11013,-0.11647,-0.1231,-0.13004,-0.13727,-0.14479,-0.15258,-0.16063,-0.1689,-0.17737,-0.18598,-0.19469,-0.20343,-0.21213,-0.22072,-0.22909,-0.23715,-0.24478,-0.25188,-0.25832,-0.26398,-0.26871,-0.2724,-0.27492,-0.27614,-0.27595,-0.27425,-0.27096,-0.26602,-0.25937,-0.25101,-0.24096,-0.22928,-0.21604,-0.20148,-0.18571,-0.16888,-0.15118,-0.13281,-0.11403,-0.095129,-0.076462,-0.05845,-0.041593,-0.026494,-0.013885,-0.0046709
-0.00011319,-0.00039985,-0.00084291,-0.0014279,-0.0021425,-0.0029764,-0.0039208,-0.0049684,-0.0061129,-0.0073494,-0.0086735,-0.010082,-0.011572,-0.013143,-0.014792,-0.016519,-0.018325,-0.020211,-0.022177,-0.024227,-0.026362,-0.028587,-0.030906,-0.033323,-0.035845,-0.038478,-0.041228,-0.044104,-0.047115,-0.050269,-0.053579,-0.057053,-0.060705,-0.064547,-0.068593,-0.072857,-0.077352,-0.082095,-0.087099,-0.092381,-0.097954,-0.10383,-0.11003,-0.11655,-0.12341,-0.13061,-0.13816,-0.14604,-0.15426,-0.16279,-0.17161,-0.1807,-0.19002,-0.19951,-0.20911,-0.21876,-0.22837,-0.23786,-0.24711,-0.25601,-0.26445,-0.27228,-0.27936,-0.28555,-0.29071,-0.29467,-0.29729,-0.29843,-0.29795,-0.29574,-0.2917,-0.28574,-0.27782,-0.26791,-0.25605,-0.24229,-0.2268,-0.20979,-0.1914,-0.17185,-0.15138,-0.13027,-0.10888,-0.08764,-0.067057,-0.047736,-0.030399,-0.015916,-0.0053423
-0.00010896,-0.00038542,-0.00081322,-0.0013787,-0.0020704,-0.0028786,-0.0037951,-0.004813,-0.0059265,-0.0071308,-0.0084218,-0.0097964,-0.011252,-0.012787,-0.0144,-0.016091,-0.01786,-0.019707,-0.021635,-0.023644,-0.025739,-0.027923,-0.0302,-0.032574,-0.035053,-0.037641,-0.040348,-0.04318,-0.046147,-0.049259,-0.052527,-0.055963,-0.05958,-0.06339,-0.06741,-0.071654,-0.076139,-0.080882,-0.085899,-0.091208,-0.096828,-0.10277,-0.10906,-0.11571,-0.12273,-0.13012,-0.13791,-0.14608,-0.15464,-0.16358,-0.17288,-0.18251,-0.19245,-0.20264,-0.21304,-0.22358,-0.23418,-0.24474,-0.25517,-0.26534,-0.27513,-0.28439,-0.29298,-0.30073,-0.30747,-0.31305,-0.31727,-0.31998,-0.321,-0.32017,-0.31736,-0.31244,-0.30531,-0.29591,-0.28422,-0.27026,-0.25409,-0.23603,-0.21622,-0.19486,-0.17224,-0.14869,-0.12462,-0.10055,-0.077073,-0.054938,-0.035011,-0.018331,-0.0061489
-0.00010364,-0.00036738,-0.00077621,-0.0013176,-0.0019809,-0.0027572,-0.0036392,-0.0046203,-0.0056951,-0.0068593,-0.0081088,-0.0094408,-0.010853,-0.012343,-0.01391,-0.015553,-0.017273,-0.019071,-0.020947,-0.022904,-0.024945,-0.027072,-0.029291,-0.031607,-0.034024,-0.03655,-0.039193,-0.04196,-0.044861,-0.047906,-0.051107,-0.054477,-0.058027,-0.061774,-0.065732,-0.069919,-0.074352,-0.07905,-0.084031,-0.089317,-0.094926,-0.10088,-0.1072,-0.1139,-0.12099,-0.12851,-0.13645,-0.14482,-0.15363,-0.16288,-0.17255,-0.18263,-0.19309,-0.2039,-0.215,-0.22633,-0.23783,-0.2494,-0.26095,-0.27234,-0.28347,-0.29417,-0.3043,-0.31368,-0.32213,-0.32946,-0.33547,-0.33997,-0.34275,-0.34362,-0.3424,-0.3389,-0.33299,-0.32453,-0.31345,-0.29971,-0.28333,-0.2645,-0.24347,-0.22045,-0.19572,-0.16966,-0.14274,-0.11556,-0.08885,-0.063488,-0.040537,-0.021254,-0.0071374
-9.7184e-05,-0.00034561,-0.00073172,-0.0012442,-0.0018737,-0.0026122,-0.003453,-0.0043902,-0.005419,-0.006535,-0.0077348,-0.0090153,-0.010374,-0.01181,-0.01332,-0.014906,-0.016566,-0.018302,-0.020114,-0.022005,-0.023977,-0.026034,-0.02818,-0.03042,-0.032758,-0.035203,-0.037762,-0.040442,-0.043254,-0.046208,-0.049316,-0.052589,-0.056043,-0.059693,-0.063553,-0.067644,-0.071982,-0.076588,-0.081484,-0.08669,-0.09223,-0.098126,-0.1044,-0.11108,-0.11818,-0.12572,-0.13372,-0.14219,-0.15115,-0.16059,-0.17052,-0.18092,-0.19178,-0.20307,-0.21475,-0.22676,-0.23904,-0.25151,-0.26407,-0.27661,-0.28901,-0.30111,-0.31277,-0.32379,-0.334,-0.34319,-0.35114,-0.35763,-0.36244,-0.36532,-0.36604,-0.3644,-0.36017,-0.35316,-0.34324,-0.33027,-0.31422,-0.29509,-0.27322,-0.24881,-0.22213,-0.19359,-0.16371,-0.13317,-0.10283,-0.073769,-0.047263,-0.024856,-0.0083749
-8.954e-05,-0.00032004,-0.00067967,-0.0011587,-0.001749,-0.0024437,-0.0032368,-0.0041233,-0.0050986,-0.0061588,-0.0073006,-0.0085211,-0.0098178,-0.011189,-0.012633,-0.01415,-0.015739,-0.017401,-0.019137,-0.020949,-0.022839,-0.02481,-0.026867,-0.029014,-0.031256,-0.033601,-0.036056,-0.038628,-0.041328,-0.044166,-0.047153,-0.050302,-0.053628,-0.057146,-0.060872,-0.064826,-0.069026,-0.073493,-0.078251,-0.083321,-0.088729,-0.094499,-0.10066,-0.10723,-0.11424,-0.12171,-0.12967,-0.13813,-0.14712,-0.15663,-0.16668,-0.17727,-0.18838,-0.2,-0.21209,-0.22462,-0.23753,-0.25074,-0.26417,-0.27773,-0.29127,-0.30468,-0.31779,-0.33042,-0.34239,-0.35348,-0.36346,-0.3721,-0.37913,-0.3843,-0.38733,-0.38796,-0.38591,-0.38092,-0.37277,-0.36124,-0.34619,-0.32753,-0.30537,-0.28001,-0.25172,-0.22087,-0.18802,-0.15393,-0.1196,-0.086288,-0.055579,-0.02938,-0.0099601
-8.0676e-05,-0.00029063,-0.0006201,-0.0010611,-0.0016071,-0.0022523,-0.0029916,-0.0038207,-0.0047355,-0.0057325,-0.0068083,-0.0079603,-0.009186,-0.010484,-0.011852,-0.013289,-0.014796,-0.016372,-0.01802,-0.019739,-0.021532,-0.023403,-0.025355,-0.027393,-0.029522,-0.031747,-0.034078,-0.036521,-0.039085,-0.041782,-0.044622,-0.047619,-0.050786,-0.054138,-0.057694,-0.061471,-0.065488,-0.069769,-0.074335,-0.079212,-0.084424,-0.089999,-0.095965,-0.10235,-0.10918,-0.11648,-0.12429,-0.13262,-0.1415,-0.15094,-0.16097,-0.17157,-0.18277,-0.19454,-0.20686,-0.21971,-0.23305,-0.2468,-0.26091,-0.27528,-0.2898,-0.30434,-0.31876,-0.33289,-0.34653,-0.35948,-0.3715,-0.38235,-0.39176,-0.39944,-0.40508,-0.40837,-0.40899,-0.40661,-0.40091,-0.39159,-0.37837,-0.36105,-0.33947,-0.31391,-0.28459,-0.25185,-0.21622,-0.17851,-0.13984,-0.10171,-0.066024,-0.035177,-0.012039
-7.0569e-05,-0.00025741,-0.0005532,-0.00095199,-0.0014488,-0.0020391,-0.0027189,-0.0034844,-0.0043321,-0.0052586,-0.0062609,-0.0073362,-0.0084822,-0.0096969,-0.010979,-0.012327,-0.01374,-0.015219,-0.016765,-0.018379,-0.020062,-0.021818,-0.02365,-0.025562,-0.027559,-0.029648,-0.031834,-0.034127,-0.036534,-0.039065,-0.041733,-0.044548,-0.047525,-0.05068,-0.054028,-0.057588,-0.061381,-0.065427,-0.06975,-0.074375,-0.079329,-0.084638,-0.090333,-0.096443,-0.103,-0.11003,-0.11757,-0.12565,-0.13428,-0.14351,-0.15334,-0.16379,-0.17487,-0.18659,-0.19893,-0.21188,-0.2254,-0.23946,-0.25399,-0.26893,-0.28417,-0.2996,-0.3151,-0.33051,-0.34564,-0.36031,-0.37429,-0.38732,-0.39913,-0.40943,-0.41789,-0.42416,-0.42788,-0.42866,-0.42611,-0.41981,-0.40938,-0.39446,-0.37472,-0.34996,-0.32053,-0.28664,-0.24873,-0.20759,-0.16441,-0.12089,-0.079335,-0.042747,-0.014832
-5.9219e-05,-0.00022053,-0.00047938,-0.00083206,-0.0012753,-0.001806,-0.0024211,-0.0031174,-0.0038918,-0.0047412,-0.0056628,-0.0066537,-0.0077116,-0.0088344,-0.01002,-0.011268,-0.012578,-0.013948,-0.01538,-0.016875,-0.018435,-0.020061,-0.021758,-0.023528,-0.025377,-0.02731,-0.029334,-0.031455,-0.033683,-0.036026,-0.038495,-0.041102,-0.043861,-0.046785,-0.049891,-0.053197,-0.056722,-0.060487,-0.064516,-0.068834,-0.073466,-0.07844,-0.083788,-0.089539,-0.095725,-0.10238,-0.10954,-0.11722,-0.12548,-0.13432,-0.14379,-0.1539,-0.16467,-0.17611,-0.18823,-0.20102,-0.21446,-0.22853,-0.24318,-0.25837,-0.27401,-0.29001,-0.30627,-0.32265,-0.33899,-0.35511,-0.3708,-0.38584,-0.39994,-0.41283,-0.42416,-0.43359,-0.44072,-0.44512,-0.44633,-0.44386,-0.4372,-0.42582,-0.40923,-0.38695,-0.35877,-0.32495,-0.28574,-0.24177,-0.19421,-0.14488,-0.096505,-0.052818,-0.018675
-4.6671e-05,-0.00018029,-0.00039939,-0.00070272,-0.0010888,-0.0015558,-0.0021016,-0.0027237,-0.0034193,-0.0041856,-0.0050197,-0.0059189,-0.0068807,-0.0079029,-0.0089837,-0.010122,-0.011316,-0.012566,-0.013873,-0.015237,-0.016659,-0.018142,-0.019688,-0.021301,-0.022986,-0.024746,-0.026588,-0.028519,-0.030546,-0.032678,-0.034926,-0.037299,-0.03981,-0.042473,-0.045304,-0.048319,-0.051537,-0.054978,-0.058664,-0.062619,-0.06687,-0.071443,-0.076368,-0.081677,-0.087401,-0.093575,-0.10023,-0.10741,-0.11513,-0.12344,-0.13237,-0.14194,-0.15218,-0.16311,-0.17474,-0.18709,-0.20015,-0.2139,-0.22833,-0.2434,-0.25905,-0.27523,-0.29183,-0.30876,-0.32589,-0.34306,-0.36009,-0.37677,-0.39287,-0.40811,-0.42218,-0.43472,-0.44536,-0.45363,-0.45906,-0.46108,-0.4591,-0.45246,-0.44046,-0.42238,-0.39755,-0.36564,-0.32678,-0.28129,-0.23007,-0.17491,-0.11885,-0.066438,-0.024087
-3.3043e-05,-0.00013723,-0.00031448,-0.00056603,-0.00089222,-0.0012925,-0.0017655,-0.0023092,-0.0029213,-0.0035989,-0.0043394,-0.0051399,-0.0059979,-0.0069112,-0.0078777,-0.008896,-0.009965,-0.011084,-0.012254,-0.013474,-0.014746,-0.016072,-0.017453,-0.018894,-0.020398,-0.021969,-0.023612,-0.025334,-0.027141,-0.029041,-0.031043,-0.033158,-0.035396,-0.03777,-0.040295,-0.042985,-0.045858,-0.048933,-0.052231,-0.055774,-0.059587,-0.063695,-0.068129,-0.072916,-0.07809,-0.083682,-0.089728,-0.096262,-0.10332,-0.11094,-0.11915,-0.12798,-0.13747,-0.14765,-0.15853,-0.17014,-0.18249,-0.19557,-0.20939,-0.22393,-0.23915,-0.25502,-0.27147,-0.28843,-0.3058,-0.32346,-0.34128,-0.35907,-0.37664,-0.39375,-0.41014,-0.42548,-0.43942,-0.45152,-0.46131,-0.46821,-0.47158,-0.47068,-0.46467,-0.45259,-0.43344,-0.40618,-0.37021,-0.32549,-0.27235,-0.21218,-0.14799,-0.085104,-0.031886
-1.8595e-05,-9.2319e-05,-0.00022661,-0.00042516,-0.00068997,-0.0010215,-0.0014192,-0.0018814,-0.0024059,-0.0029902,-0.0036313,-0.0043267,-0.0050737,-0.0058699,-0.0067133,-0.0076023,-0.0085358,-0.009513,-0.010534,-0.011598,-0.012708,-0.013863,-0.015067,-0.016321,-0.017629,-0.018994,-0.020422,-0.021917,-0.023485,-0.025134,-0.026871,-0.028705,-0.030646,-0.032705,-0.034895,-0.03723,-0.039725,-0.042397,-0.045265,-0.048349,-0.051673,-0.055259,-0.059135,-0.063329,-0.067869,-0.072788,-0.078118,-0.083894,-0.09015,-0.096921,-0.10424,-0.11215,-0.12068,-0.12986,-0.13973,-0.1503,-0.1616,-0.17364,-0.18644,-0.19999,-0.21429,-0.22931,-0.24504,-0.26141,-0.27836,-0.29583,-0.3137,-0.33186,-0.35015,-0.36839,-0.38637,-0.40383,-0.42047,-0.43592,-0.44976,-0.46145,-0.47039,-0.47582,-0.47683,-0.47234,-0.46108,-0.44157,-0.41224,-0.37191,-0.32015,-0.25732,-0.18572,-0.1109,-0.043374
-3.8331e-06,-4.7168e-05,-0.00013885,-0.00028475,-0.00048822,-0.00075061,-0.0010717,-0.0014503,-0.0018841,-0.0023708,-0.0029075,-0.0034916,-0.0041204,-0.0047917,-0.0055034,-0.0062538,-0.0070416,-0.0078662,-0.0087271,-0.0096245,-0.010559,-0.011531,-0.012543,-0.013597,-0.014695,-0.015841,-0.017038,-0.01829,-0.019603,-0.020983,-0.022435,-0.023969,-0.025591,-0.027312,-0.029143,-0.031095,-0.033181,-0.035417,-0.037819,-0.040404,-0.043193,-0.046206,-0.049467,-0.053001,-0.056834,-0.060995,-0.065515,-0.070423,-0.075754,-0.08154,-0.087816,-0.094617,-0.10198,-0.10993,-0.11851,-0.12774,-0.13766,-0.14829,-0.15965,-0.17175,-0.18461,-0.19822,-0.21258,-0.22767,-0.24347,-0.25992,-0.27698,-0.29456,-0.31258,-0.33092,-0.34943,-0.36794,-0.38622,-0.40402,-0.42099,-0.43673,-0.45072,-0.46231,-0.47065,-0.47467,-0.47302,-0.46396,-0.44537,-0.41473,-0.36975,-0.30919,-0.23336,-0.14655,-0.060675
1.0295e-05,-4.4334e-06,-5.5881e-05,-0.00015153,-0.00029564,-0.00049002,-0.00073469,-0.0010285,-0.0013693,-0.0017548,-0.0021823,-0.0026492,-0.0031531,-0.0036916,-0.004263,-0.0048654,-0.0054978,-0.0061594,-0.0068495,-0.0075683,-0.008316,-0.0090935,-0.0099017,-0.010742,-0.011618,-0.01253,-0.013482,-0.014477,-0.01552,-0.016614,-0.017766,-0.018981,-0.020267,-0.02163,-0.023079,-0.024625,-0.026278,-0.028049,-0.029953,-0.032005,-0.03422,-0.036616,-0.039212,-0.04203,-0.045092,-0.048423,-0.052047,-0.055993,-0.060288,-0.064963,-0.070048,-0.075576,-0.081578,-0.088086,-0.095134,-0.10275,-0.11097,-0.11982,-0.12933,-0.13952,-0.15041,-0.16202,-0.17437,-0.18745,-0.20126,-0.21581,-0.23106,-0.24699,-0.26356,-0.28072,-0.29838,-0.31647,-0.33486,-0.3534,-0.3719,-0.3901,-0.40766,-0.42413,-0.43888,-0.45106,-0.45948,-0.46248,-0.45778,-0.44226,-0.41187,-0.36211,-0.28979,-0.19489,-0.08734
2.2073e-05,3.1606e-05,1.525e-05,-3.5191e-05,-0.00012419,-0.00025358,-0.00042332,-0.00063222,-0.00087837,-0.0011595,-0.0014732,-0.0018171,-0.002189,-0.0025869,-0.0030092,-0.0034545,-0.0039215,-0.0044097,-0.0049185,-0.0054477,-0.0059975,-0.0065685,-0.0071613,-0.007777,-0.0084172,-0.0090835,-0.0097781,-0.010503,-0.011262,-0.012059,-0.012895,-0.013778,-0.01471,-0.015699,-0.01675,-0.017871,-0.019069,-0.020354,-0.021735,-0.023224,-0.024834,-0.026577,-0.028468,-0.030523,-0.032761,-0.035199,-0.037858,-0.040759,-0.043925,-0.04738,-0.051148,-0.055257,-0.059733,-0.064603,-0.069897,-0.075642,-0.081867,-0.088601,-0.095872,-0.10371,-0.11213,-0.12117,-0.13085,-0.14118,-0.15219,-0.16389,-0.17628,-0.18939,-0.2032,-0.21771,-0.23291,-0.24879,-0.26533,-0.28247,-0.30018,-0.31835,-0.33689,-0.35559,-0.37417,-0.39217,-0.40888,-0.42315,-0.43317,-0.43606,-0.42741,-0.40053,-0.34636,-0.25633,-0.12931
2.8505e-05,5.4223e-05,6.4099e-05,5.0547e-05,9.7494e-06,-5.9599e-05,-0.00015722,-0.00028192,-0.00043198,-0.0006055,-0.00080054,-0.0010152,-0.0012479,-0.0014971,-0.0017615,-0.00204,-0.0023318,-0.0026363,-0.0029532,-0.0032822,-0.0036234,-0.003977,-0.0043435,-0.0047234,-0.0051176,-0.0055273,-0.0059535,-0.0063979,-0.0068622,-0.0073485,-0.007859,-0.0083966,-0.0089644,-0.0095657,-0.010205,-0.010885,-0.011613,-0.012394,-0.013234,-0.01414,-0.01512,-0.016183,-0.017337,-0.018594,-0.019965,-0.021463,-0.023099,-0.02489,-0.026849,-0.028993,-0.03134,-0.033907,-0.036713,-0.039778,-0.043123,-0.04677,-0.050739,-0.055054,-0.059738,-0.064814,-0.070306,-0.076238,-0.082633,-0.089517,-0.096913,-0.10485,-0.11334,-0.12242,-0.13211,-0.14243,-0.15343,-0.16512,-0.17755,-0.19076,-0.20479,-0.21971,-0.23558,-0.25246,-0.2704,-0.28943,-0.30946,-0.33024,-0.35107,-0.3705,-0.3856,-0.39062,-0.37471,-0.31838,-0.19448
2.4727e-05,5.3246e-05,7.5502e-05,8.6425e-05,8.3983e-05,6.785e-05,3.8589e-05,-2.8098e-06,-5.5197e-05,-0.00011741,-0.00018833,-0.00026698,-0.00035245,-0.000444,-0.00054098,-0.00064287,-0.00074927,-0.00085986,-0.00097443,-0.0010929,-0.0012151,-0.0013412,-0.0014713,-0.0016055,-0.0017442,-0.0018876,-0.0020363,-0.0021906,-0.0023512,-0.0025188,-0.0026943,-0.0028784,-0.0030724,-0.0032774,-0.0034949,-0.0037265,-0.003974,-0.0042394,-0.0045251,-0.0048338,-0.0051683,-0.005532,-0.0059284,-0.0063617,-0.0068362,-0.0073567,-0.0079287,-0.0085578,-0.0092503,-0.010013,-0.010853,-0.011778,-0.012797,-0.013918,-0.015151,-0.016506,-0.017994,-0.019627,-0.021417,-0.023376,-0.02552,-0.027862,-0.030418,-0.033206,-0.036244,-0.039551,-0.04315,-0.047064,-0.05132,-0.05595,-0.060991,-0.066484,-0.072485,-0.079059,-0.086289,-0.094284,-0.10318,-0.11317,-0.12449,-0.13745,-0.15246,-0.17003,-0.19074,-0.21518,-0.24361,-0.27509,-0.30519,-0.31921,-0.27049
