-2.4797e-05,-5.4542e-05,-7.8855e-05,-9.2162e-05,-9.1875e-05,-7.7114e-05,-4.7916e-05,-4.7815e-06,5.1581e-05,0.00012039,0.00020088,0.00029232,0.00039405,0.00050546,0.00062603,0.0007553,0.00089285,0.0010384,0.0011915,0.0013521,0.0015199,0.0016947,0.0018765,0.0020651,0.0022604,0.0024624,0.0026711,0.0028865,0.0031087,0.0033375,0.0035731,0.0038156,0.0040649,0.0043212,0.0045847,0.0048552,0.0051331,0.0054184,0.0057112,0.0060117,0.0063201,0.0066365,0.0069612,0.0072944,0.0076364,0.0079875,0.0083482,0.0087189,0.0091001,0.0094926,0.009897,0.010314,0.010746,0.011192,0.011655,0.012137,0.01264,0.013166,0.013718,0.014301,0.014918,0.015575,0.016277,0.017034,0.017853,0.018746,0.019727,0.020812,0.022022,0.023382,0.024925,0.026691,0.028733,0.031115,0.033925,0.037276,0.041317,0.04625,0.052346,0.059977,0.069649,0.082054,0.098119,0.11904,0.14618,0.18064,0.22133,0.25842,0.24706
-2.963e-05,-5.8015e-05,-7.1522e-05,-6.1713e-05,-2.3775e-05,4.4656e-05,0.00014436,0.00027512,0.00043616,0.00062639,0.00084458,0.0010895,0.0013598,0.0016544,0.0019723,0.0023123,0.0026738,0.0030559,0.0034579,0.0038792,0.0043195,0.0047783,0.0052552,0.0057501,0.0062628,0.0067931,0.007341,0.0079064,0.0084895,0.0090902,0.0097087,0.010345,0.011,0.011672,0.012364,0.013074,0.013803,0.014552,0.01532,0.016108,0.016917,0.017747,0.018599,0.019473,0.02037,0.021291,0.022236,0.023208,0.024207,0.025235,0.026293,0.027385,0.028512,0.029678,0.030885,0.032139,0.033445,0.034808,0.036235,0.037734,0.039315,0.04099,0.042772,0.044677,0.046725,0.048939,0.051347,0.053981,0.056882,0.060099,0.06369,0.067728,0.072302,0.077519,0.083514,0.090452,0.098538,0.10802,0.11921,0.13246,0.14819,0.16681,0.18864,0.21363,0.24076,0.26666,0.28252,0.2678,0.18234
-2.3981e-05,-3.7267e-05,-2.5585e-05,2.0428e-05,0.00010658,0.00023611,0.00041041,0.00062966,0.00089321,0.0011999,0.0015484,0.001937,0.0023642,0.0028285,0.0033285,0.0038627,0.0044301,0.0050294,0.0056597,0.0063203,0.0070103,0.0077293,0.0084767,0.0092523,0.010056,0.010887,0.011745,0.012631,0.013545,0.014486,0.015455,0.016452,0.017477,0.018531,0.019614,0.020726,0.021867,0.023039,0.024242,0.025476,0.026742,0.028041,0.029373,0.03074,0.032143,0.033583,0.03506,0.036578,0.038139,0.039743,0.041394,0.043096,0.044852,0.046666,0.048543,0.05049,0.052514,0.054622,0.056825,0.059134,0.061563,0.064126,0.066844,0.069737,0.072832,0.076158,0.079752,0.083657,0.087921,0.092606,0.097781,0.10353,0.10995,0.11716,0.12529,0.1345,0.14496,0.15686,0.17038,0.1857,0.20287,0.22174,0.24176,0.26149,0.27795,0.28534,0.27316,0.22472,0.12599
-1.2728e-05,-2.5477e-06,4.3506e-05,0.00013438,0.00027595,0.00047172,0.0007234,0.0010314,0.0013953,0.0018139,0.0022859,0.0028095,0.0033829,0.0040045,0.0046726,0.0053855,0.0061418,0.0069403,0.0077796,0.0086589,0.0095772,0.010534,0.011528,0.01256,0.013628,0.014733,0.015875,0.017053,0.018268,0.019519,0.020807,0.022132,0.023495,0.024896,0.026334,0.027812,0.029328,0.030885,0.032482,0.034121,0.035801,0.037525,0.039293,0.041106,0.042965,0.044873,0.046831,0.048841,0.050906,0.053027,0.05521,0.057457,0.059772,0.062162,0.064633,0.06719,0.069844,0.072603,0.075479,0.078485,0.081637,0.084953,0.088454,0.092164,0.096113,0.10033,0.10486,0.10974,0.11503,0.12079,0.12707,0.13397,0.14156,0.14995,0.15923,0.1695,0.18086,0.19337,0.20704,0.22175,0.2372,0.25271,0.267,0.27782,0.28137,0.27169,0.24032,0.17889,0.088305
1.0301e-06,3.9211e-05,0.00012496,0.00026587,0.00046718,0.00073215,0.0010625,0.0014586,0.0019203,0.0024463,0.0030353,0.0036856,0.0043953,0.0051626,0.0059857,0.0068628,0.0077923,0.0087728,0.009803,0.010882,0.012008,0.013181,0.014399,0.015664,0.016973,0.018327,0.019725,0.021168,0.022656,0.024188,0.025766,0.027388,0.029056,0.03077,0.032531,0.034339,0.036194,0.038098,0.040051,0.042053,0.044107,0.046213,0.048372,0.050585,0.052855,0.055181,0.057568,0.060017,0.06253,0.06511,0.067762,0.070489,0.073297,0.07619,0.079176,0.082262,0.085457,0.088771,0.092216,0.095806,0.099558,0.10349,0.10762,0.11198,0.11659,0.12148,0.1267,0.13228,0.13826,0.14471,0.15166,0.15919,0.16735,0.1762,0.18579,0.19614,0.20724,0.21903,0.23133,0.24377,0.25575,0.26622,0.27355,0.27521,0.26753,0.24563,0.20402,0.14084,0.063166
1.5481e-05,8.3532e-05,0.00021142,0.00040481,0.00066777,0.0010029,0.0014117,0.0018943,0.0024505,0.0030792,0.0037788,0.0045478,0.0053843,0.0062864,0.0072521,0.0082798,0.0093676,0.010514,0.011718,0.012978,0.014292,0.015661,0.017083,0.018557,0.020084,0.021663,0.023293,0.024975,0.026709,0.028495,0.030333,0.032223,0.034166,0.036162,0.038212,0.040316,0.042475,0.04469,0.046962,0.049291,0.051678,0.054125,0.056633,0.059202,0.061835,0.064534,0.067299,0.070134,0.073042,0.076025,0.079086,0.082231,0.085463,0.088789,0.092215,0.095748,0.099398,0.10317,0.10709,0.11115,0.11538,0.11979,0.12441,0.12925,0.13434,0.1397,0.14538,0.15139,0.15777,0.16457,0.17181,0.17953,0.18775,0.19649,0.20573,0.21543,0.22548,0.23568,0.2457,0.25501,0.26282,0.2679,0.26853,0.26231,0.24616,0.21654,0.17118,0.11127,0.046105
2.9613e-05,0.00012762,0.000298,0.00054419,0.00086877,0.0012734,0.001759,0.0023255,0.0029723,0.0036984,0.0045022,0.005382,0.0063361,0.0073624,0.0084591,0.0096244,0.010856,0.012154,0.013515,0.014938,0.016423,0.017968,0.019573,0.021237,0.02296,0.02474,0.026579,0.028475,0.03043,0.032442,0.034513,0.036643,0.038831,0.04108,0.043388,0.045757,0.048187,0.050679,0.053234,0.055853,0.058536,0.061285,0.064101,0.066985,0.069938,0.072962,0.076059,0.079232,0.082482,0.085812,0.089226,0.092728,0.096322,0.10001,0.10381,0.10771,0.11173,0.11588,0.12016,0.1246,0.12919,0.13396,0.13892,0.1441,0.1495,0.15515,0.16107,0.16729,0.17382,0.18068,0.18789,0.19544,0.20333,0.21153,0.21996,0.22852,0.237,0.24513,0.25247,0.25838,0.26198,0.26204,0.25693,0.2446,0.2227,0.18905,0.14344,0.088716,0.034342
4.2885e-05,0.0001698,0.00038155,0.00067926,0.0010639,0.001536,0.0020956,0.0027423,0.0034752,0.0042931,0.0051943,0.0061772,0.0072398,0.0083802,0.0095966,0.010887,0.01225,0.013684,0.015187,0.016757,0.018395,0.020099,0.021868,0.023701,0.025598,0.027559,0.029583,0.031671,0.033822,0.036037,0.038315,0.040657,0.043064,0.045536,0.048074,0.050677,0.053347,0.056084,0.058889,0.061764,0.064707,0.067721,0.070807,0.073965,0.077197,0.080505,0.083889,0.087352,0.090895,0.094522,0.098235,0.10204,0.10593,0.10992,0.11402,0.11822,0.12253,0.12697,0.13154,0.13625,0.1411,0.14612,0.1513,0.15667,0.16224,0.16801,0.17401,0.18024,0.1867,0.1934,0.20032,0.20744,0.21471,0.22207,0.2294,0.23652,0.24319,0.24906,0.25363,0.25623,0.25598,0.25171,0.24201,0.22523,0.19968,0.16461,0.12069,0.071572,0.026118
5.5032e-05,0.00020909,0.0004601,0.00080692,0.0012488,0.0017852,0.0024151,0.0031376,0.0039515,0.0048551,0.0058467,0.0069247,0.0080869,0.0093316,0.010657,0.012061,0.013542,0.015098,0.016728,0.018431,0.020205,0.02205,0.023965,0.025949,0.028001,0.030122,0.032311,0.034568,0.036893,0.039286,0.041747,0.044278,0.046877,0.049546,0.052285,0.055095,0.057975,0.060927,0.063952,0.067049,0.070219,0.073464,0.076784,0.08018,0.083652,0.087203,0.090832,0.094542,0.098333,0.10221,0.10617,0.11022,0.11436,0.11859,0.12293,0.12736,0.1319,0.13655,0.14132,0.14621,0.15123,0.15639,0.1617,0.16715,0.17275,0.17852,0.18444,0.19053,0.19675,0.20311,0.20956,0.21605,0.22253,0.22886,0.23491,0.24047,0.24525,0.24885,0.25078,0.25037,0.24678,0.23899,0.22582,0.20603,0.17858,0.14356,0.10222,0.058494,0.020283
6.5946e-05,0.00024498,0.00053247,0.0009252,0.0014208,0.0020174,0.0027131,0.0035064,0.0043954,0.0053783,0.0064533,0.0076183,0.0088714,0.010211,0.011634,0.01314,0.014727,0.016392,0.018136,0.019956,0.021852,0.023821,0.025865,0.027982,0.030171,0.032432,0.034766,0.037171,0.039649,0.042199,0.044821,0.047516,0.050284,0.053125,0.05604,0.059029,0.062093,0.065232,0.068446,0.071737,0.075103,0.078547,0.082068,0.085667,0.089344,0.093101,0.096937,0.10085,0.10485,0.10893,0.11309,0.11734,0.12168,0.1261,0.13061,0.13522,0.13992,0.14472,0.14962,0.15462,0.15973,0.16495,0.17027,0.17571,0.18125,0.1869,0.19263,0.19845,0.20431,0.2102,0.21605,0.2218,0.22735,0.23257,0.23729,0.24126,0.24418,0.24566,0.2452,0.24216,0.2358,0.22524,0.20954,0.1878,0.15973,0.12566,0.087274,0.048443,0.01608
7.5607e-05,0.00027725,0.00059807,0.001033,0.0015781,0.0022303,0.0029868,0.0038452,0.0048033,0.0058588,0.0070097,0.0082537,0.0095889,0.011013,0.012525,0.014122,0.015802,0.017565,0.019409,0.021332,0.023334,0.025414,0.02757,0.029803,0.032112,0.034496,0.036956,0.039491,0.042101,0.044787,0.047549,0.050386,0.0533,0.05629,0.059357,0.062502,0.065724,0.069023,0.072401,0.075857,0.079391,0.083004,0.086696,0.090467,0.094316,0.098245,0.10225,0.10634,0.11051,0.11475,0.11908,0.12348,0.12796,0.13253,0.13717,0.1419,0.1467,0.15159,0.15656,0.1616,0.16673,0.17193,0.17721,0.18254,0.18794,0.19338,0.19884,0.20429,0.20971,0.21504,0.22022,0.22515,0.22973,0.23381,0.23719,0.23963,0.24082,0.24037,0.23781,0.23255,0.22396,0.21131,0.19389,0.17115,0.14316,0.11054,0.075146,0.040646,0.013001
8.4049e-05,0.00030583,0.00065664,0.0011297,0.0017198,0.0024225,0.0032342,0.0041519,0.0051726,0.0062939,0.0075131,0.0088281,0.010237,0.011737,0.013326,0.015004,0.016767,0.018615,0.020547,0.02256,0.024655,0.026829,0.029084,0.031417,0.033829,0.036319,0.038887,0.041534,0.044258,0.047061,0.049943,0.052903,0.055942,0.05906,0.062257,0.065534,0.068891,0.072327,0.075844,0.07944,0.083116,0.086871,0.090706,0.09462,0.098612,0.10268,0.10683,0.11105,0.11535,0.11973,0.12418,0.1287,0.13329,0.13795,0.14269,0.14748,0.15235,0.15727,0.16225,0.16729,0.17238,0.1775,0.18266,0.18784,0.19302,0.19819,0.20331,0.20835,0.21326,0.21798,0.22244,0.22653,0.23014,0.23309,0.2352,0.23622,0.23583,0.23367,0.22931,0.22224,0.2119,0.19772,0.17917,0.1561,0.12869,0.097775,0.065255,0.03453,0.010706
9.133e-05,0.00033081,0.00070817,0.0012153,0.0018455,0.0025935,0.0034548,0.0044255,0.0055023,0.0066821,0.0079622,0.0093401,0.010813,0.01238,0.014038,0.015786,0.017621,0.019543,0.02155,0.023641,0.025815,0.028071,0.030409,0.032828,0.035328,0.037909,0.040569,0.043311,0.046132,0.049034,0.052017,0.055081,0.058226,0.061452,0.06476,0.068148,0.071619,0.07517,0.078803,0.082516,0.08631,0.090184,0.094137,0.098168,0.10228,0.10646,0.11072,0.11505,0.11946,0.12393,0.12847,0.13307,0.13774,0.14246,0.14725,0.15208,0.15696,0.16188,0.16683,0.17181,0.17681,0.18181,0.18681,0.19178,0.1967,0.20155,0.20629,0.21087,0.21524,0.21933,0.22306,0.22632,0.22897,0.23086,0.23178,0.2315,0.22971,0.22608,0.22022,0.21169,0.20002,0.18478,0.16564,0.14264,0.11611,0.086977,0.057136,0.029677,0.0089651
9.7522e-05,0.00035231,0.00075283,0.0012897,0.0019553,0.0027432,0.0036481,0.0046656,0.0057917,0.007023,0.0083563,0.0097891,0.011319,0.012943,0.01466,0.016468,0.018365,0.02035,0.022421,0.024578,0.026819,0.029144,0.031552,0.034043,0.036617,0.039273,0.042011,0.044831,0.047734,0.050719,0.053787,0.056937,0.06017,0.063486,0.066885,0.070367,0.073931,0.077578,0.081307,0.085117,0.089007,0.092978,0.097026,0.10115,0.10535,0.10963,0.11397,0.11839,0.12287,0.12741,0.13201,0.13667,0.14138,0.14614,0.15094,0.15577,0.16063,0.16551,0.1704,0.17529,0.18016,0.18501,0.18981,0.19453,0.19916,0.20366,0.20799,0.21209,0.21591,0.21937,0.22238,0.22483,0.22659,0.22748,0.22732,0.22587,0.22286,0.21798,0.21089,0.2012,0.18856,0.17261,0.15328,0.13065,0.10516,0.07781,0.05042,0.02578,0.0076212
0.00010271,0.00037052,0.00079087,0.0013534,0.0020494,0.0028718,0.0038146,0.0048725,0.0060412,0.0073168,0.0086959,0.010176,0.011753,0.013427,0.015194,0.017052,0.019001,0.021038,0.023162,0.025374,0.02767,0.030052,0.032518,0.035068,0.037702,0.04042,0.043221,0.046106,0.049075,0.052128,0.055265,0.058486,0.061791,0.065181,0.068654,0.072212,0.075853,0.079577,0.083383,0.087271,0.091239,0.095287,0.099411,0.10361,0.10788,0.11223,0.11664,0.12111,0.12565,0.13024,0.13488,0.13957,0.14429,0.14906,0.15384,0.15865,0.16346,0.16827,0.17307,0.17784,0.18256,0.18722,0.1918,0.19626,0.20057,0.20471,0.20861,0.21223,0.2155,0.21834,0.22066,0.22234,0.22326,0.22324,0.2221,0.21963,0.21557,0.20965,0.20156,0.191,0.17767,0.16135,0.14207,0.11998,0.095617,0.069991,0.044821,0.022613,0.0065659
0.00010696,0.00038562,0.00082261,0.0014067,0.0021285,0.0029801,0.0039548,0.0050469,0.0062515,0.0075644,0.0089819,0.010501,0.012118,0.013832,0.01564,0.01754,0.01953,0.02161,0.023778,0.026033,0.028374,0.0308,0.033313,0.03591,0.038592,0.041358,0.04421,0.047146,0.050168,0.053275,0.056466,0.059744,0.063106,0.066554,0.070087,0.073705,0.077406,0.081192,0.08506,0.089009,0.093038,0.097145,0.10133,0.10558,0.10991,0.1143,0.11876,0.12327,0.12784,0.13246,0.13712,0.14182,0.14654,0.15129,0.15604,0.1608,0.16555,0.17027,0.17495,0.17958,0.18413,0.18859,0.19292,0.1971,0.20109,0.20485,0.20833,0.21147,0.21421,0.21645,0.21812,0.21909,0.21923,0.21839,0.21639,0.21303,0.20808,0.2013,0.19242,0.1812,0.16739,0.15095,0.13191,0.1105,0.087283,0.063287,0.040114,0.02001,0.0057237
0.00011035,0.00039782,0.00084839,0.0014502,0.0021931,0.0030687,0.0040696,0.0051897,0.0064237,0.0077669,0.0092155,0.010766,0.012415,0.014161,0.016002,0.017934,0.019957,0.02207,0.024271,0.026559,0.028934,0.031395,0.033942,0.036575,0.039294,0.042097,0.044987,0.047962,0.051024,0.054171,0.057405,0.060725,0.064131,0.067624,0.071202,0.074866,0.078615,0.082447,0.086362,0.090357,0.094432,0.098584,0.10281,0.10711,0.11147,0.1159,0.12038,0.12492,0.12951,0.13414,0.1388,0.14349,0.14819,0.15291,0.15761,0.1623,0.16697,0.17158,0.17614,0.18061,0.18498,0.18922,0.1933,0.19719,0.20085,0.20424,0.2073,0.20998,0.2122,0.21389,0.21494,0.21525,0.21469,0.21312,0.21036,0.20623,0.20054,0.19306,0.18357,0.17188,0.15782,0.14141,0.12272,0.10205,0.079978,0.057507,0.036127,0.017847,0.0050415
0.00011297,0.00040732,0.00086857,0.0014843,0.002244,0.0031385,0.0041601,0.0053022,0.0065591,0.0079259,0.0093984,0.010973,0.012647,0.014417,0.016281,0.018238,0.020285,0.022421,0.024646,0.026958,0.029357,0.031842,0.034414,0.037072,0.039815,0.042645,0.045562,0.048564,0.051654,0.054831,0.058094,0.061445,0.064883,0.068408,0.072019,0.075717,0.079499,0.083365,0.087314,0.091344,0.095451,0.099634,0.10389,0.10821,0.1126,0.11705,0.12155,0.12611,0.1307,0.13532,0.13997,0.14464,0.14931,0.15397,0.15862,0.16323,0.1678,0.1723,0.17671,0.18102,0.18519,0.18921,0.19304,0.19664,0.19998,0.203,0.20566,0.2079,0.20964,0.2108,0.21128,0.21099,0.2098,0.20758,0.20416,0.19938,0.19307,0.18503,0.17508,0.16306,0.14891,0.13265,0.11441,0.094512,0.073553,0.052497,0.032724,0.016032,0.0044813
0.00011487,0.00041431,0.0008835,0.0015097,0.0022818,0.0031903,0.0042273,0.0053855,0.0066591,0.0080429,0.0095325,0.011124,0.012815,0.014601,0.016481,0.018453,0.020516,0.022667,0.024907,0.027234,0.029647,0.032147,0.034734,0.037406,0.040165,0.043011,0.045943,0.048963,0.05207,0.055265,0.058547,0.061918,0.065376,0.068922,0.072555,0.076275,0.08008,0.083969,0.087941,0.091992,0.096121,0.10032,0.1046,0.10894,0.11334,0.1178,0.12231,0.12686,0.13145,0.13606,0.14068,0.14532,0.14995,0.15455,0.15913,0.16365,0.16811,0.17249,0.17676,0.18089,0.18487,0.18867,0.19224,0.19556,0.19858,0.20126,0.20354,0.20535,0.20663,0.2073,0.20727,0.20644,0.20469,0.20189,0.1979,0.19258,0.18576,0.17728,0.16699,0.15478,0.14065,0.12464,0.10689,0.087773,0.06788,0.048129,0.029797,0.014493,0.0040153
0.00011611,0.00041897,0.00089354,0.0015267,0.0023072,0.0032252,0.0042723,0.0054411,0.0067254,0.0081198,0.0096197,0.011221,0.012921,0.014717,0.016605,0.018585,0.020655,0.022813,0.025058,0.027391,0.02981,0.032316,0.034908,0.037586,0.040351,0.043202,0.046141,0.049168,0.052282,0.055485,0.058777,0.062157,0.065625,0.069182,0.072827,0.076559,0.080377,0.084278,0.088263,0.092327,0.096467,0.10068,0.10497,0.10931,0.11372,0.11818,0.12268,0.12723,0.1318,0.13639,0.14098,0.14558,0.15015,0.1547,0.1592,0.16363,0.16798,0.17222,0.17634,0.18031,0.18409,0.18767,0.191,0.19404,0.19676,0.1991,0.20101,0.20244,0.2033,0.20352,0.20302,0.2017,0.19945,0.19615,0.19168,0.18589,0.17866,0.16984,0.15932,0.14704,0.13301,0.11729,0.10008,0.081732,0.062851,0.044302,0.027262,0.013178,0.0036234
0.00011676,0.00042148,0.00089901,0.0015361,0.0023211,0.0032441,0.0042963,0.0054702,0.0067594,0.0081583,0.0096621,0.011267,0.012969,0.014766,0.016656,0.018636,0.020705,0.022861,0.025105,0.027435,0.029852,0.032354,0.034943,0.037617,0.040379,0.043227,0.046164,0.049188,0.052301,0.055503,0.058794,0.062174,0.065644,0.069203,0.07285,0.076585,0.080406,0.084312,0.0883,0.092368,0.096512,0.10073,0.10501,0.10936,0.11376,0.11822,0.12271,0.12724,0.13179,0.13635,0.14091,0.14546,0.14998,0.15446,0.15887,0.16321,0.16745,0.17156,0.17554,0.17933,0.18293,0.18629,0.18938,0.19216,0.19459,0.19662,0.19819,0.19924,0.19971,0.19953,0.1986,0.19685,0.19416,0.19043,0.18554,0.17938,0.17182,0.16275,0.15208,0.13981,0.12593,0.11056,0.093891,0.076304,0.058376,0.040932,0.025054,0.012045,0.0032905
0.00011685,0.00042199,0.0009002,0.0015381,0.002324,0.0032477,0.0043004,0.0054742,0.0067627,0.0081601,0.0096616,0.011263,0.012961,0.014753,0.016636,0.018609,0.020669,0.022817,0.025051,0.027371,0.029776,0.032267,0.034844,0.037507,0.040257,0.043094,0.046019,0.049032,0.052135,0.055327,0.058609,0.061981,0.065444,0.068996,0.072637,0.076367,0.080184,0.084086,0.088071,0.092135,0.096276,0.10049,0.10477,0.10911,0.1135,0.11794,0.12242,0.12693,0.13145,0.13598,0.1405,0.145,0.14946,0.15387,0.1582,0.16245,0.16657,0.17056,0.17439,0.17802,0.18143,0.18459,0.18745,0.18998,0.19214,0.19387,0.19512,0.19584,0.19596,0.1954,0.19409,0.19195,0.18888,0.18477,0.17954,0.17306,0.16525,0.156,0.14527,0.13306,0.11939,0.10438,0.088266,0.071411,0.054379,0.037949,0.023118,0.011062,0.003005
0.00011644,0.00042063,0.00089739,0.0015333,0.0023166,0.0032371,0.0042856,0.0054544,0.0067368,0.008127,0.0096202,0.011212,0.012899,0.014679,0.016549,0.018507,0.020553,0.022684,0.0249,0.027202,0.029589,0.032061,0.034618,0.037261,0.039991,0.042809,0.045714,0.048709,0.051793,0.054968,0.058233,0.061589,0.065036,0.068574,0.072203,0.07592,0.079726,0.083617,0.087592,0.091646,0.095777,0.099979,0.10425,0.10857,0.11295,0.11738,0.12184,0.12632,0.13081,0.13531,0.13979,0.14424,0.14864,0.15298,0.15723,0.16138,0.1654,0.16927,0.17295,0.17643,0.17966,0.18262,0.18527,0.18757,0.18947,0.19093,0.19189,0.19229,0.19209,0.1912,0.18955,0.18706,0.18365,0.17923,0.17371,0.16698,0.15897,0.1496,0.13887,0.12676,0.11333,0.098715,0.083143,0.06699,0.050797,0.035298,0.021412,0.010202,0.0027583
0.00011556,0.00041753,0.00089083,0.0015221,0.0022995,0.0032128,0.0042528,0.0054118,0.006683,0.0080606,0.0095396,0.011116,0.012786,0.014547,0.016397,0.018334,0.020357,0.022465,0.024657,0.026933,0.029294,0.031739,0.034269,0.036885,0.039588,0.042378,0.045257,0.048225,0.051284,0.054433,0.057674,0.061007,0.064432,0.067949,0.071557,0.075256,0.079044,0.082918,0.086877,0.090916,0.095032,0.099219,0.10347,0.10778,0.11214,0.11655,0.12098,0.12544,0.1299,0.13436,0.1388,0.1432,0.14755,0.15182,0.15599,0.16005,0.16397,0.16771,0.17127,0.17459,0.17766,0.18044,0.18289,0.18496,0.18663,0.18783,0.18852,0.18865,0.18815,0.18696,0.18501,0.18222,0.17852,0.17383,0.16806,0.16114,0.15299,0.14356,0.13286,0.12089,0.10773,0.093504,0.078467,0.062983,0.047575,0.032931,0.0199,0.0094472,0.0025435
0.00011424,0.0004128,0.00088073,0.0015048,0.0022731,0.0031756,0.004203,0.0053477,0.0066027,0.0079623,0.0094217,0.010977,0.012624,0.01436,0.016184,0.018093,0.020087,0.022164,0.024325,0.026568,0.028896,0.031307,0.033803,0.036385,0.039053,0.041809,0.044653,0.047588,0.050613,0.05373,0.05694,0.060243,0.063639,0.067129,0.070711,0.074385,0.078149,0.082002,0.085939,0.089958,0.094055,0.098223,0.10246,0.10675,0.11109,0.11547,0.11988,0.12431,0.12874,0.13317,0.13756,0.14192,0.1462,0.15041,0.15451,0.15848,0.1623,0.16594,0.16937,0.17255,0.17547,0.17807,0.18033,0.18221,0.18365,0.18462,0.18507,0.18494,0.18418,0.18272,0.1805,0.17745,0.1735,0.16858,0.16262,0.15554,0.14729,0.13786,0.12722,0.11542,0.10253,0.088706,0.074189,0.059343,0.044667,0.03081,0.018555,0.0087794,0.0023552
0.00011251,0.00040653,0.00086729,0.0014817,0.002238,0.0031261,0.004137,0.0052629,0.006497,0.0078336,0.0092679,0.010796,0.012414,0.014119,0.015911,0.017786,0.019744,0.021784,0.023906,0.026111,0.028398,0.030769,0.033224,0.035764,0.038391,0.041105,0.043909,0.046803,0.049789,0.052867,0.056039,0.059306,0.062667,0.066123,0.069673,0.073317,0.077052,0.080878,0.084789,0.088784,0.092857,0.097003,0.10121,0.10548,0.1098,0.11416,0.11855,0.12295,0.12735,0.13174,0.1361,0.1404,0.14464,0.14878,0.15281,0.15671,0.16043,0.16397,0.16728,0.17034,0.17311,0.17555,0.17764,0.17933,0.18058,0.18134,0.18156,0.1812,0.1802,0.17851,0.17605,0.17278,0.16862,0.16351,0.15739,0.1502,0.14189,0.13247,0.12193,0.11031,0.097711,0.084281,0.070268,0.056026,0.042034,0.0289,0.017351,0.0081859,0.002189
0.0001104,0.00039879,0.00085067,0.0014531,0.0021946,0.003065,0.0040555,0.0051584,0.0063671,0.0076758,0.0090798,0.010575,0.012159,0.013828,0.01558,0.017415,0.019331,0.021328,0.023406,0.025565,0.027805,0.030129,0.032536,0.035028,0.037606,0.040273,0.043029,0.045876,0.048815,0.051848,0.054976,0.0582,0.061521,0.064938,0.068451,0.072059,0.075761,0.079554,0.083436,0.087403,0.091449,0.09557,0.099757,0.104,0.1083,0.11263,0.11699,0.12137,0.12574,0.1301,0.13441,0.13868,0.14287,0.14695,0.15092,0.15474,0.15838,0.16182,0.16503,0.16797,0.17061,0.17291,0.17484,0.17636,0.17743,0.178,0.17802,0.17746,0.17625,0.17434,0.17168,0.16821,0.16387,0.1586,0.15236,0.14508,0.13676,0.12738,0.11696,0.10554,0.093234,0.080193,0.066665,0.052996,0.039642,0.027176,0.01627,0.0076558,0.0020416
0.00010791,0.00038966,0.00083102,0.0014193,0.0021431,0.0029926,0.0039591,0.005035,0.0062138,0.0074899,0.0088587,0.010316,0.01186,0.013487,0.015195,0.016983,0.018851,0.020799,0.022826,0.024932,0.02712,0.029389,0.031742,0.034179,0.036703,0.039315,0.042017,0.044811,0.047698,0.05068,0.053758,0.056934,0.060207,0.063579,0.06705,0.070618,0.074281,0.078039,0.081887,0.085822,0.089839,0.093932,0.098093,0.10231,0.10658,0.11089,0.11523,0.11958,0.12392,0.12825,0.13253,0.13676,0.1409,0.14494,0.14885,0.1526,0.15617,0.15952,0.16263,0.16546,0.16798,0.17016,0.17195,0.17332,0.17422,0.17462,0.17447,0.17372,0.17232,0.17023,0.16739,0.16376,0.15927,0.15388,0.14754,0.14021,0.13189,0.12258,0.11229,0.10108,0.089068,0.076408,0.063347,0.05022,0.037462,0.025613,0.015295,0.00718,0.0019099
0.00010506,0.00037919,0.00080845,0.0013804,0.002084,0.0029095,0.0038485,0.0048934,0.0060381,0.0072771,0.0086058,0.010021,0.011519,0.013098,0.014756,0.016493,0.018307,0.020199,0.022168,0.024217,0.026345,0.028554,0.030846,0.033223,0.035686,0.038237,0.040878,0.043612,0.046441,0.049365,0.052388,0.055509,0.058731,0.062053,0.065476,0.068999,0.07262,0.076337,0.080148,0.084048,0.088033,0.092095,0.096228,0.10042,0.10467,0.10895,0.11326,0.11759,0.12191,0.1262,0.13046,0.13465,0.13875,0.14274,0.1466,0.1503,0.1538,0.15708,0.1601,0.16284,0.16525,0.16731,0.16898,0.17021,0.17097,0.17121,0.1709,0.16999,0.16843,0.16618,0.1632,0.15942,0.15481,0.14932,0.14291,0.13556,0.12727,0.11804,0.1079,0.096908,0.085186,0.072897,0.060284,0.047669,0.035469,0.02419,0.014412,0.0067507,0.0017918
0.00010187,0.00036742,0.00078306,0.0013367,0.0020175,0.002816,0.003724,0.0047343,0.0058407,0.0070381,0.0083222,0.0096894,0.011137,0.012663,0.014266,0.015945,0.017699,0.01953,0.021436,0.023421,0.025483,0.027626,0.029852,0.032161,0.034556,0.037041,0.039616,0.042284,0.045048,0.047909,0.05087,0.053932,0.057096,0.060363,0.063733,0.067206,0.07078,0.074453,0.078223,0.082085,0.086034,0.090064,0.094167,0.098333,0.10255,0.10681,0.1111,0.1154,0.1197,0.12397,0.12819,0.13235,0.13642,0.14038,0.14419,0.14784,0.15128,0.15449,0.15744,0.1601,0.16242,0.16438,0.16593,0.16704,0.16768,0.16779,0.16734,0.16629,0.16459,0.16221,0.15909,0.15519,0.15048,0.14492,0.13847,0.13112,0.12288,0.11374,0.10375,0.092989,0.081559,0.069633,0.057448,0.045318,0.03364,0.02289,0.013608,0.0063617,0.0016851
9.8341e-05,0.00035439,0.00075494,0.0012882,0.0019438,0.0027124,0.0035862,0.0045582,0.0056224,0.006774,0.0080088,0.0093236,0.010716,0.012184,0.013726,0.015341,0.017031,0.018794,0.020632,0.022546,0.024537,0.026608,0.02876,0.030996,0.033319,0.03573,0.038232,0.040829,0.043522,0.046314,0.049208,0.052204,0.055305,0.058512,0.061824,0.065242,0.068765,0.07239,0.076115,0.079936,0.083847,0.087842,0.091913,0.09605,0.10024,0.10448,0.10874,0.11302,0.1173,0.12154,0.12575,0.12988,0.13392,0.13785,0.14162,0.14522,0.14862,0.15178,0.15466,0.15725,0.15949,0.16136,0.16282,0.16383,0.16435,0.16435,0.16378,0.16261,0.16079,0.15829,0.15507,0.15108,0.1463,0.14068,0.13421,0.12688,0.11869,0.10967,0.099845,0.089304,0.078162,0.066588,0.054815,0.043144,0.031955,0.021697,0.012873,0.0060073,0.0015882
9.448e-05,0.00034013,0.00072415,0.0012352,0.0018631,0.0025991,0.0034354,0.0043655,0.0053838,0.0064854,0.0076667,0.0089244,0.010256,0.011661,0.013137,0.014684,0.016303,0.017994,0.019757,0.021595,0.023509,0.025502,0.027575,0.029732,0.031975,0.034306,0.03673,0.039249,0.041866,0.044583,0.047403,0.050329,0.053361,0.056502,0.059751,0.06311,0.066576,0.070149,0.073825,0.077601,0.081471,0.085428,0.089465,0.093572,0.097738,0.10195,0.10619,0.11045,0.1147,0.11893,0.12312,0.12723,0.13125,0.13515,0.13889,0.14246,0.14582,0.14893,0.15176,0.15429,0.15646,0.15826,0.15964,0.16056,0.16099,0.16089,0.16022,0.15895,0.15703,0.15444,0.15113,0.14707,0.14223,0.13658,0.1301,0.12281,0.1147,0.10579,0.096144,0.085831,0.074973,0.063741,0.052361,0.041127,0.030398,0.020599,0.012199,0.0056828,0.0014996
9.0291e-05,0.00032465,0.00069075,0.0011776,0.0017756,0.0024762,0.0032721,0.0041569,0.0051254,0.0061731,0.0072965,0.0084927,0.0097597,0.011096,0.012501,0.013975,0.015518,0.01713,0.018814,0.02057,0.022401,0.024309,0.026298,0.028369,0.030527,0.032773,0.035112,0.037547,0.040081,0.042718,0.045459,0.048307,0.051265,0.054334,0.057516,0.060809,0.064215,0.06773,0.071354,0.075081,0.078906,0.082823,0.086824,0.090899,0.095037,0.099223,0.10344,0.10768,0.11192,0.11613,0.1203,0.12439,0.1284,0.13227,0.136,0.13954,0.14286,0.14594,0.14873,0.15121,0.15333,0.15507,0.15638,0.15723,0.15758,0.1574,0.15665,0.1553,0.1533,0.15063,0.14726,0.14314,0.13826,0.1326,0.12615,0.1189,0.11088,0.1021,0.09263,0.082545,0.071968,0.061068,0.050067,0.039247,0.028953,0.019582,0.011576,0.0053838,0.001418
8.5776e-05,0.00030799,0.00065479,0.0011157,0.0016815,0.002344,0.0030964,0.0039327,0.0048478,0.0058377,0.006899,0.0080294,0.009227,0.010491,0.01182,0.013215,0.014676,0.016205,0.017803,0.019472,0.021215,0.023033,0.024931,0.026911,0.028977,0.031132,0.033381,0.035726,0.038171,0.04072,0.043375,0.046141,0.049019,0.052011,0.055118,0.058341,0.061681,0.065134,0.0687,0.072374,0.076151,0.080025,0.083987,0.088028,0.092135,0.096295,0.10049,0.10471,0.10893,0.11313,0.11728,0.12137,0.12536,0.12922,0.13293,0.13645,0.13975,0.1428,0.14557,0.14801,0.15009,0.15178,0.15304,0.15383,0.15413,0.15388,0.15307,0.15165,0.14959,0.14686,0.14344,0.13929,0.1344,0.12874,0.12232,0.11513,0.10721,0.098572,0.089283,0.079427,0.069127,0.05855,0.047914,0.037489,0.027604,0.018637,0.010999,0.0051068,0.0013423
8.0937e-05,0.00029014,0.00061632,0.0010495,0.0015809,0.0022028,0.0029088,0.0036932,0.0045515,0.0054798,0.0064752,0.0075355,0.0086592,0.0098455,0.011094,0.012406,0.013781,0.015221,0.016728,0.018304,0.019952,0.021675,0.023476,0.025359,0.027327,0.029385,0.031536,0.033785,0.036135,0.038591,0.041155,0.043831,0.046622,0.049531,0.052558,0.055706,0.058973,0.06236,0.065863,0.069479,0.073204,0.07703,0.08095,0.084953,0.089028,0.093161,0.097336,0.10154,0.10574,0.10992,0.11407,0.11814,0.12212,0.12598,0.12968,0.13319,0.13648,0.13951,0.14226,0.14467,0.14673,0.14838,0.1496,0.15036,0.1506,0.15031,0.14945,0.14798,0.14588,0.14312,0.13967,0.1355,0.13061,0.12497,0.1186,0.11149,0.10367,0.095182,0.08608,0.076454,0.066429,0.056167,0.045882,0.035835,0.02634,0.017753,0.01046,0.0048483,0.0012715
7.5775e-05,0.00027113,0.00057537,0.00097903,0.0014739,0.0020527,0.0027095,0.003439,0.004237,0.0051001,0.0060256,0.0070118,0.0080573,0.0091617,0.010325,0.011548,0.012832,0.014178,0.015589,0.017067,0.018615,0.020237,0.021935,0.023715,0.02558,0.027534,0.029582,0.031728,0.033976,0.036332,0.038798,0.041378,0.044076,0.046895,0.049836,0.052902,0.056091,0.059404,0.062839,0.066392,0.070059,0.073834,0.077707,0.08167,0.08571,0.089813,0.093964,0.098143,0.10233,0.1065,0.11064,0.11471,0.11868,0.12254,0.12623,0.12974,0.13302,0.13605,0.13878,0.14119,0.14323,0.14486,0.14606,0.14678,0.147,0.14668,0.14579,0.14429,0.14217,0.13938,0.13592,0.13175,0.12687,0.12128,0.11496,0.10795,0.10025,0.091912,0.083002,0.073608,0.063853,0.053901,0.043956,0.034272,0.025148,0.016921,0.0099529,0.0046054,0.0012047
7.0291e-05,0.00025098,0.00053198,0.00090445,0.0013607,0.001894,0.0024988,0.0031704,0.0039048,0.0046992,0.0055511,0.0064592,0.0074224,0.0084406,0.0095142,0.010644,0.011832,0.013079,0.014388,0.015763,0.017206,0.01872,0.020311,0.021981,0.023736,0.025581,0.027519,0.029556,0.031696,0.033944,0.036305,0.038783,0.041381,0.044103,0.046952,0.049928,0.053033,0.056266,0.059626,0.063111,0.066714,0.070431,0.074254,0.078172,0.082173,0.086243,0.090366,0.094524,0.098696,0.10286,0.10698,0.11105,0.11502,0.11888,0.12258,0.12609,0.12937,0.1324,0.13513,0.13754,0.13957,0.1412,0.14239,0.1431,0.1433,0.14297,0.14206,0.14055,0.13842,0.13563,0.13217,0.12803,0.12318,0.11763,0.1114,0.10448,0.096914,0.088741,0.080028,0.070867,0.061382,0.051733,0.04212,0.032786,0.024018,0.016133,0.0094734,0.0043752,0.001141
6.4488e-05,0.00022969,0.00048621,0.00082584,0.0012414,0.0017269,0.0022771,0.0028878,0.0035556,0.0042778,0.0050526,0.0058787,0.0067556,0.0076835,0.0086629,0.0096951,0.010782,0.011925,0.013128,0.014394,0.015726,0.017128,0.018604,0.02016,0.021799,0.023527,0.025349,0.02727,0.029295,0.03143,0.033679,0.036047,0.038538,0.041155,0.043903,0.046783,0.049796,0.052942,0.056221,0.05963,0.063164,0.066817,0.070583,0.07445,0.078408,0.082441,0.086534,0.090668,0.094821,0.098971,0.10309,0.10715,0.11113,0.11499,0.11869,0.12221,0.12551,0.12854,0.13129,0.1337,0.13574,0.13737,0.13856,0.13928,0.13949,0.13915,0.13824,0.13674,0.13461,0.13184,0.12841,0.1243,0.1195,0.11403,0.10788,0.10108,0.093649,0.085647,0.077137,0.068213,0.058997,0.049647,0.040358,0.031364,0.022938,0.015382,0.009016,0.0041553,0.0010797
5.8369e-05,0.00020729,0.00043811,0.00074328,0.0011163,0.0015517,0.0020448,0.0025918,0.0031899,0.0038367,0.0045308,0.0052714,0.0060582,0.0068916,0.0077726,0.0087028,0.0096841,0.010719,0.011811,0.012962,0.014178,0.015462,0.016819,0.018253,0.01977,0.021375,0.023074,0.024872,0.026776,0.028789,0.030919,0.033169,0.035545,0.038051,0.04069,0.043466,0.046379,0.04943,0.05262,0.055945,0.059402,0.062985,0.066686,0.070497,0.074406,0.078397,0.082455,0.086561,0.090694,0.094829,0.098941,0.103,0.10698,0.11084,0.11456,0.11809,0.1214,0.12446,0.12722,0.12965,0.1317,0.13336,0.13457,0.1353,0.13552,0.13521,0.13432,0.13284,0.13074,0.128,0.1246,0.12055,0.11582,0.11043,0.10438,0.097706,0.090432,0.08261,0.07431,0.065626,0.05668,0.047626,0.038655,0.029993,0.021898,0.014659,0.0085762,0.0039432,0.00102
5.1936e-05,0.00018381,0.00038774,0.00065692,0.00098551,0.0013686,0.0018021,0.0022829,0.0028083,0.0033767,0.0039869,0.0046384,0.0053314,0.0060665,0.0068452,0.007669,0.0085404,0.0094622,0.010438,0.01147,0.012565,0.013725,0.014956,0.016263,0.017652,0.019128,0.020697,0.022366,0.024139,0.026025,0.028027,0.030152,0.032405,0.03479,0.037313,0.039975,0.042779,0.045727,0.048819,0.052052,0.055423,0.058927,0.062557,0.066304,0.070156,0.074099,0.078117,0.082191,0.086298,0.090416,0.094518,0.098574,0.10256,0.10643,0.11016,0.11371,0.11704,0.12012,0.12291,0.12536,0.12745,0.12913,0.13037,0.13114,0.13139,0.13111,0.13026,0.12881,0.12676,0.12407,0.12073,0.11674,0.1121,0.10681,0.10089,0.09435,0.08724,0.079607,0.071525,0.063086,0.054412,0.045655,0.036999,0.028661,0.02089,0.013959,0.0081495,0.0037367,0.00096124
4.5197e-05,0.00015927,0.00033518,0.00056688,0.00084925,0.001178,0.0015497,0.0019616,0.0024118,0.0028987,0.0034219,0.003981,0.0045767,0.00521,0.0058823,0.0065958,0.0073531,0.0081572,0.0090117,0.0099205,0.010888,0.011919,0.013019,0.014193,0.015447,0.016788,0.01822,0.019752,0.021389,0.023138,0.025005,0.026996,0.029117,0.031373,0.03377,0.03631,0.038996,0.041831,0.044815,0.047946,0.051222,0.054638,0.058188,0.061862,0.065649,0.069536,0.073506,0.077541,0.081618,0.085714,0.089802,0.093853,0.097836,0.10172,0.10546,0.10903,0.11239,0.1155,0.11832,0.12081,0.12294,0.12467,0.12595,0.12676,0.12706,0.12683,0.12603,0.12464,0.12265,0.12003,0.11677,0.11287,0.10833,0.10315,0.097364,0.090982,0.084049,0.076618,0.068761,0.060574,0.052176,0.043716,0.035373,0.027357,0.019905,0.013274,0.0077316,0.0035337,0.00090282
3.816e-05,0.00013371,0.00028052,0.00047334,0.00070781,0.00098032,0.001288,0.0016288,0.002001,0.0024038,0.002837,0.0033007,0.0037959,0.0043237,0.0048861,0.0054855,0.0061246,0.0068068,0.0075359,0.0083161,0.009152,0.010049,0.011012,0.012047,0.01316,0.014358,0.015647,0.017035,0.018527,0.020132,0.021855,0.023703,0.025684,0.027801,0.030062,0.032469,0.035028,0.037739,0.040604,0.043623,0.046793,0.050111,0.05357,0.057161,0.060874,0.064696,0.06861,0.072597,0.076637,0.080706,0.084775,0.088817,0.092799,0.096688,0.10045,0.10404,0.10743,0.11057,0.11344,0.11598,0.11815,0.11993,0.12127,0.12214,0.12251,0.12234,0.12161,0.1203,0.11838,0.11585,0.11269,0.10889,0.10447,0.09943,0.093791,0.08758,0.080837,0.073619,0.065999,0.058071,0.049955,0.041795,0.033766,0.02607,0.018932,0.012598,0.0073186,0.0033321,0.00084409
3.0834e-05,0.00010718,0.00022386,0.0003765,0.00056149,0.00077595,0.0010177,0.001285,0.001577,0.0018932,0.0022337,0.0025991,0.0029906,0.0034099,0.003859,0.0043406,0.0048577,0.0054139,0.0060133,0.0066602,0.0073596,0.0081168,0.0089374,0.0098277,0.010794,0.011843,0.012982,0.014218,0.015558,0.01701,0.01858,0.020277,0.022107,0.024076,0.02619,0.028455,0.030873,0.03345,0.036185,0.03908,0.042133,0.04534,0.048696,0.052193,0.05582,0.059566,0.063414,0.067345,0.071339,0.075372,0.079417,0.083444,0.087421,0.091315,0.095089,0.098706,0.10213,0.10531,0.10822,0.11081,0.11305,0.11489,0.1163,0.11724,0.11769,0.1176,0.11696,0.11574,0.11392,0.1115,0.10845,0.10478,0.1005,0.095611,0.090141,0.084116,0.077579,0.070588,0.063216,0.055557,0.04773,0.039876,0.032164,0.024788,0.017965,0.011926,0.0069066,0.0031299,0.00078447
2.3232e-05,7.9739e-05,0.00016534,0.00027657,0.00041066,0.00056542,0.00073931,0.00093129,0.0011409,0.0013681,0.0016135,0.001878,0.0021631,0.0024708,0.0028035,0.0031639,0.0035555,0.003982,0.0044475,0.0049568,0.005515,0.0061276,0.0068006,0.0075403,0.0083534,0.0092469,0.010228,0.011305,0.012485,0.013775,0.015185,0.01672,0.018389,0.020199,0.022156,0.024266,0.026534,0.028963,0.031556,0.034314,0.037236,0.040319,0.043559,0.046949,0.050479,0.054136,0.057905,0.061769,0.065707,0.069695,0.073706,0.077711,0.081679,0.085574,0.089361,0.093001,0.096455,0.099682,0.10264,0.10529,0.1076,0.10951,0.111,0.11204,0.11257,0.11258,0.11205,0.11094,0.10924,0.10694,0.10403,0.10051,0.096384,0.091669,0.086386,0.080565,0.074251,0.067501,0.060391,0.053013,0.045484,0.037943,0.030553,0.023501,0.016994,0.01125,0.0064917,0.0029253,0.00072336
1.5369e-05,5.1443e-05,0.0001051,0.00017384,0.00025571,0.00034932,0.00045375,0.00056859,0.00069387,0.00083007,0.00097814,0.0011394,0.0013157,0.0015092,0.0017225,0.0019588,0.0022215,0.0025146,0.0028426,0.0032102,0.0036228,0.004086,0.0046061,0.0051896,0.0058434,0.0065749,0.0073917,0.0083017,0.0093131,0.010434,0.011672,0.013037,0.014535,0.016175,0.017963,0.019906,0.02201,0.024278,0.026715,0.029323,0.0321,0.035045,0.038155,0.041423,0.04484,0.048394,0.052072,0.055855,0.059725,0.063656,0.067624,0.071598,0.075548,0.079439,0.083233,0.086894,0.090381,0.093652,0.096668,0.099386,0.10177,0.10377,0.10535,0.10648,0.10713,0.10725,0.10684,0.10586,0.1043,0.10215,0.099391,0.096038,0.092094,0.087573,0.082497,0.0769,0.070826,0.064336,0.057502,0.050419,0.0432,0.035981,0.028921,0.022198,0.016011,0.010566,0.0060704,0.0027165,0.00066021
7.266e-06,2.2377e-05,4.3328e-05,6.86e-05,9.713e-05,0.00012829,0.00016186,0.00019802,0.00023734,0.00028077,0.00032963,0.00038563,0.00045085,0.00052778,0.00061929,0.00072865,0.00085958,0.0010162,0.001203,0.0014251,0.0016879,0.0019972,0.0023594,0.0027813,0.0032699,0.0038329,0.0044782,0.0052141,0.0060488,0.0069911,0.0080494,0.0092326,0.010549,0.012007,0.013614,0.015378,0.017304,0.019399,0.021665,0.024106,0.026723,0.029514,0.032478,0.035607,0.038896,0.042332,0.045902,0.04959,0.053376,0.057238,0.06115,0.065083,0.069005,0.072883,0.07668,0.080357,0.083875,0.087191,0.090264,0.093053,0.095514,0.097608,0.099296,0.10054,0.10131,0.10157,0.1013,0.10047,0.099067,0.09708,0.094503,0.09134,0.087598,0.083292,0.078445,0.073093,0.06728,0.061067,0.054527,0.047754,0.040859,0.033974,0.027253,0.020869,0.015008,0.0098664,0.0056389,0.0025015,0.00059447
-1.0518e-06,-7.3607e-06,-1.9774e-05,-3.8786e-05,-6.4553e-05,-9.6908e-05,-0.00013537,-0.00017915,-0.00022715,-0.00027797,-0.00032989,-0.00038086,-0.0004285,-0.00047011,-0.00050259,-0.00052249,-0.00052597,-0.00050875,-0.00046617,-0.00039312,-0.00028402,-0.00013288,6.6777e-05,0.00032185,0.00063966,0.001028,0.0014949,0.002049,0.002699,0.0034538,0.0043224,0.005314,0.0064376,0.0077022,0.0091159,0.010687,0.012421,0.014326,0.016406,0.018665,0.021105,0.023725,0.026525,0.029499,0.03264,0.03594,0.039385,0.042961,0.046648,0.050425,0.054266,0.058144,0.062028,0.065883,0.069674,0.073361,0.076906,0.080265,0.083397,0.086259,0.088808,0.091005,0.092807,0.094179,0.095086,0.095496,0.095383,0.094724,0.093501,0.091705,0.08933,0.08638,0.082863,0.078795,0.074201,0.069115,0.063585,0.05767,0.051443,0.044998,0.038443,0.031907,0.025538,0.019501,0.013976,0.0091468,0.0051937,0.0022786,0.0005256
-9.5386e-06,-3.7642e-05,-8.3955e-05,-0.00014791,-0.00022873,-0.00032545,-0.00043686,-0.00056156,-0.00069794,-0.00084413,-0.00099804,-0.0011573,-0.0013193,-0.001481,-0.0016392,-0.0017903,-0.0019304,-0.002055,-0.0021595,-0.0022386,-0.0022866,-0.0022976,-0.0022648,-0.0021815,-0.0020399,-0.0018323,-0.0015503,-0.0011854,-0.00072831,-0.00016987,0.00049942,0.001289,0.0022084,0.0032673,0.0044743,0.0058379,0.0073662,0.0090661,0.010944,0.013003,0.015248,0.017679,0.020295,0.023094,0.026069,0.029213,0.032514,0.035958,0.039527,0.043201,0.046955,0.050763,0.054593,0.058414,0.062188,0.065878,0.069443,0.072842,0.076031,0.078969,0.081611,0.083916,0.085843,0.087354,0.088414,0.08899,0.089055,0.088586,0.087566,0.085983,0.083833,0.081121,0.077854,0.074049,0.069732,0.064938,0.059714,0.054119,0.048228,0.04213,0.035933,0.029763,0.023761,0.018086,0.012908,0.008401,0.0047313,0.002046,0.00045307
-1.8158e-05,-6.8344e-05,-0.00014895,-0.00025833,-0.00039475,-0.00055641,-0.00074139,-0.00094768,-0.0011731,-0.0014155,-0.0016722,-0.0019406,-0.0022179,-0.002501,-0.0027863,-0.0030701,-0.0033485,-0.003617,-0.0038708,-0.0041047,-0.0043129,-0.0044895,-0.0046277,-0.0047205,-0.0047604,-0.0047393,-0.0046488,-0.0044801,-0.0042239,-0.0038705,-0.0034103,-0.0028332,-0.0021291,-0.0012888,-0.00030202,0.00084035,0.0021467,0.0036253,0.0052829,0.0071248,0.0091552,0.011377,0.01379,0.016392,0.01918,0.022147,0.025282,0.028573,0.032003,0.035554,0.039201,0.042921,0.046682,0.050452,0.054197,0.057879,0.061456,0.064889,0.068133,0.071146,0.073884,0.076304,0.078364,0.080026,0.081252,0.082011,0.082273,0.082016,0.08122,0.079875,0.077975,0.075526,0.072535,0.069021,0.065007,0.060531,0.055639,0.05039,0.044857,0.03913,0.033312,0.027526,0.021909,0.016612,0.011796,0.0076234,0.0042481,0.001802,0.00037635
-2.6875e-05,-9.9332e-05,-0.00021449,-0.00036957,-0.00056189,-0.00078879,-0.0010477,-0.0013359,-0.0016507,-0.0019895,-0.0023495,-0.0027276,-0.0031208,-0.0035258,-0.003939,-0.0043567,-0.0047747,-0.0051885,-0.0055935,-0.0059843,-0.0063554,-0.0067005,-0.0070132,-0.0072863,-0.0075123,-0.0076832,-0.0077903,-0.0078248,-0.0077771,-0.0076375,-0.0073958,-0.0070418,-0.0065651,-0.0059554,-0.0052025,-0.0042962,-0.0032272,-0.0019871,-0.00056784,0.0010374,0.0028336,0.004825,0.0070129,0.0093969,0.011974,0.01474,0.017686,0.0208,0.024069,0.027473,0.030993,0.034603,0.038275,0.041979,0.045679,0.049338,0.052918,0.056376,0.059671,0.062757,0.065591,0.068129,0.07033,0.072153,0.07356,0.074518,0.074996,0.074971,0.074422,0.073339,0.071717,0.069558,0.066871,0.063675,0.059993,0.055863,0.051331,0.046455,0.041307,0.035975,0.030561,0.025181,0.019969,0.015069,0.010631,0.0068084,0.0037407,0.0015449,0.00029491
-3.5649e-05,-0.00013046,-0.00028025,-0.00048111,-0.00072936,-0.0010215,-0.0013542,-0.0017243,-0.0021285,-0.0025637,-0.0030269,-0.0035147,-0.0040239,-0.004551,-0.0050924,-0.0056443,-0.0062026,-0.0067628,-0.0073202,-0.0078697,-0.0084055,-0.0089218,-0.009412,-0.009869,-0.010285,-0.010653,-0.010964,-0.011208,-0.011376,-0.011459,-0.011445,-0.011324,-0.011087,-0.01072,-0.010215,-0.0095598,-0.0087447,-0.0077602,-0.0065976,-0.005249,-0.0037075,-0.0019689,-2.9323e-05,0.0021123,0.0044549,0.0069951,0.0097258,0.012638,0.015719,0.018953,0.02232,0.025798,0.029359,0.032975,0.036612,0.040233,0.043801,0.047275,0.050611,0.053766,0.056695,0.059355,0.061703,0.063696,0.065296,0.066468,0.067181,0.067409,0.067132,0.066336,0.065017,0.063177,0.060824,0.057976,0.054657,0.050903,0.046761,0.042287,0.037553,0.032644,0.027659,0.022712,0.017928,0.013446,0.0094062,0.0059503,0.0032056,0.0012729,0.0002082
-4.4436e-05,-0.00016157,-0.0003459,-0.00059237,-0.0008963,-0.0012534,-0.0016596,-0.002111,-0.0026041,-0.0031352,-0.003701,-0.004298,-0.0049227,-0.0055716,-0.006241,-0.0069271,-0.0076258,-0.0083328,-0.0090433,-0.0097523,-0.010454,-0.011144,-0.011814,-0.012458,-0.013068,-0.013637,-0.014156,-0.014616,-0.015007,-0.01532,-0.015543,-0.015667,-0.015679,-0.015569,-0.015325,-0.014936,-0.014391,-0.013681,-0.012794,-0.011722,-0.010457,-0.0089934,-0.0073261,-0.005452,-0.0033704,-0.0010835,0.0014053,0.0040877,0.0069538,0.0099893,0.013177,0.016496,0.019922,0.023426,0.026978,0.030543,0.034083,0.037557,0.040925,0.044142,0.047163,0.049945,0.052442,0.054613,0.056418,0.05782,0.058785,0.059288,0.059305,0.058824,0.057836,0.056344,0.054356,0.051887,0.048963,0.045618,0.041898,0.037859,0.033571,0.029115,0.024589,0.020101,0.015772,0.011731,0.0081121,0.0050435,0.0026393,0.00098433,0.00011562
-5.3186e-05,-0.0001925,-0.00041108,-0.00070273,-0.0010618,-0.0014831,-0.001962,-0.002494,-0.0030749,-0.0037009,-0.0043683,-0.0050734,-0.0058127,-0.0065824,-0.007379,-0.0081986,-0.0090372,-0.0098906,-0.010754,-0.011623,-0.012492,-0.013356,-0.014208,-0.015041,-0.015848,-0.016622,-0.017354,-0.018036,-0.018656,-0.019207,-0.019676,-0.020053,-0.020326,-0.020485,-0.020516,-0.020409,-0.020151,-0.019732,-0.01914,-0.018366,-0.0174,-0.016235,-0.014865,-0.013284,-0.01149,-0.0094841,-0.0072671,-0.0048441,-0.0022238,0.00058349,0.0035622,0.0066937,0.0099559,0.013323,0.016766,0.020251,0.023742,0.027201,0.030587,0.033855,0.036962,0.039862,0.042512,0.044867,0.046886,0.04853,0.049766,0.050564,0.0509,0.050758,0.050131,0.049018,0.047426,0.045371,0.042876,0.039975,0.036712,0.033142,0.029333,0.025365,0.021329,0.017331,0.013486,0.0099146,0.006741,0.0040824,0.0020384,0.00067742,1.6513e-05
-6.1848e-05,-0.00022304,-0.0004754,-0.00081157,-0.0012249,-0.0017095,-0.0022598,-0.002871,-0.0035384,-0.0042578,-0.0050252,-0.0058368,-0.006689,-0.007578,-0.0085003,-0.009452,-0.010429,-0.011428,-0.012444,-0.013473,-0.014509,-0.015547,-0.016582,-0.017606,-0.018613,-0.019594,-0.020543,-0.021451,-0.022306,-0.023101,-0.023824,-0.024464,-0.025009,-0.025448,-0.025768,-0.025958,-0.026004,-0.025894,-0.025618,-0.025163,-0.024519,-0.023677,-0.022629,-0.021369,-0.019891,-0.018195,-0.016279,-0.014146,-0.011802,-0.009256,-0.0065195,-0.0036082,-0.00054078,0.0026595,0.0059648,0.009344,0.012764,0.016187,0.019573,0.022879,0.026062,0.029076,0.031876,0.034418,0.036659,0.038559,0.040081,0.041194,0.041872,0.042098,0.04186,0.041158,0.039997,0.03839,0.03636,0.03394,0.031171,0.028108,0.024815,0.02137,0.01786,0.014386,0.011057,0.007985,0.0052848,0.0030611,0.0013994,0.00035038,-8.9198e-05
-7.0362e-05,-0.00025301,-0.00053844,-0.00091817,-0.0013846,-0.001931,-0.0025512,-0.0032398,-0.0039917,-0.0048024,-0.0056677,-0.0065837,-0.0075465,-0.0085526,-0.0095984,-0.01068,-0.011794,-0.012937,-0.014104,-0.015291,-0.016493,-0.017706,-0.018923,-0.020139,-0.021346,-0.022538,-0.023707,-0.024844,-0.02594,-0.026985,-0.027969,-0.02888,-0.029707,-0.030438,-0.03106,-0.031561,-0.031927,-0.032145,-0.032204,-0.03209,-0.031791,-0.031297,-0.030599,-0.029687,-0.028555,-0.027199,-0.025616,-0.023805,-0.021771,-0.019518,-0.017056,-0.014398,-0.01156,-0.0085618,-0.0054277,-0.002184,0.0011374,0.0045003,0.0078653,0.011191,0.014436,0.017556,0.020503,0.023231,0.025699,0.027864,0.029688,0.031136,0.032179,0.032799,0.032981,0.032722,0.032026,0.030904,0.029377,0.027477,0.025243,0.022726,0.01999,0.017107,0.014161,0.011249,0.0084701,0.0059313,0.003735,0.0019743,0.00071883,1.4888e-06,-0.00020044
-7.8668e-05,-0.0002822,-0.00059979,-0.0010218,-0.0015398,-0.0021462,-0.0028342,-0.0035979,-0.0044319,-0.0053313,-0.0062918,-0.0073093,-0.00838,-0.0095003,-0.010667,-0.011876,-0.013124,-0.014408,-0.015724,-0.017067,-0.018434,-0.019819,-0.021219,-0.022625,-0.024034,-0.025437,-0.026828,-0.028197,-0.029537,-0.030838,-0.032089,-0.033279,-0.034397,-0.03543,-0.036367,-0.037192,-0.037894,-0.038458,-0.038871,-0.039119,-0.03919,-0.039069,-0.038748,-0.038213,-0.037458,-0.036474,-0.035257,-0.033803,-0.032113,-0.03019,-0.028038,-0.025669,-0.023094,-0.020331,-0.0174,-0.014325,-0.011137,-0.0078669,-0.00455,-0.0012247,0.0020661,0.0052772,0.0083613,0.011274,0.013971,0.016409,0.018547,0.020346,0.021777,0.022817,0.023448,0.023666,0.023471,0.022873,0.02189,0.02055,0.018893,0.016966,0.014829,0.012551,0.010211,0.0078999,0.0057114,0.0037423,0.0020835,0.00081639,-6.4506e-06,-0.00036732,-0.00031681
-8.6704e-05,-0.0003104,-0.00065899,-0.0011218,-0.0016894,-0.0023536,-0.0031069,-0.003943,-0.0048561,-0.0058411,-0.0068934,-0.0080089,-0.0091839,-0.010415,-0.011698,-0.013031,-0.01441,-0.015832,-0.017293,-0.01879,-0.020319,-0.021875,-0.023454,-0.025051,-0.02666,-0.028274,-0.029887,-0.031491,-0.033077,-0.034637,-0.03616,-0.037636,-0.039052,-0.040398,-0.041659,-0.042823,-0.043876,-0.044803,-0.045589,-0.046221,-0.046683,-0.046962,-0.047044,-0.046917,-0.046569,-0.045991,-0.045175,-0.044114,-0.042806,-0.041249,-0.039447,-0.037405,-0.035131,-0.03264,-0.029949,-0.027078,-0.024054,-0.020906,-0.017665,-0.01437,-0.011061,-0.0077817,-0.0045735,-0.001483,0.0014426,0.0041574,0.0066187,0.0087839,0.010623,0.012109,0.01322,0.013948,0.014291,0.014255,0.013857,0.013122,0.012086,0.010795,0.0093039,0.0076768,0.0059883,0.0043221,0.0027657,0.0014068,0.00032228,-0.00041807,-0.00077331,-0.00075419,-0.00043867
-9.4403e-05,-0.00033737,-0.00071558,-0.0012173,-0.0018324,-0.0025517,-0.0033674,-0.0042725,-0.0052611,-0.0063279,-0.0074681,-0.0086776,-0.0099527,-0.01129,-0.012686,-0.014138,-0.015644,-0.017199,-0.018802,-0.020448,-0.022135,-0.023859,-0.025615,-0.027399,-0.029207,-0.031031,-0.032866,-0.034704,-0.036539,-0.03836,-0.040159,-0.041925,-0.043646,-0.045312,-0.046908,-0.048422,-0.049839,-0.051144,-0.052322,-0.053357,-0.054234,-0.054936,-0.05545,-0.055759,-0.055851,-0.055713,-0.055334,-0.054704,-0.053817,-0.052668,-0.051255,-0.049582,-0.047652,-0.045475,-0.043063,-0.040435,-0.037612,-0.03462,-0.031488,-0.028251,-0.024947,-0.021617,-0.018303,-0.015052,-0.01191,-0.0089241,-0.0061387,-0.0035913,-0.0013237,0.0006324,0.0022525,0.0035233,0.0044407,0.0050082,0.0052377,0.0051535,0.0047873,0.0041805,0.0033843,0.0024578,0.0014697,0.00049683,-0.00038177,-0.0010886,-0.0015515,-0.0017225,-0.0015821,-0.0011623,-0.0005672
-0.0001017,-0.00036289,-0.0007691,-0.0013076,-0.0019674,-0.0027388,-0.0036134,-0.0045839,-0.005644,-0.0067882,-0.0080118,-0.0093105,-0.010681,-0.012119,-0.013623,-0.01519,-0.016816,-0.0185,-0.020239,-0.02203,-0.023871,-0.025757,-0.027687,-0.029655,-0.031657,-0.033688,-0.035743,-0.037815,-0.039897,-0.041981,-0.044057,-0.046117,-0.048148,-0.05014,-0.05208,-0.053954,-0.055747,-0.057444,-0.05903,-0.060488,-0.061801,-0.062951,-0.063922,-0.064698,-0.065261,-0.065597,-0.06569,-0.06553,-0.065104,-0.064405,-0.063427,-0.062166,-0.060625,-0.058806,-0.05672,-0.054378,-0.051798,-0.049001,-0.046015,-0.04287,-0.0396,-0.036246,-0.032848,-0.029451,-0.026102,-0.022847,-0.019734,-0.016802,-0.014096,-0.011652,-0.009498,-0.0076538,-0.006127,-0.0049163,-0.0040111,-0.0033956,-0.0030421,-0.0029135,-0.0029636,-0.0031359,-0.0033676,-0.0035917,-0.0037383,-0.0037406,-0.0035408,-0.0031067,-0.0024398,-0.0015952,-0.00070361
-0.00010852,-0.00038674,-0.00081908,-0.0013919,-0.0020935,-0.0029135,-0.0038431,-0.0048747,-0.0060016,-0.0072183,-0.00852,-0.0099025,-0.011362,-0.012896,-0.014502,-0.016177,-0.017918,-0.019725,-0.021594,-0.023524,-0.025512,-0.027556,-0.029653,-0.0318,-0.033992,-0.036227,-0.038498,-0.040801,-0.043129,-0.045474,-0.047828,-0.050182,-0.052527,-0.054849,-0.057138,-0.05938,-0.061559,-0.063662,-0.06567,-0.067568,-0.069336,-0.070957,-0.072411,-0.073681,-0.074746,-0.07559,-0.076193,-0.076541,-0.076619,-0.076413,-0.075914,-0.075114,-0.074009,-0.072598,-0.070885,-0.068877,-0.066587,-0.064032,-0.061234,-0.05822,-0.055021,-0.051673,-0.048217,-0.044695,-0.041154,-0.03764,-0.034201,-0.030881,-0.027726,-0.024776,-0.022065,-0.019617,-0.017445,-0.01555,-0.013928,-0.012565,-0.01144,-0.01052,-0.0097645,-0.0091239,-0.0085423,-0.0079612,-0.0073211,-0.0065676,-0.005659,-0.0045798,-0.0033523,-0.0020558,-0.00084896
-0.00011481,-0.00040869,-0.00086505,-0.0014695,-0.0022094,-0.0030742,-0.0040544,-0.0051422,-0.0063308,-0.0076145,-0.0089885,-0.010449,-0.011992,-0.013615,-0.015316,-0.017092,-0.018942,-0.020863,-0.022856,-0.024917,-0.027046,-0.029241,-0.031499,-0.033818,-0.036195,-0.038627,-0.041109,-0.043638,-0.046207,-0.048811,-0.051441,-0.05409,-0.056747,-0.059403,-0.062044,-0.064659,-0.067233,-0.06975,-0.072193,-0.074546,-0.076787,-0.078899,-0.08086,-0.08265,-0.084248,-0.085632,-0.086782,-0.087677,-0.0883,-0.088632,-0.08866,-0.088369,-0.087751,-0.0868,-0.085513,-0.083892,-0.081944,-0.079681,-0.07712,-0.074283,-0.071197,-0.067895,-0.064414,-0.060795,-0.057083,-0.053324,-0.049566,-0.045858,-0.042247,-0.038776,-0.035485,-0.032406,-0.029554,-0.026935,-0.02455,-0.02239,-0.020439,-0.01867,-0.01705,-0.015535,-0.01408,-0.012634,-0.011149,-0.0095862,-0.0079191,-0.0061507,-0.0043253,-0.002547,-0.0010041
-0.00012049,-0.00042851,-0.00090655,-0.0015395,-0.0023141,-0.0032193,-0.0042453,-0.005384,-0.0066286,-0.0079733,-0.0094132,-0.010944,-0.012564,-0.014269,-0.016057,-0.017927,-0.019877,-0.021906,-0.024014,-0.026199,-0.028461,-0.030797,-0.033208,-0.035691,-0.038245,-0.040867,-0.043554,-0.046302,-0.049107,-0.051964,-0.054866,-0.057805,-0.060774,-0.063762,-0.066757,-0.069749,-0.072721,-0.07566,-0.078548,-0.081367,-0.084097,-0.086717,-0.089206,-0.091542,-0.093699,-0.095655,-0.097385,-0.098867,-0.10008,-0.10099,-0.10159,-0.10186,-0.10179,-0.10135,-0.10054,-0.099368,-0.09782,-0.095905,-0.093637,-0.09103,-0.088107,-0.084896,-0.081431,-0.077749,-0.073895,-0.069913,-0.065852,-0.061762,-0.057691,-0.053689,-0.049798,-0.046061,-0.042496,-0.039113,-0.035918,-0.03291,-0.030077,-0.027401,-0.024853,-0.022401,-0.020008,-0.017634,-0.015244,-0.012814,-0.010334,-0.007829,-0.0053646,-0.0030718,-0.0011699
-0.00012549,-0.00044597,-0.00094313,-0.0016011,-0.0024064,-0.0033473,-0.0044139,-0.0055978,-0.0068922,-0.0082911,-0.00979,-0.011385,-0.013073,-0.014851,-0.016719,-0.018674,-0.020716,-0.022844,-0.025058,-0.027357,-0.029742,-0.032212,-0.034766,-0.037404,-0.040125,-0.042927,-0.04581,-0.048769,-0.051802,-0.054904,-0.058071,-0.061295,-0.06457,-0.067887,-0.071234,-0.074602,-0.077975,-0.081339,-0.084677,-0.087971,-0.091201,-0.094345,-0.09738,-0.10028,-0.10302,-0.10558,-0.10793,-0.11003,-0.11187,-0.11341,-0.11463,-0.11552,-0.11603,-0.11617,-0.11591,-0.11524,-0.11415,-0.11265,-0.11073,-0.10841,-0.10571,-0.10265,-0.099248,-0.095549,-0.09159,-0.087415,-0.083074,-0.078615,-0.07409,-0.069551,-0.065046,-0.060628,-0.056316,-0.052129,-0.04808,-0.044172,-0.0404,-0.036754,-0.033215,-0.029759,-0.026359,-0.02299,-0.019629,-0.016269,-0.01292,-0.0096249,-0.0064764,-0.003633,-0.0013473
-0.00012976,-0.00046088,-0.00097436,-0.0016538,-0.0024853,-0.0034568,-0.0045583,-0.0057812,-0.0071186,-0.0085648,-0.010115,-0.011766,-0.013514,-0.015358,-0.017296,-0.019327,-0.021451,-0.023668,-0.025978,-0.028381,-0.030878,-0.03347,-0.036156,-0.038938,-0.041816,-0.044788,-0.047855,-0.051014,-0.054264,-0.057602,-0.061024,-0.064525,-0.068099,-0.071737,-0.075431,-0.07917,-0.082942,-0.086731,-0.090522,-0.094296,-0.098034,-0.10171,-0.10531,-0.10879,-0.11214,-0.11533,-0.11831,-0.12107,-0.12358,-0.12579,-0.12769,-0.12923,-0.1304,-0.13117,-0.13151,-0.13141,-0.13085,-0.12983,-0.12834,-0.12638,-0.12396,-0.12111,-0.11783,-0.11417,-0.11015,-0.10583,-0.10124,-0.096434,-0.09147,-0.0864,-0.081279,-0.076152,-0.071062,-0.066034,-0.061085,-0.056225,-0.051458,-0.046779,-0.042181,-0.03765,-0.033173,-0.028735,-0.024333,-0.019975,-0.015691,-0.01155,-0.0076681,-0.0042344,-0.0015372
-0.00013324,-0.00047302,-0.00099982,-0.0016969,-0.0025499,-0.0035466,-0.0046769,-0.0059321,-0.0073054,-0.008791,-0.010384,-0.012082,-0.013882,-0.015782,-0.01778,-0.019877,-0.022073,-0.024368,-0.026763,-0.029259,-0.031857,-0.034559,-0.037366,-0.040279,-0.0433,-0.046429,-0.049667,-0.053014,-0.056468,-0.060029,-0.063694,-0.06746,-0.071321,-0.075271,-0.079302,-0.083405,-0.087569,-0.091779,-0.09602,-0.10027,-0.10452,-0.10874,-0.1129,-0.11699,-0.12096,-0.12479,-0.12845,-0.1319,-0.1351,-0.13803,-0.14064,-0.1429,-0.14478,-0.14624,-0.14725,-0.14779,-0.14783,-0.14736,-0.14637,-0.14484,-0.14279,-0.14022,-0.13714,-0.13358,-0.12956,-0.12514,-0.12034,-0.11523,-0.10985,-0.10426,-0.098511,-0.092668,-0.086781,-0.080881,-0.074991,-0.069129,-0.063307,-0.057531,-0.051804,-0.046124,-0.040492,-0.034909,-0.029388,-0.023957,-0.01867,-0.013619,-0.0089481,-0.0048802,-0.0017411
-0.00013586,-0.00048221,-0.0010192,-0.0017296,-0.0025991,-0.0036153,-0.0047679,-0.0060485,-0.0074501,-0.0089671,-0.010595,-0.012331,-0.014173,-0.016118,-0.018167,-0.02032,-0.022576,-0.024938,-0.027405,-0.029981,-0.032667,-0.035466,-0.038379,-0.04141,-0.04456,-0.047831,-0.051225,-0.054744,-0.058388,-0.062157,-0.06605,-0.070064,-0.074198,-0.078446,-0.082801,-0.087256,-0.091801,-0.096422,-0.10111,-0.10584,-0.11059,-0.11535,-0.12009,-0.12478,-0.12938,-0.13388,-0.13823,-0.14239,-0.14633,-0.15001,-0.15338,-0.1564,-0.15904,-0.16125,-0.16299,-0.16424,-0.16496,-0.16513,-0.16471,-0.16371,-0.1621,-0.15989,-0.15709,-0.15371,-0.14978,-0.14532,-0.14038,-0.135,-0.12924,-0.12315,-0.11679,-0.11022,-0.10353,-0.096729,-0.089861,-0.082949,-0.076014,-0.069076,-0.062146,-0.055239,-0.04837,-0.041557,-0.034834,-0.028249,-0.02188,-0.015848,-0.010327,-0.0055759,-0.0019607
-0.00013758,-0.00048829,-0.001032,-0.0017515,-0.0026322,-0.0036618,-0.0048301,-0.0061286,-0.0075506,-0.0090905,-0.010744,-0.012509,-0.014382,-0.016364,-0.018452,-0.020648,-0.022954,-0.025369,-0.027897,-0.030539,-0.033299,-0.03618,-0.039185,-0.042317,-0.04558,-0.048977,-0.05251,-0.056183,-0.059998,-0.063957,-0.068059,-0.072305,-0.076693,-0.08122,-0.085882,-0.090673,-0.095582,-0.1006,-0.10572,-0.11091,-0.11616,-0.12146,-0.12677,-0.13206,-0.13731,-0.14248,-0.14753,-0.15243,-0.15713,-0.16159,-0.16576,-0.16959,-0.17304,-0.17606,-0.17861,-0.18064,-0.18211,-0.18299,-0.18325,-0.18285,-0.18178,-0.18004,-0.17761,-0.1745,-0.17073,-0.16632,-0.16131,-0.15573,-0.14964,-0.14309,-0.13615,-0.12888,-0.12136,-0.11365,-0.10577,-0.097758,-0.089655,-0.081487,-0.073281,-0.065064,-0.05687,-0.048736,-0.040718,-0.032888,-0.025352,-0.018259,-0.011819,-0.0063284,-0.0021981
-0.00013835,-0.0004911,-0.0010381,-0.001762,-0.0026485,-0.0036852,-0.0048621,-0.0061709,-0.0076049,-0.0091589,-0.010829,-0.012612,-0.014507,-0.016513,-0.01863,-0.020858,-0.023199,-0.025656,-0.02823,-0.030924,-0.033744,-0.036691,-0.039771,-0.042988,-0.046346,-0.049849,-0.053503,-0.057311,-0.061277,-0.065404,-0.069694,-0.074149,-0.07877,-0.083555,-0.088501,-0.093605,-0.098859,-0.10425,-0.10978,-0.11542,-0.12116,-0.12698,-0.13285,-0.13874,-0.14463,-0.15047,-0.15624,-0.16189,-0.16736,-0.17263,-0.17763,-0.18231,-0.18662,-0.19051,-0.19392,-0.19681,-0.19911,-0.20079,-0.20181,-0.20212,-0.2017,-0.20052,-0.19856,-0.19584,-0.19234,-0.18808,-0.18308,-0.17739,-0.17105,-0.16411,-0.15663,-0.14868,-0.14035,-0.1317,-0.12278,-0.11364,-0.10432,-0.094854,-0.085294,-0.075682,-0.066068,-0.056515,-0.0471,-0.037924,-0.029123,-0.020879,-0.013441,-0.0071468,-0.0024566
-0.00013813,-0.00049051,-0.0010371,-0.0017608,-0.0026474,-0.0036847,-0.004863,-0.0061741,-0.0076116,-0.0091705,-0.010847,-0.012639,-0.014545,-0.016564,-0.018697,-0.020944,-0.023309,-0.025792,-0.028398,-0.03113,-0.033992,-0.03699,-0.040127,-0.04341,-0.046844,-0.050434,-0.054187,-0.058108,-0.062201,-0.066473,-0.070927,-0.075566,-0.080394,-0.08541,-0.090614,-0.096005,-0.10158,-0.10732,-0.11324,-0.1193,-0.1255,-0.13182,-0.13823,-0.14471,-0.15123,-0.15774,-0.16422,-0.17062,-0.17689,-0.18297,-0.18883,-0.19439,-0.19961,-0.20442,-0.20875,-0.21256,-0.21578,-0.21835,-0.22022,-0.22134,-0.22167,-0.22117,-0.21982,-0.21759,-0.21448,-0.21049,-0.20563,-0.19994,-0.19344,-0.18618,-0.17823,-0.16966,-0.16053,-0.15096,-0.14099,-0.13069,-0.1201,-0.10928,-0.098289,-0.087191,-0.076059,-0.064978,-0.054054,-0.043418,-0.033241,-0.023743,-0.015215,-0.0080426,-0.0027399
-0.00013689,-0.00048641,-0.0010288,-0.0017475,-0.0026283,-0.0036596,-0.0048318,-0.0061371,-0.0075694,-0.009124,-0.010797,-0.012588,-0.014493,-0.016514,-0.01865,-0.020904,-0.023278,-0.025775,-0.028397,-0.03115,-0.034039,-0.037069,-0.040245,-0.043574,-0.047063,-0.050719,-0.054548,-0.058557,-0.062753,-0.067144,-0.071733,-0.076528,-0.081533,-0.08675,-0.092181,-0.097827,-0.10368,-0.10975,-0.11602,-0.12247,-0.1291,-0.1359,-0.14283,-0.14987,-0.15699,-0.16416,-0.17134,-0.17848,-0.18554,-0.19246,-0.19919,-0.20566,-0.21181,-0.21758,-0.22289,-0.22769,-0.23189,-0.23543,-0.23825,-0.24029,-0.24149,-0.2418,-0.24117,-0.23958,-0.237,-0.23342,-0.22884,-0.22327,-0.21674,-0.20928,-0.20096,-0.19182,-0.18196,-0.1715,-0.16049,-0.14901,-0.13711,-0.12488,-0.11239,-0.099712,-0.086955,-0.074229,-0.061671,-0.049448,-0.037768,-0.026896,-0.017171,-0.0090314,-0.0030533
-0.0001346,-0.00047873,-0.0010132,-0.0017218,-0.002591,-0.0036095,-0.0047681,-0.0060595,-0.0074777,-0.0090184,-0.010679,-0.012456,-0.01435,-0.016361,-0.018489,-0.020736,-0.023105,-0.0256,-0.028224,-0.030982,-0.033879,-0.036923,-0.040118,-0.043474,-0.046996,-0.050693,-0.054573,-0.058645,-0.062917,-0.067397,-0.072092,-0.077011,-0.082159,-0.087543,-0.093165,-0.099029,-0.10514,-0.11148,-0.11806,-0.12487,-0.1319,-0.13912,-0.14653,-0.1541,-0.1618,-0.1696,-0.17746,-0.18533,-0.19316,-0.20091,-0.20851,-0.2159,-0.22301,-0.22977,-0.23611,-0.24195,-0.2472,-0.2518,-0.25567,-0.25873,-0.26092,-0.26216,-0.26241,-0.26161,-0.25971,-0.2567,-0.25256,-0.24727,-0.24086,-0.23334,-0.22477,-0.21519,-0.20469,-0.19338,-0.18136,-0.16871,-0.15549,-0.1418,-0.12773,-0.11339,-0.098894,-0.084397,-0.070066,-0.056109,-0.04278,-0.030394,-0.019345,-0.010133,-0.003404
-0.00013124,-0.00046741,-0.00099006,-0.0016836,-0.0025352,-0.0035341,-0.0046716,-0.0059407,-0.007336,-0.0088534,-0.01049,-0.012244,-0.014116,-0.016104,-0.018211,-0.020438,-0.022789,-0.025266,-0.027876,-0.030622,-0.03351,-0.036548,-0.039743,-0.043102,-0.046635,-0.050349,-0.054255,-0.058362,-0.062679,-0.067217,-0.071986,-0.076994,-0.082249,-0.08776,-0.093534,-0.099574,-0.10589,-0.11247,-0.11932,-0.12643,-0.13381,-0.14142,-0.14927,-0.15732,-0.16555,-0.17394,-0.18243,-0.191,-0.19959,-0.20814,-0.21661,-0.22492,-0.23299,-0.24077,-0.24816,-0.25508,-0.26145,-0.26718,-0.27218,-0.27637,-0.27967,-0.28198,-0.28325,-0.28339,-0.28236,-0.28009,-0.27657,-0.27176,-0.26565,-0.25826,-0.24961,-0.23975,-0.22874,-0.21667,-0.2037,-0.1899,-0.17536,-0.16018,-0.14448,-0.12838,-0.11204,-0.09564,-0.079383,-0.063527,-0.048379,-0.034313,-0.021787,-0.011375,-0.0038013
-0.00012681,-0.00045243,-0.00095937,-0.001633,-0.002461,-0.0034335,-0.0045424,-0.0057811,-0.0071446,-0.0086292,-0.010232,-0.011953,-0.01379,-0.015744,-0.017817,-0.020011,-0.022329,-0.024774,-0.027353,-0.030069,-0.032931,-0.035944,-0.039117,-0.042458,-0.045977,-0.049683,-0.053587,-0.057699,-0.062032,-0.066595,-0.071401,-0.07646,-0.081783,-0.08738,-0.09326,-0.099431,-0.1059,-0.11266,-0.11973,-0.1271,-0.13477,-0.14272,-0.15094,-0.15942,-0.16813,-0.17705,-0.18613,-0.19535,-0.20465,-0.21398,-0.22328,-0.23248,-0.24152,-0.25031,-0.25876,-0.2668,-0.27433,-0.28125,-0.28747,-0.29288,-0.2974,-0.30091,-0.30335,-0.30461,-0.30461,-0.3033,-0.30061,-0.29649,-0.29091,-0.28386,-0.27535,-0.26539,-0.25405,-0.24138,-0.22756,-0.21269,-0.19687,-0.18021,-0.16283,-0.14491,-0.12661,-0.10815,-0.089803,-0.07186,-0.054695,-0.038751,-0.024564,-0.012793,-0.0042579
-0.00012128,-0.00043379,-0.00092117,-0.0015698,-0.0023685,-0.003308,-0.0043808,-0.005581,-0.006904,-0.0083466,-0.0099065,-0.011582,-0.013374,-0.015283,-0.017309,-0.019456,-0.021727,-0.024125,-0.026657,-0.029327,-0.032142,-0.035111,-0.03824,-0.04154,-0.045021,-0.048693,-0.052566,-0.056655,-0.060969,-0.065523,-0.070329,-0.0754,-0.080748,-0.086386,-0.092325,-0.098574,-0.10514,-0.11204,-0.11927,-0.12683,-0.13472,-0.14294,-0.15147,-0.16031,-0.16943,-0.17882,-0.18843,-0.19823,-0.20819,-0.21824,-0.22832,-0.23839,-0.24835,-0.25813,-0.26765,-0.27681,-0.28552,-0.29368,-0.30117,-0.30789,-0.31373,-0.31857,-0.32232,-0.32487,-0.32611,-0.32595,-0.32432,-0.32113,-0.31634,-0.30989,-0.30178,-0.29199,-0.28056,-0.26754,-0.25302,-0.23719,-0.22016,-0.20205,-0.183,-0.16319,-0.14283,-0.12218,-0.10155,-0.081309,-0.061895,-0.043836,-0.027762,-0.014435,-0.0047915
-0.00011468,-0.00041152,-0.00087557,-0.0014945,-0.002258,-0.0031579,-0.0041875,-0.0053414,-0.0066155,-0.0080071,-0.009514,-0.011135,-0.012871,-0.014722,-0.016689,-0.018776,-0.020986,-0.023322,-0.025791,-0.028397,-0.031148,-0.034052,-0.037117,-0.040353,-0.043771,-0.047381,-0.051196,-0.055229,-0.059492,-0.064,-0.068768,-0.073809,-0.079137,-0.084767,-0.090713,-0.096987,-0.1036,-0.11056,-0.11788,-0.12557,-0.13362,-0.14203,-0.1508,-0.15992,-0.16937,-0.17914,-0.1892,-0.19951,-0.21004,-0.22074,-0.23154,-0.2424,-0.25324,-0.26397,-0.27453,-0.2848,-0.29469,-0.30409,-0.31289,-0.32098,-0.32823,-0.33451,-0.33971,-0.3437,-0.34637,-0.34759,-0.34726,-0.34527,-0.34154,-0.33601,-0.3286,-0.31929,-0.30807,-0.29496,-0.28001,-0.26344,-0.24536,-0.22589,-0.2052,-0.18348,-0.16098,-0.138,-0.11491,-0.092129,-0.070198,-0.049739,-0.031498,-0.016368,-0.0054261
-0.00010701,-0.0003857,-0.00082275,-0.0014072,-0.0021302,-0.0029843,-0.0039637,-0.0050637,-0.006281,-0.0076127,-0.0090575,-0.010614,-0.012283,-0.014065,-0.015962,-0.017976,-0.020111,-0.02237,-0.02476,-0.027285,-0.029954,-0.032773,-0.035753,-0.038902,-0.042232,-0.045754,-0.049481,-0.053427,-0.057605,-0.062031,-0.06672,-0.071687,-0.07695,-0.082523,-0.088422,-0.094663,-0.10126,-0.10822,-0.11557,-0.1233,-0.13142,-0.13995,-0.14887,-0.15818,-0.16787,-0.17793,-0.18834,-0.19906,-0.21007,-0.22132,-0.23275,-0.24432,-0.25595,-0.26757,-0.27909,-0.29042,-0.30146,-0.31211,-0.32223,-0.33171,-0.34042,-0.34823,-0.355,-0.36058,-0.36485,-0.36766,-0.36887,-0.36836,-0.36601,-0.36171,-0.35537,-0.34691,-0.33629,-0.32348,-0.3085,-0.29144,-0.27253,-0.25188,-0.22966,-0.20607,-0.1814,-0.15597,-0.13022,-0.10464,-0.079885,-0.056684,-0.035932,-0.018682,-0.0061954
-9.8299e-05,-0.00035643,-0.00076298,-0.0013086,-0.0019857,-0.0027881,-0.0037109,-0.0047501,-0.0059027,-0.0071666,-0.0085404,-0.010023,-0.011616,-0.013318,-0.015133,-0.017062,-0.019108,-0.021277,-0.023572,-0.026,-0.028568,-0.031284,-0.034157,-0.037196,-0.040413,-0.043821,-0.047431,-0.051258,-0.055317,-0.059623,-0.064193,-0.069044,-0.074193,-0.079657,-0.085455,-0.091602,-0.098116,-0.10501,-0.1123,-0.12,-0.12812,-0.13667,-0.14564,-0.15505,-0.16487,-0.17512,-0.18576,-0.19678,-0.20815,-0.21983,-0.23178,-0.24394,-0.25626,-0.26866,-0.28106,-0.29337,-0.30549,-0.31732,-0.32873,-0.3396,-0.3498,-0.35918,-0.36759,-0.37489,-0.38091,-0.3855,-0.38849,-0.38974,-0.38909,-0.38639,-0.3815,-0.37432,-0.36474,-0.35268,-0.33811,-0.32102,-0.30164,-0.2801,-0.25657,-0.23124,-0.20442,-0.17648,-0.14789,-0.11926,-0.09132,-0.06497,-0.041276,-0.021503,-0.0071474
-8.8568e-05,-0.00032388,-0.00069662,-0.0011993,-0.0018257,-0.002571,-0.0034312,-0.004403,-0.005484,-0.0066724,-0.0079671,-0.0093676,-0.010874,-0.012487,-0.014208,-0.01604,-0.017986,-0.02005,-0.022236,-0.024551,-0.027001,-0.029595,-0.03234,-0.035248,-0.038329,-0.041595,-0.04506,-0.048737,-0.052643,-0.056793,-0.061204,-0.065894,-0.070882,-0.076186,-0.081824,-0.087817,-0.094182,-0.10094,-0.1081,-0.11569,-0.12371,-0.13218,-0.1411,-0.15049,-0.16034,-0.17064,-0.18139,-0.19258,-0.20418,-0.21615,-0.22847,-0.24109,-0.25396,-0.267,-0.28015,-0.29332,-0.30642,-0.31934,-0.33196,-0.34416,-0.35581,-0.36676,-0.37685,-0.38593,-0.39382,-0.40035,-0.40533,-0.40859,-0.40995,-0.40921,-0.4062,-0.40076,-0.39273,-0.38197,-0.36839,-0.35191,-0.33253,-0.31053,-0.28603,-0.25923,-0.23041,-0.19996,-0.16842,-0.13647,-0.10497,-0.074993,-0.047825,-0.025007,-0.0083507
-7.7865e-05,-0.00028824,-0.00062417,-0.0010801,-0.0016516,-0.0023349,-0.0031271,-0.0040257,-0.0050287,-0.0061349,-0.0073431,-0.008653,-0.010065,-0.011579,-0.013197,-0.014921,-0.016754,-0.0187,-0.020764,-0.02295,-0.025266,-0.027719,-0.030318,-0.033073,-0.035994,-0.039094,-0.042386,-0.045884,-0.049603,-0.053561,-0.057774,-0.06226,-0.067039,-0.07213,-0.077554,-0.083331,-0.08948,-0.096022,-0.10298,-0.11036,-0.11819,-0.12649,-0.13526,-0.14451,-0.15425,-0.16449,-0.17521,-0.18641,-0.19808,-0.2102,-0.22273,-0.23564,-0.24888,-0.26239,-0.27612,-0.28999,-0.3039,-0.31776,-0.33147,-0.34489,-0.35791,-0.37036,-0.38211,-0.39297,-0.40278,-0.41135,-0.41848,-0.42396,-0.4276,-0.42917,-0.42845,-0.42523,-0.41929,-0.41044,-0.3985,-0.3833,-0.36475,-0.3429,-0.31799,-0.29015,-0.25964,-0.22686,-0.19235,-0.15688,-0.12143,-0.087272,-0.055979,-0.029442,-0.0099054
-6.6249e-05,-0.00024979,-0.00054627,-0.00095225,-0.001465,-0.0020822,-0.0028018,-0.0036221,-0.0045418,-0.0055596,-0.0066748,-0.0078869,-0.009196,-0.010603,-0.012108,-0.013715,-0.015424,-0.01724,-0.019168,-0.021211,-0.023377,-0.025673,-0.028107,-0.030689,-0.033429,-0.036338,-0.039431,-0.04272,-0.046222,-0.049953,-0.053929,-0.05817,-0.062695,-0.067523,-0.072677,-0.078176,-0.084043,-0.090299,-0.096964,-0.10406,-0.11161,-0.11962,-0.12812,-0.13712,-0.14663,-0.15665,-0.1672,-0.17826,-0.18984,-0.20191,-0.21446,-0.22746,-0.24088,-0.25467,-0.26877,-0.28312,-0.29765,-0.31226,-0.32685,-0.34132,-0.35553,-0.36936,-0.38265,-0.39523,-0.40693,-0.41755,-0.4269,-0.43476,-0.44088,-0.44504,-0.44699,-0.44645,-0.44317,-0.43687,-0.4273,-0.41421,-0.39737,-0.37661,-0.35207,-0.3239,-0.29228,-0.25755,-0.22024,-0.18116,-0.14141,-0.10249,-0.066284,-0.035163,-0.011959
-5.3805e-05,-0.0002089,-0.00046374,-0.00081717,-0.0012682,-0.0018159,-0.0024592,-0.0031972,-0.0040288,-0.0049533,-0.0059698,-0.007078,-0.0082777,-0.0095694,-0.010954,-0.012433,-0.014009,-0.015684,-0.017464,-0.019351,-0.021353,-0.023476,-0.025728,-0.028118,-0.030656,-0.033353,-0.036221,-0.039275,-0.04253,-0.046,-0.049704,-0.05366,-0.057886,-0.062404,-0.067234,-0.072397,-0.077916,-0.083814,-0.090113,-0.096835,-0.104,-0.11163,-0.11975,-0.12837,-0.13751,-0.14718,-0.15739,-0.16814,-0.17944,-0.19128,-0.20365,-0.21653,-0.2299,-0.24372,-0.25794,-0.27253,-0.28741,-0.30251,-0.31774,-0.333,-0.34818,-0.36316,-0.37779,-0.39192,-0.40538,-0.41797,-0.4295,-0.43975,-0.44848,-0.45542,-0.46031,-0.46285,-0.46273,-0.45961,-0.45317,-0.44306,-0.42894,-0.41048,-0.38744,-0.35996,-0.32813,-0.29218,-0.25256,-0.21003,-0.16579,-0.12151,-0.079486,-0.042676,-0.014734
-4.0652e-05,-0.00016606,-0.00037769,-0.00067673,-0.001064,-0.0015398,-0.0021042,-0.0027568,-0.0034969,-0.0043239,-0.0052372,-0.0062362,-0.0073207,-0.0084907,-0.009747,-0.011091,-0.012524,-0.014049,-0.015669,-0.017389,-0.019213,-0.021149,-0.023203,-0.025384,-0.027701,-0.030165,-0.032787,-0.03558,-0.03856,-0.04174,-0.045138,-0.048772,-0.052659,-0.05682,-0.061276,-0.066048,-0.071158,-0.07663,-0.082486,-0.088749,-0.095444,-0.10259,-0.11021,-0.11833,-0.12697,-0.13613,-0.14584,-0.15611,-0.16695,-0.17835,-0.19031,-0.20284,-0.2159,-0.22949,-0.24356,-0.25809,-0.27302,-0.28829,-0.30384,-0.31957,-0.3354,-0.35122,-0.36689,-0.38228,-0.39724,-0.41159,-0.42514,-0.43766,-0.44894,-0.45871,-0.46669,-0.47256,-0.47598,-0.47659,-0.47398,-0.46772,-0.45737,-0.44244,-0.4225,-0.39712,-0.36645,-0.33049,-0.2895,-0.24412,-0.19548,-0.14541,-0.096591,-0.052712,-0.018568
-2.6969e-05,-0.00012196,-0.00028957,-0.00053335,-0.00085585,-0.0012587,-0.0017426,-0.0023079,-0.0029542,-0.0036809,-0.0044874,-0.0053731,-0.0063374,-0.0073803,-0.0085019,-0.0097032,-0.010985,-0.012351,-0.013802,-0.015344,-0.016979,-0.018715,-0.020557,-0.022514,-0.024593,-0.026805,-0.02916,-0.031671,-0.034351,-0.037214,-0.040276,-0.043553,-0.047064,-0.050827,-0.054862,-0.059191,-0.063835,-0.068817,-0.074159,-0.079885,-0.08602,-0.092585,-0.099606,-0.1071,-0.1151,-0.12362,-0.13267,-0.14228,-0.15245,-0.1632,-0.17454,-0.18645,-0.19895,-0.21201,-0.22563,-0.23977,-0.25441,-0.26949,-0.28497,-0.30079,-0.31686,-0.3331,-0.34941,-0.36566,-0.38173,-0.39746,-0.41267,-0.42719,-0.44078,-0.45321,-0.46421,-0.47345,-0.48061,-0.48529,-0.48705,-0.4854,-0.4798,-0.46966,-0.45432,-0.43314,-0.40548,-0.37134,-0.33063,-0.28366,-0.23133,-0.17542,-0.11891,-0.066323,-0.02398
-1.3033e-05,-7.7569e-05,-0.00020135,-0.0003902,-0.00064824,-0.00097819,-0.0013816,-0.0018589,-0.0024103,-0.003035,-0.0037325,-0.0045017,-0.0053422,-0.0062533,-0.007235,-0.0082877,-0.0094125,-0.010611,-0.011885,-0.013239,-0.014675,-0.0162,-0.017818,-0.019537,-0.021364,-0.023308,-0.025378,-0.027587,-0.029945,-0.032467,-0.035166,-0.038057,-0.041159,-0.044487,-0.048061,-0.0519,-0.056026,-0.060459,-0.065222,-0.070338,-0.075831,-0.081723,-0.088039,-0.094802,-0.10204,-0.10976,-0.118,-0.12677,-0.1361,-0.14599,-0.15646,-0.16751,-0.17916,-0.1914,-0.20423,-0.21764,-0.2316,-0.24609,-0.26108,-0.27652,-0.29235,-0.30852,-0.32494,-0.34153,-0.35817,-0.37474,-0.39111,-0.4071,-0.42255,-0.43723,-0.4509,-0.46328,-0.47405,-0.48284,-0.4892,-0.49264,-0.49257,-0.48829,-0.47903,-0.4639,-0.44195,-0.41219,-0.37428,-0.32801,-0.27371,-0.21275,-0.14809,-0.085008,-0.031789
7.1906e-07,-3.428e-05,-0.00011571,-0.00025142,-0.00044686,-0.00070562,-0.0010297,-0.0014201,-0.0018767,-0.002399,-0.0029861,-0.003637,-0.0043508,-0.0051266,-0.0059641,-0.0068634,-0.0078248,-0.0088497,-0.0099398,-0.011098,-0.012326,-0.01363,-0.015014,-0.016484,-0.018046,-0.019708,-0.02148,-0.023369,-0.025388,-0.027548,-0.029861,-0.032342,-0.035005,-0.037866,-0.040943,-0.044253,-0.047815,-0.051649,-0.055775,-0.060216,-0.064994,-0.07013,-0.075648,-0.081572,-0.087924,-0.094727,-0.10201,-0.10978,-0.11807,-0.12689,-0.13627,-0.14622,-0.15674,-0.16786,-0.17956,-0.19186,-0.20475,-0.21821,-0.23223,-0.24679,-0.26185,-0.27737,-0.29329,-0.30956,-0.3261,-0.34283,-0.35963,-0.37638,-0.39296,-0.40918,-0.42486,-0.43977,-0.45364,-0.46614,-0.4769,-0.48544,-0.49119,-0.49347,-0.49141,-0.48401,-0.47004,-0.44809,-0.41663,-0.37468,-0.32169,-0.25801,-0.1859,-0.11085,-0.043295
1.3581e-05,5.8665e-06,-3.6366e-05,-0.00012251,-0.00025902,-0.00045002,-0.00069786,-0.0010035,-0.001367,-0.0017876,-0.0022643,-0.0027958,-0.0033811,-0.0040191,-0.0047091,-0.0054507,-0.0062442,-0.0070903,-0.0079901,-0.0089457,-0.0099596,-0.011035,-0.012176,-0.013388,-0.014675,-0.016045,-0.017505,-0.019063,-0.020728,-0.022509,-0.024419,-0.026468,-0.02867,-0.031039,-0.033588,-0.036335,-0.039295,-0.042486,-0.045927,-0.049637,-0.053635,-0.057943,-0.062582,-0.067573,-0.072938,-0.078701,-0.084882,-0.091504,-0.098589,-0.10616,-0.11423,-0.12282,-0.13195,-0.14164,-0.15189,-0.16271,-0.17412,-0.18611,-0.19867,-0.21181,-0.22551,-0.23974,-0.25448,-0.2697,-0.28535,-0.30139,-0.31773,-0.33431,-0.35104,-0.36781,-0.38448,-0.4009,-0.41687,-0.43217,-0.44649,-0.45947,-0.47064,-0.4794,-0.48496,-0.48631,-0.48213,-0.47077,-0.45014,-0.41777,-0.37151,-0.31005,-0.23365,-0.14656,-0.06062
2.441e-05,3.988e-05,3.1578e-05,-1.078e-05,-9.4109e-05,-0.00022273,-0.000399,-0.0006238,-0.00089698,-0.0012177,-0.0015849,-0.001997,-0.0024528,-0.0029512,-0.0034911,-0.004072,-0.0046939,-0.0053569,-0.0060618,-0.0068101,-0.0076036,-0.0084448,-0.0093368,-0.010283,-0.011289,-0.012359,-0.013498,-0.014714,-0.016014,-0.017405,-0.018897,-0.0205,-0.022223,-0.024079,-0.026079,-0.028236,-0.030564,-0.033077,-0.035792,-0.038725,-0.041891,-0.04531,-0.049,-0.052978,-0.057266,-0.061883,-0.066848,-0.072184,-0.077909,-0.084046,-0.090613,-0.09763,-0.10512,-0.11309,-0.12157,-0.13056,-0.14009,-0.15016,-0.16078,-0.17195,-0.18368,-0.19597,-0.2088,-0.22217,-0.23606,-0.25045,-0.26531,-0.2806,-0.29629,-0.31232,-0.32862,-0.34512,-0.36171,-0.37827,-0.39462,-0.41056,-0.42577,-0.43984,-0.45221,-0.46206,-0.46825,-0.46919,-0.46263,-0.4455,-0.41381,-0.36311,-0.29018,-0.19496,-0.08731
3.1365e-05,6.3424e-05,8.1112e-05,7.4151e-05,3.5803e-05,-3.7971e-05,-0.0001492,-0.0002985,-0.0004855,-0.00070925,-0.00096846,-0.0012618,-0.0015877,-0.0019452,-0.0023332,-0.002751,-0.0031983,-0.0036749,-0.0041814,-0.0047186,-0.0052877,-0.0058903,-0.0065288,-0.0072058,-0.0079245,-0.0086885,-0.0095022,-0.01037,-0.011298,-0.012292,-0.013358,-0.014503,-0.015736,-0.017065,-0.018499,-0.020048,-0.021722,-0.023532,-0.025491,-0.027611,-0.029905,-0.032386,-0.03507,-0.037971,-0.041105,-0.044489,-0.048138,-0.05207,-0.056303,-0.060855,-0.065742,-0.070984,-0.076597,-0.082601,-0.089011,-0.095846,-0.10312,-0.11085,-0.11904,-0.12772,-0.13689,-0.14657,-0.15675,-0.16745,-0.17866,-0.1904,-0.20266,-0.21544,-0.22874,-0.24255,-0.25686,-0.27166,-0.28693,-0.30265,-0.31878,-0.33526,-0.35201,-0.36886,-0.38556,-0.4017,-0.41661,-0.42917,-0.43763,-0.43915,-0.42935,-0.40158,-0.34681,-0.25644,-0.12929
3.1625e-05,7.0422e-05,0.00010281,0.00011965,0.00011523,8.6408e-05,3.1818e-05,-4.8712e-05,-0.00015461,-0.00028488,-0.00043832,-0.00061369,-0.00080979,-0.0010256,-0.0012601,-0.0015128,-0.0017831,-0.002071,-0.0023765,-0.0026999,-0.003042,-0.0034037,-0.0037864,-0.0041915,-0.004621,-0.0050772,-0.0055626,-0.0060803,-0.0066336,-0.0072262,-0.0078621,-0.0085461,-0.0092829,-0.010078,-0.010937,-0.011866,-0.012873,-0.013963,-0.015146,-0.016428,-0.017819,-0.019327,-0.020963,-0.022737,-0.024658,-0.026738,-0.028989,-0.031423,-0.034052,-0.036889,-0.039947,-0.043241,-0.046783,-0.050588,-0.05467,-0.059044,-0.063724,-0.068725,-0.074061,-0.079746,-0.085795,-0.092221,-0.099039,-0.10626,-0.11391,-0.12198,-0.13051,-0.13951,-0.14899,-0.15899,-0.16952,-0.18062,-0.19233,-0.20469,-0.21777,-0.23163,-0.24635,-0.26203,-0.27872,-0.29648,-0.31527,-0.33483,-0.35454,-0.37296,-0.38719,-0.39152,-0.37511,-0.31848,-0.19447
2.1401e-05,5.2975e-05,8.4384e-05,0.00010929,0.00012431,0.00012793,0.0001198,0.00010019,6.9713e-05,2.915e-05,-2.068e-05,-7.8981e-05,-0.00014502,-0.00021815,-0.00029784,-0.00038365,-0.00047526,-0.00057246,-0.00067518,-0.00078345,-0.00089741,-0.0010173,-0.0011436,-0.0012768,-0.0014175,-0.0015665,-0.0017248,-0.0018933,-0.0020732,-0.0022659,-0.0024729,-0.0026959,-0.0029366,-0.003197,-0.0034794,-0.003786,-0.0041194,-0.0044823,-0.0048777,-0.0053088,-0.0057789,-0.0062917,-0.0068511,-0.0074611,-0.0081263,-0.0088513,-0.0096411,-0.010501,-0.011437,-0.012454,-0.013559,-0.014759,-0.016061,-0.017472,-0.018999,-0.020651,-0.022436,-0.024364,-0.026443,-0.028683,-0.031096,-0.03369,-0.03648,-0.039476,-0.042692,-0.046145,-0.04985,-0.053827,-0.058101,-0.062696,-0.067648,-0.072997,-0.078795,-0.085107,-0.092018,-0.099639,-0.10811,-0.11763,-0.12844,-0.14087,-0.15533,-0.17235,-0.19254,-0.21648,-0.24446,-0.27557,-0.30539,-0.31923,-0.27046
