9.1157e-18,-9.0627e-09,-4.4489e-08,-1.0398e-07,-1.8152e-07,-2.708e-07,-3.6615e-07,-4.6281e-07,-5.5688e-07,-6.4521e-07,-7.2527e-07,-7.9507e-07,-8.5307e-07,-8.9805e-07,-9.2913e-07,-9.4563e-07,-9.4709e-07,-9.3322e-07,-9.0383e-07,-8.5888e-07,-7.9839e-07,-7.2244e-07,-6.312e-07,-5.2485e-07,-4.0363e-07,-2.678e-07,-1.1766e-07,4.65e-08,2.2433e-07,4.1549e-07,6.196e-07,8.3626e-07,1.0651e-06,1.3056e-06,1.5573e-06,1.8197e-06,2.0924e-06,2.3746e-06,2.6658e-06,2.9654e-06,3.2727e-06,3.5868e-06,3.9071e-06,4.2326e-06,4.5625e-06,4.8959e-06,5.2317e-06,5.5689e-06,5.9064e-06,6.243e-06,6.5777e-06,6.9092e-06,7.2363e-06,7.5577e-06,7.8721e-06,8.1784e-06,8.4751e-06,8.7611e-06,9.0352e-06,9.296e-06,9.5425e-06,9.7736e-06,9.9883e-06,1.0186e-05,1.0364e-05,1.0525e-05,1.0665e-05,1.0785e-05,1.0885e-05,1.0964e-05,1.1023e-05,1.1061e-05,1.1079e-05,1.1078e-05,1.1058e-05,1.102e-05,1.0965e-05,1.0896e-05,1.0813e-05,1.0719e-05,1.0616e-05,1.0508e-05,1.0396e-05,1.0286e-05,1.0182e-05,1.0087e-05,1.0009e-05,9.9515e-06,9.9204e-06,9.9151e-06
9.0663e-09,6.4515e-12,-3.191e-08,-8.3785e-08,-1.5085e-07,-2.2811e-07,-3.1092e-07,-3.952e-07,-4.7748e-07,-5.5486e-07,-6.2497e-07,-6.8589e-07,-7.3608e-07,-7.7435e-07,-7.9975e-07,-8.1157e-07,-8.0932e-07,-7.9262e-07,-7.6125e-07,-7.151e-07,-6.5414e-07,-5.7841e-07,-4.8801e-07,-3.831e-07,-2.6387e-07,-1.3055e-07,1.6605e-08,1.7731e-07,3.5126e-07,5.3813e-07,7.3754e-07,9.4914e-07,1.1725e-06,1.4072e-06,1.6528e-06,1.9088e-06,2.1746e-06,2.4497e-06,2.7335e-06,3.0254e-06,3.3246e-06,3.6305e-06,3.9422e-06,4.2589e-06,4.5798e-06,4.9039e-06,5.2303e-06,5.5579e-06,5.8858e-06,6.2127e-06,6.5376e-06,6.8593e-06,7.1766e-06,7.4884e-06,7.7933e-06,8.0902e-06,8.378e-06,8.6552e-06,8.9209e-06,9.1739e-06,9.413e-06,9.6373e-06,9.8457e-06,1.0037e-05,1.0212e-05,1.0368e-05,1.0505e-05,1.0624e-05,1.0722e-05,1.0802e-05,1.0861e-05,1.0902e-05,1.0923e-05,1.0926e-05,1.0912e-05,1.088e-05,1.0834e-05,1.0773e-05,1.0701e-05,1.0618e-05,1.0527e-05,1.0432e-05,1.0334e-05,1.0237e-05,1.0145e-05,1.0063e-05,9.994e-06,9.9436e-06,9.915e-06,9.9098e-06
4.4548e-08,3.1937e-08,-6.3339e-11,-4.8237e-08,-1.0864e-07,-1.773e-07,-2.5046e-07,-3.2471e-07,-3.9705e-07,-4.6493e-07,-5.2618e-07,-5.7903e-07,-6.2202e-07,-6.5397e-07,-6.7397e-07,-6.8129e-07,-6.7539e-07,-6.5589e-07,-6.2253e-07,-5.7513e-07,-5.1364e-07,-4.3805e-07,-3.4842e-07,-2.4488e-07,-1.2757e-07,3.3108e-09,1.4753e-07,3.0484e-07,4.7494e-07,6.5754e-07,8.5229e-07,1.0588e-06,1.2768e-06,1.5057e-06,1.7452e-06,1.9947e-06,2.2538e-06,2.5219e-06,2.7983e-06,3.0825e-06,3.3739e-06,3.6716e-06,3.9749e-06,4.283e-06,4.5951e-06,4.9103e-06,5.2275e-06,5.5459e-06,5.8644e-06,6.182e-06,6.4975e-06,6.8098e-06,7.1178e-06,7.4203e-06,7.7162e-06,8.0043e-06,8.2834e-06,8.5525e-06,8.8103e-06,9.0558e-06,9.2879e-06,9.5058e-06,9.7084e-06,9.8951e-06,1.0065e-05,1.0217e-05,1.0352e-05,1.0468e-05,1.0566e-05,1.0645e-05,1.0706e-05,1.0748e-05,1.0773e-05,1.078e-05,1.077e-05,1.0745e-05,1.0706e-05,1.0654e-05,1.059e-05,1.0517e-05,1.0437e-05,1.0352e-05,1.0265e-05,1.0179e-05,1.0098e-05,1.0024e-05,9.9617e-06,9.9147e-06,9.8864e-06,9.8787e-06
1.0431e-07,8.396e-08,4.7959e-08,-4.4365e-10,-5.809e-08,-1.2184e-07,-1.8869e-07,-2.5584e-07,-3.2076e-07,-3.8124e-07,-4.354e-07,-4.8161e-07,-5.1855e-07,-5.4511e-07,-5.6042e-07,-5.6377e-07,-5.5464e-07,-5.3261e-07,-4.9741e-07,-4.4885e-07,-3.8683e-07,-3.1133e-07,-2.2237e-07,-1.2004e-07,-4.4738e-09,1.2417e-07,2.657e-07,4.1987e-07,5.8642e-07,7.6507e-07,9.555e-07,1.1574e-06,1.3703e-06,1.5939e-06,1.8277e-06,2.0713e-06,2.3241e-06,2.5857e-06,2.8554e-06,3.1326e-06,3.4167e-06,3.707e-06,4.0027e-06,4.303e-06,4.6071e-06,4.9142e-06,5.2233e-06,5.5334e-06,5.8436e-06,6.1528e-06,6.4599e-06,6.7639e-06,7.0637e-06,7.3581e-06,7.6461e-06,7.9264e-06,8.1981e-06,8.4599e-06,8.7108e-06,8.9498e-06,9.176e-06,9.3883e-06,9.5859e-06,9.768e-06,9.9341e-06,1.0083e-05,1.0216e-05,1.033e-05,1.0427e-05,1.0506e-05,1.0568e-05,1.0612e-05,1.0638e-05,1.0649e-05,1.0644e-05,1.0624e-05,1.059e-05,1.0544e-05,1.0488e-05,1.0423e-05,1.0351e-05,1.0274e-05,1.0195e-05,1.0117e-05,1.0042e-05,9.9734e-06,9.9142e-06,9.8674e-06,9.8358e-06,9.8219e-06
1.8259e-07,1.5149e-07,1.0837e-07,5.6588e-08,-1.4403e-09,-6.3317e-08,-1.2668e-07,-1.8927e-07,-2.4902e-07,-3.0406e-07,-3.5277e-07,-3.9374e-07,-4.2577e-07,-4.4788e-07,-4.5924e-07,-4.5921e-07,-4.4727e-07,-4.2303e-07,-3.8621e-07,-3.3661e-07,-2.7412e-07,-1.9869e-07,-1.1033e-07,-9.1058e-09,1.0489e-07,2.315e-07,3.7056e-07,5.2186e-07,6.8515e-07,8.6018e-07,1.0466e-06,1.2442e-06,1.4525e-06,1.6712e-06,1.8999e-06,2.138e-06,2.3852e-06,2.6408e-06,2.9044e-06,3.1753e-06,3.4528e-06,3.7364e-06,4.0253e-06,4.3186e-06,4.6157e-06,4.9156e-06,5.2174e-06,5.5202e-06,5.8231e-06,6.1249e-06,6.4248e-06,6.7216e-06,7.0142e-06,7.3016e-06,7.5827e-06,7.8564e-06,8.1216e-06,8.3773e-06,8.6223e-06,8.8558e-06,9.0768e-06,9.2844e-06,9.4778e-06,9.6562e-06,9.819e-06,9.9656e-06,1.0096e-05,1.0209e-05,1.0305e-05,1.0384e-05,1.0446e-05,1.0491e-05,1.052e-05,1.0533e-05,1.0531e-05,1.0515e-05,1.0486e-05,1.0445e-05,1.0394e-05,1.0335e-05,1.0269e-05,1.0198e-05,1.0125e-05,1.0051e-05,9.98e-06,9.9136e-06,9.8543e-06,9.8047e-06,9.7671e-06,9.7439e-06
2.7332e-07,2.2972e-07,1.7734e-07,1.1985e-07,5.9019e-08,-3.3775e-09,-6.5542e-08,-1.2571e-07,-1.8221e-07,-2.3353e-07,-2.7828e-07,-3.1527e-07,-3.4348e-07,-3.6201e-07,-3.7016e-07,-3.6732e-07,-3.5303e-07,-3.2692e-07,-2.8872e-07,-2.3823e-07,-1.7535e-07,-1.0001e-07,-1.2215e-08,8.8001e-08,2.0055e-07,3.2531e-07,4.6211e-07,6.1079e-07,7.711e-07,9.4281e-07,1.1256e-06,1.3193e-06,1.5234e-06,1.7376e-06,1.9616e-06,2.1948e-06,2.4368e-06,2.6871e-06,2.9451e-06,3.2103e-06,3.4821e-06,3.7597e-06,4.0425e-06,4.3297e-06,4.6205e-06,4.9141e-06,5.2096e-06,5.5061e-06,5.8026e-06,6.0981e-06,6.3917e-06,6.6823e-06,6.9689e-06,7.2503e-06,7.5256e-06,7.7937e-06,8.0535e-06,8.304e-06,8.5442e-06,8.7731e-06,8.9898e-06,9.1934e-06,9.3832e-06,9.5585e-06,9.7186e-06,9.863e-06,9.9913e-06,1.0103e-05,1.0199e-05,1.0277e-05,1.034e-05,1.0386e-05,1.0416e-05,1.0431e-05,1.0431e-05,1.0418e-05,1.0393e-05,1.0356e-05,1.0309e-05,1.0253e-05,1.0191e-05,1.0124e-05,1.0054e-05,9.9832e-06,9.9133e-06,9.8465e-06,9.7848e-06,9.7302e-06,9.6843e-06,9.65e-06
3.7108e-07,3.1418e-07,2.5121e-07,1.8639e-07,1.2098e-07,5.621e-08,-6.5886e-09,-6.6078e-08,-1.2096e-07,-1.7e-07,-2.121e-07,-2.4626e-07,-2.7162e-07,-2.8742e-07,-2.9304e-07,-2.8796e-07,-2.7176e-07,-2.4413e-07,-2.048e-07,-1.5361e-07,-9.044e-08,-1.5231e-08,7.2028e-08,1.713e-07,2.8252e-07,4.0557e-07,5.4032e-07,6.866e-07,8.442e-07,1.0129e-06,1.1924e-06,1.3825e-06,1.5828e-06,1.793e-06,2.0127e-06,2.2415e-06,2.4789e-06,2.7244e-06,2.9775e-06,3.2377e-06,3.5043e-06,3.7767e-06,4.0542e-06,4.336e-06,4.6214e-06,4.9095e-06,5.1996e-06,5.4907e-06,5.7818e-06,6.072e-06,6.3603e-06,6.6457e-06,6.9272e-06,7.2037e-06,7.4742e-06,7.7377e-06,7.9931e-06,8.2393e-06,8.4755e-06,8.7007e-06,8.9139e-06,9.1144e-06,9.3013e-06,9.4741e-06,9.632e-06,9.7746e-06,9.9014e-06,1.0012e-05,1.0107e-05,1.0185e-05,1.0248e-05,1.0295e-05,1.0326e-05,1.0342e-05,1.0344e-05,1.0333e-05,1.031e-05,1.0275e-05,1.0231e-05,1.0178e-05,1.0118e-05,1.0053e-05,9.9845e-06,9.9139e-06,9.8433e-06,9.7742e-06,9.7083e-06,9.647e-06,9.5915e-06,9.5452e-06
4.7127e-07,4.0088e-07,3.2664e-07,2.5344e-07,1.8217e-07,1.1364e-07,4.8784e-08,-1.143e-08,-6.6019e-08,-1.1404e-07,-1.5462e-07,-1.8695e-07,-2.1033e-07,-2.2415e-07,-2.2789e-07,-2.2111e-07,-2.0345e-07,-1.7463e-07,-1.3444e-07,-8.2723e-08,-1.9379e-08,5.5646e-08,1.4236e-07,2.4075e-07,3.5073e-07,4.7222e-07,6.0509e-07,7.4918e-07,9.0432e-07,1.0703e-06,1.2468e-06,1.4337e-06,1.6306e-06,1.8372e-06,2.0531e-06,2.2779e-06,2.5112e-06,2.7525e-06,3.0013e-06,3.2571e-06,3.5192e-06,3.7871e-06,4.06e-06,4.3372e-06,4.618e-06,4.9016e-06,5.1871e-06,5.4736e-06,5.7602e-06,6.046e-06,6.3301e-06,6.6113e-06,6.8887e-06,7.1612e-06,7.4279e-06,7.6877e-06,7.9396e-06,8.1826e-06,8.4157e-06,8.6379e-06,8.8485e-06,9.0465e-06,9.2313e-06,9.402e-06,9.5583e-06,9.6994e-06,9.8251e-06,9.9351e-06,1.0029e-05,1.0107e-05,1.017e-05,1.0217e-05,1.0249e-05,1.0266e-05,1.0269e-05,1.0259e-05,1.0237e-05,1.0204e-05,1.0161e-05,1.0109e-05,1.005e-05,9.9852e-06,9.9163e-06,9.8446e-06,9.7716e-06,9.6988e-06,9.6272e-06,9.5581e-06,9.4922e-06,9.4337e-06
5.701e-07,4.864e-07,4.0061e-07,3.1841e-07,2.4043e-07,1.6714e-07,9.9133e-08,3.7086e-08,-1.83e-08,-6.6329e-08,-1.0634e-07,-1.3771e-07,-1.5991e-07,-1.7243e-07,-1.7488e-07,-1.6688e-07,-1.4817e-07,-1.185e-07,-7.77e-08,-2.5645e-08,3.7748e-08,1.1252e-07,1.9869e-07,2.9622e-07,4.0505e-07,5.251e-07,6.5625e-07,7.9837e-07,9.5128e-07,1.1148e-06,1.2887e-06,1.4727e-06,1.6665e-06,1.8699e-06,2.0824e-06,2.3038e-06,2.5335e-06,2.7711e-06,3.0162e-06,3.2682e-06,3.5265e-06,3.7905e-06,4.0596e-06,4.333e-06,4.61e-06,4.8898e-06,5.1716e-06,5.4544e-06,5.7375e-06,6.0199e-06,6.3005e-06,6.5785e-06,6.8527e-06,7.1223e-06,7.3861e-06,7.6432e-06,7.8925e-06,8.133e-06,8.3639e-06,8.584e-06,8.7927e-06,8.989e-06,9.1722e-06,9.3415e-06,9.4966e-06,9.6367e-06,9.7616e-06,9.8709e-06,9.9646e-06,1.0043e-05,1.0105e-05,1.0152e-05,1.0184e-05,1.0201e-05,1.0205e-05,1.0195e-05,1.0173e-05,1.0141e-05,1.0098e-05,1.0046e-05,9.9866e-06,9.921e-06,9.8505e-06,9.7763e-06,9.6997e-06,9.6218e-06,9.5437e-06,9.466e-06,9.3896e-06,9.319e-06
6.6439e-07,5.6777e-07,4.7048e-07,3.7899e-07,2.9374e-07,2.1498e-07,1.4302e-07,7.8279e-08,2.1228e-08,-2.7655e-08,-6.7901e-08,-9.9067e-08,-1.2075e-07,-1.3258e-07,-1.3426e-07,-1.2551e-07,-1.0612e-07,-7.591e-08,-3.4748e-08,1.7462e-08,8.0781e-08,1.5524e-07,2.4083e-07,3.3753e-07,4.4528e-07,5.6401e-07,6.936e-07,8.3393e-07,9.8484e-07,1.1462e-06,1.3177e-06,1.4991e-06,1.6903e-06,1.8909e-06,2.1005e-06,2.3188e-06,2.5455e-06,2.78e-06,3.0219e-06,3.2708e-06,3.5259e-06,3.7867e-06,4.0527e-06,4.323e-06,4.5969e-06,4.8738e-06,5.1527e-06,5.4328e-06,5.7132e-06,5.993e-06,6.2711e-06,6.5468e-06,6.8188e-06,7.0863e-06,7.3482e-06,7.6034e-06,7.851e-06,8.09e-06,8.3194e-06,8.5383e-06,8.7458e-06,8.941e-06,9.1233e-06,9.2918e-06,9.4462e-06,9.5857e-06,9.71e-06,9.819e-06,9.9123e-06,9.9899e-06,1.0052e-05,1.0099e-05,1.0131e-05,1.0148e-05,1.0151e-05,1.0141e-05,1.0119e-05,1.0086e-05,1.0042e-05,9.9895e-06,9.9287e-06,9.861e-06,9.7877e-06,9.7099e-06,9.6287e-06,9.545e-06,9.4596e-06,9.3731e-06,9.286e-06,9.2037e-06
7.5153e-07,6.4252e-07,5.3392e-07,4.3305e-07,3.4024e-07,2.5553e-07,1.7903e-07,1.1095e-07,5.1549e-08,1.1276e-09,-4.002e-08,-7.1604e-08,-9.3353e-08,-1.0502e-07,-1.064e-07,-9.7309e-08,-7.7589e-08,-4.7125e-08,-5.8273e-09,4.6366e-08,1.0949e-07,1.8356e-07,2.6856e-07,3.6445e-07,4.712e-07,5.887e-07,7.1688e-07,8.5561e-07,1.0047e-06,1.1641e-06,1.3335e-06,1.5128e-06,1.7017e-06,1.8998e-06,2.107e-06,2.3228e-06,2.5469e-06,2.7788e-06,3.0181e-06,3.2644e-06,3.5169e-06,3.7753e-06,4.0388e-06,4.3068e-06,4.5785e-06,4.8531e-06,5.13e-06,5.4081e-06,5.6867e-06,5.9648e-06,6.2414e-06,6.5156e-06,6.7864e-06,7.0527e-06,7.3135e-06,7.5678e-06,7.8146e-06,8.0529e-06,8.2817e-06,8.5001e-06,8.7071e-06,8.902e-06,9.0839e-06,9.2522e-06,9.4063e-06,9.5456e-06,9.6698e-06,9.7785e-06,9.8716e-06,9.949e-06,1.0011e-05,1.0057e-05,1.0089e-05,1.0105e-05,1.0108e-05,1.0097e-05,1.0074e-05,1.004e-05,9.9945e-06,9.9397e-06,9.8764e-06,9.8057e-06,9.7287e-06,9.6464e-06,9.5598e-06,9.4696e-06,9.3765e-06,9.2809e-06,9.1834e-06,9.0901e-06
8.2935e-07,7.0848e-07,5.889e-07,4.7871e-07,3.782e-07,2.8725e-07,2.058e-07,1.339e-07,7.1627e-08,1.9124e-08,-2.3466e-08,-5.5991e-08,-7.8301e-08,-9.0262e-08,-9.1753e-08,-8.2671e-08,-6.2933e-08,-3.2474e-08,8.749e-09,6.0765e-08,1.2358e-07,1.972e-07,2.8158e-07,3.767e-07,4.8249e-07,5.9888e-07,7.2578e-07,8.6308e-07,1.0107e-06,1.1683e-06,1.336e-06,1.5133e-06,1.7002e-06,1.8964e-06,2.1015e-06,2.3152e-06,2.5372e-06,2.7671e-06,3.0044e-06,3.2486e-06,3.4993e-06,3.7558e-06,4.0176e-06,4.2839e-06,4.5541e-06,4.8274e-06,5.103e-06,5.38e-06,5.6576e-06,5.9349e-06,6.2108e-06,6.4844e-06,6.7548e-06,7.0208e-06,7.2815e-06,7.5358e-06,7.7826e-06,8.021e-06,8.25e-06,8.4687e-06,8.676e-06,8.8712e-06,9.0534e-06,9.2221e-06,9.3764e-06,9.5159e-06,9.6402e-06,9.749e-06,9.842e-06,9.9192e-06,9.9807e-06,1.0027e-05,1.0057e-05,1.0073e-05,1.0075e-05,1.0063e-05,1.0038e-05,1.0002e-05,9.9541e-06,9.8966e-06,9.83e-06,9.7555e-06,9.6741e-06,9.5866e-06,9.4939e-06,9.3968e-06,9.2957e-06,9.1911e-06,9.0835e-06,8.9796e-06
8.9598e-07,7.6383e-07,6.3364e-07,5.1429e-07,4.0606e-07,3.0871e-07,2.2204e-07,1.4597e-07,8.0429e-08,2.5418e-08,-1.905e-08,-5.2944e-08,-7.6228e-08,-8.8863e-08,-9.0817e-08,-8.2062e-08,-6.2579e-08,-3.2358e-08,8.6038e-09,6.0298e-08,1.2271e-07,1.9581e-07,2.7956e-07,3.7391e-07,4.7881e-07,5.9419e-07,7.1995e-07,8.56e-07,1.0022e-06,1.1585e-06,1.3246e-06,1.5004e-06,1.6856e-06,1.8801e-06,2.0836e-06,2.2957e-06,2.5161e-06,2.7444e-06,2.9802e-06,3.2231e-06,3.4724e-06,3.7278e-06,3.9885e-06,4.2539e-06,4.5233e-06,4.7959e-06,5.0711e-06,5.3478e-06,5.6253e-06,5.9026e-06,6.1787e-06,6.4527e-06,6.7235e-06,6.9901e-06,7.2515e-06,7.5066e-06,7.7544e-06,7.9938e-06,8.2238e-06,8.4435e-06,8.6518e-06,8.848e-06,9.0312e-06,9.2007e-06,9.3558e-06,9.496e-06,9.6207e-06,9.7298e-06,9.823e-06,9.9001e-06,9.9613e-06,1.0007e-05,1.0037e-05,1.0051e-05,1.0052e-05,1.0038e-05,1.0011e-05,9.9719e-06,9.9214e-06,9.8604e-06,9.7899e-06,9.7109e-06,9.6244e-06,9.5311e-06,9.4319e-06,9.3275e-06,9.2183e-06,9.1047e-06,8.9872e-06,8.8734e-06
9.4986e-07,8.0698e-07,6.6656e-07,5.3828e-07,4.2239e-07,3.1857e-07,2.2652e-07,1.4604e-07,7.6934e-08,1.9087e-08,-2.7604e-08,-6.3216e-08,-8.7812e-08,-1.0144e-07,-1.0416e-07,-9.6004e-08,-7.7014e-08,-4.7231e-08,-6.696e-09,4.4549e-08,1.0646e-07,1.79e-07,2.621e-07,3.5572e-07,4.5979e-07,5.7425e-07,6.99e-07,8.3397e-07,9.7903e-07,1.1341e-06,1.2989e-06,1.4735e-06,1.6574e-06,1.8507e-06,2.0529e-06,2.2638e-06,2.483e-06,2.7103e-06,2.9452e-06,3.1872e-06,3.4359e-06,3.6907e-06,3.951e-06,4.2162e-06,4.4855e-06,4.7583e-06,5.0338e-06,5.311e-06,5.5892e-06,5.8674e-06,6.1445e-06,6.4197e-06,6.6919e-06,6.96e-06,7.223e-06,7.4798e-06,7.7294e-06,7.9706e-06,8.2024e-06,8.4239e-06,8.634e-06,8.8319e-06,9.0167e-06,9.1876e-06,9.344e-06,9.4853e-06,9.6109e-06,9.7206e-06,9.8141e-06,9.8913e-06,9.9522e-06,9.997e-06,1.0026e-05,1.0039e-05,1.0038e-05,1.0022e-05,9.9926e-06,9.9504e-06,9.8964e-06,9.8314e-06,9.7564e-06,9.6723e-06,9.5801e-06,9.4805e-06,9.3744e-06,9.2624e-06,9.145e-06,9.0225e-06,8.8955e-06,8.7724e-06
9.8965e-07,8.3653e-07,6.8629e-07,5.4932e-07,4.2588e-07,3.1559e-07,2.1808e-07,1.3302e-07,6.0138e-08,-7.9236e-10,-4.9975e-08,-8.7583e-08,-1.1377e-07,-1.2867e-07,-1.324e-07,-1.2506e-07,-1.0677e-07,-7.7599e-08,-3.7633e-08,1.3053e-08,7.4392e-08,1.4632e-07,2.2877e-07,3.2168e-07,4.2498e-07,5.3861e-07,6.6249e-07,7.9654e-07,9.4065e-07,1.0947e-06,1.2586e-06,1.4321e-06,1.6152e-06,1.8075e-06,2.0088e-06,2.219e-06,2.4376e-06,2.6643e-06,2.8988e-06,3.1405e-06,3.3891e-06,3.644e-06,3.9045e-06,4.1702e-06,4.4402e-06,4.7139e-06,4.9905e-06,5.269e-06,5.5487e-06,5.8286e-06,6.1077e-06,6.3849e-06,6.6594e-06,6.9299e-06,7.1953e-06,7.4547e-06,7.7069e-06,7.9508e-06,8.1852e-06,8.4093e-06,8.622e-06,8.8222e-06,9.0093e-06,9.1823e-06,9.3405e-06,9.4833e-06,9.6102e-06,9.7209e-06,9.815e-06,9.8924e-06,9.9531e-06,9.9972e-06,1.0025e-05,1.0037e-05,1.0034e-05,1.0015e-05,9.9829e-06,9.9373e-06,9.8792e-06,9.8097e-06,9.7297e-06,9.64e-06,9.5416e-06,9.4353e-06,9.3219e-06,9.2021e-06,9.0764e-06,8.9451e-06,8.809e-06,8.6769e-06
1.0142e-06,8.5128e-07,6.9158e-07,5.4617e-07,4.1533e-07,2.9862e-07,1.956e-07,1.0587e-07,2.9067e-08,-3.5131e-08,-8.7012e-08,-1.2684e-07,-1.5483e-07,-1.7121e-07,-1.7616e-07,-1.6985e-07,-1.5242e-07,-1.2401e-07,-8.4737e-08,-3.4702e-08,2.6001e-08,9.7287e-08,1.7908e-07,2.7131e-07,3.7391e-07,4.8682e-07,6.0995e-07,7.4323e-07,8.8657e-07,1.0399e-06,1.203e-06,1.3759e-06,1.5583e-06,1.75e-06,1.9509e-06,2.1607e-06,2.3791e-06,2.6058e-06,2.8403e-06,3.0824e-06,3.3315e-06,3.587e-06,3.8485e-06,4.1153e-06,4.3867e-06,4.662e-06,4.9405e-06,5.2211e-06,5.5032e-06,5.7856e-06,6.0674e-06,6.3477e-06,6.6252e-06,6.8989e-06,7.1678e-06,7.4306e-06,7.6863e-06,7.9337e-06,8.1717e-06,8.3991e-06,8.6151e-06,8.8185e-06,9.0085e-06,9.1842e-06,9.3448e-06,9.4897e-06,9.6183e-06,9.7303e-06,9.8253e-06,9.9031e-06,9.9637e-06,1.0007e-05,1.0034e-05,1.0044e-05,1.0039e-05,1.0018e-05,9.9819e-06,9.9324e-06,9.87e-06,9.7955e-06,9.7099e-06,9.6142e-06,9.5092e-06,9.3958e-06,9.2749e-06,9.1471e-06,9.013e-06,8.8729e-06,8.7279e-06,8.5874e-06
1.0223e-06,8.5012e-07,6.8131e-07,5.2771e-07,3.8962e-07,2.6657e-07,1.5805e-07,6.3593e-08,-1.7232e-08,-8.483e-08,-1.3957e-07,-1.8178e-07,-2.1176e-07,-2.298e-07,-2.3615e-07,-2.3101e-07,-2.1459e-07,-1.8706e-07,-1.4857e-07,-9.9267e-08,-3.9252e-08,3.1372e-08,1.1252e-07,2.041e-07,3.0606e-07,4.1833e-07,5.4083e-07,6.735e-07,8.1626e-07,9.6903e-07,1.1317e-06,1.3041e-06,1.4862e-06,1.6778e-06,1.8786e-06,2.0884e-06,2.3071e-06,2.5341e-06,2.7693e-06,3.0122e-06,3.2623e-06,3.5191e-06,3.7822e-06,4.0508e-06,4.3243e-06,4.602e-06,4.8831e-06,5.1666e-06,5.4518e-06,5.7376e-06,6.0231e-06,6.3071e-06,6.5887e-06,6.8666e-06,7.1397e-06,7.4069e-06,7.667e-06,7.9187e-06,8.161e-06,8.3928e-06,8.6128e-06,8.8201e-06,9.0138e-06,9.1928e-06,9.3564e-06,9.504e-06,9.6348e-06,9.7485e-06,9.8446e-06,9.9231e-06,9.9838e-06,1.0027e-05,1.0053e-05,1.0061e-05,1.0053e-05,1.0029e-05,9.9898e-06,9.9361e-06,9.8688e-06,9.7889e-06,9.6974e-06,9.5952e-06,9.4832e-06,9.3624e-06,9.2336e-06,9.0976e-06,8.955e-06,8.8062e-06,8.6524e-06,8.5037e-06
1.0133e-06,8.3208e-07,6.5448e-07,4.9291e-07,3.4773e-07,2.1842e-07,1.0443e-07,5.2265e-09,-7.9684e-08,-1.5077e-07,-2.0848e-07,-2.5321e-07,-2.8533e-07,-3.0517e-07,-3.1304e-07,-3.092e-07,-2.9391e-07,-2.6736e-07,-2.2975e-07,-1.8124e-07,-1.2195e-07,-5.2e-08,2.8504e-08,1.1948e-07,2.2087e-07,3.3259e-07,4.5458e-07,5.8679e-07,7.2915e-07,8.8159e-07,1.044e-06,1.2163e-06,1.3984e-06,1.59e-06,1.7911e-06,2.0014e-06,2.2207e-06,2.4486e-06,2.6849e-06,2.9291e-06,3.1809e-06,3.4396e-06,3.7048e-06,3.9759e-06,4.2522e-06,4.533e-06,4.8174e-06,5.1047e-06,5.3938e-06,5.6839e-06,5.9738e-06,6.2626e-06,6.549e-06,6.832e-06,7.1103e-06,7.3827e-06,7.6481e-06,7.9052e-06,8.1527e-06,8.3895e-06,8.6145e-06,8.8265e-06,9.0246e-06,9.2077e-06,9.375e-06,9.5257e-06,9.6593e-06,9.7751e-06,9.8728e-06,9.9523e-06,1.0013e-05,1.0056e-05,1.0081e-05,1.0087e-05,1.0077e-05,1.005e-05,1.0007e-05,9.9483e-06,9.8759e-06,9.7902e-06,9.6923e-06,9.5831e-06,9.4638e-06,9.3352e-06,9.1983e-06,9.0538e-06,8.9025e-06,8.7451e-06,8.5825e-06,8.4258e-06
9.8614e-07,7.9626e-07,6.1013e-07,4.4082e-07,2.8869e-07,1.5321e-07,3.379e-08,-7.0156e-08,-1.5919e-07,-2.3384e-07,-2.946e-07,-3.4195e-07,-3.763e-07,-3.9806e-07,-4.0756e-07,-4.0514e-07,-3.9106e-07,-3.6558e-07,-3.2891e-07,-2.8123e-07,-2.227e-07,-1.5344e-07,-7.3561e-08,1.6848e-08,1.1772e-07,2.2898e-07,3.5058e-07,4.8247e-07,6.246e-07,7.769e-07,9.3929e-07,1.1117e-06,1.294e-06,1.4861e-06,1.6878e-06,1.899e-06,2.1193e-06,2.3486e-06,2.5864e-06,2.8325e-06,3.0864e-06,3.3476e-06,3.6156e-06,3.8899e-06,4.1696e-06,4.4542e-06,4.7427e-06,5.0345e-06,5.3284e-06,5.6235e-06,5.9188e-06,6.2131e-06,6.5054e-06,6.7943e-06,7.0787e-06,7.3574e-06,7.629e-06,7.8923e-06,8.146e-06,8.3888e-06,8.6196e-06,8.8372e-06,9.0404e-06,9.2283e-06,9.4e-06,9.5546e-06,9.6914e-06,9.8099e-06,9.9096e-06,9.9903e-06,1.0052e-05,1.0094e-05,1.0118e-05,1.0123e-05,1.011e-05,1.0079e-05,1.0032e-05,9.9692e-06,9.8912e-06,9.7994e-06,9.6947e-06,9.5783e-06,9.4512e-06,9.3144e-06,9.169e-06,9.0158e-06,8.8557e-06,8.6894e-06,8.5182e-06,8.3534e-06
9.4012e-07,7.4183e-07,5.4742e-07,3.7053e-07,2.1159e-07,7.0034e-08,-5.477e-08,-1.6345e-07,-2.5662e-07,-3.3487e-07,-3.9876e-07,-4.488e-07,-4.8547e-07,-5.0923e-07,-5.2046e-07,-5.1953e-07,-5.0675e-07,-4.824e-07,-4.4673e-07,-3.9993e-07,-3.4217e-07,-2.736e-07,-1.9433e-07,-1.0445e-07,-4.0403e-09,1.0685e-07,2.2817e-07,3.5987e-07,5.0192e-07,6.5427e-07,8.1685e-07,9.8962e-07,1.1725e-06,1.3653e-06,1.568e-06,1.7803e-06,2.0021e-06,2.2331e-06,2.4729e-06,2.7214e-06,2.978e-06,3.2422e-06,3.5136e-06,3.7916e-06,4.0755e-06,4.3646e-06,4.658e-06,4.955e-06,5.2545e-06,5.5555e-06,5.857e-06,6.1578e-06,6.4568e-06,6.7527e-06,7.0442e-06,7.33e-06,7.6088e-06,7.8793e-06,8.1401e-06,8.3899e-06,8.6274e-06,8.8514e-06,9.0607e-06,9.2542e-06,9.431e-06,9.5901e-06,9.7308e-06,9.8525e-06,9.9547e-06,1.0037e-05,1.01e-05,1.0142e-05,1.0165e-05,1.0168e-05,1.0152e-05,1.0118e-05,1.0067e-05,9.9988e-06,9.915e-06,9.8167e-06,9.7049e-06,9.5807e-06,9.4454e-06,9.3001e-06,9.1458e-06,8.9836e-06,8.8144e-06,8.639e-06,8.459e-06,8.2863e-06
8.7449e-07,6.6802e-07,4.655e-07,2.8121e-07,1.1557e-07,-3.1987e-08,-1.6213e-07,-2.7553e-07,-3.7285e-07,-4.5473e-07,-5.2178e-07,-5.7457e-07,-6.1363e-07,-6.3946e-07,-6.5249e-07,-6.5312e-07,-6.417e-07,-6.1854e-07,-5.839e-07,-5.3801e-07,-4.8104e-07,-4.1316e-07,-3.3449e-07,-2.4511e-07,-1.451e-07,-3.4507e-08,8.6624e-08,2.1826e-07,3.6038e-07,5.1294e-07,6.7592e-07,8.4925e-07,1.0329e-06,1.2267e-06,1.4306e-06,1.6445e-06,1.8681e-06,2.1012e-06,2.3436e-06,2.5948e-06,2.8546e-06,3.1224e-06,3.3978e-06,3.6802e-06,3.9689e-06,4.2631e-06,4.5622e-06,4.8652e-06,5.1711e-06,5.4788e-06,5.7874e-06,6.0956e-06,6.4023e-06,6.706e-06,7.0056e-06,7.2995e-06,7.5866e-06,7.8652e-06,8.1341e-06,8.3919e-06,8.6371e-06,8.8685e-06,9.0847e-06,9.2848e-06,9.4675e-06,9.6319e-06,9.7772e-06,9.9027e-06,1.0008e-05,1.0092e-05,1.0156e-05,1.0199e-05,1.0221e-05,1.0222e-05,1.0204e-05,1.0167e-05,1.0111e-05,1.0037e-05,9.9475e-06,9.8422e-06,9.7229e-06,9.5906e-06,9.4467e-06,9.2924e-06,9.1288e-06,8.9572e-06,8.7785e-06,8.5938e-06,8.4047e-06,8.2239e-06
7.8858e-07,5.7408e-07,3.6362e-07,1.7204e-07,-2.0475e-10,-1.537e-07,-2.8914e-07,-4.0724e-07,-5.0871e-07,-5.9424e-07,-6.6449e-07,-7.2007e-07,-7.6158e-07,-7.8953e-07,-8.0441e-07,-8.0666e-07,-7.9665e-07,-7.7472e-07,-7.4116e-07,-6.962e-07,-6.4005e-07,-5.7286e-07,-4.9477e-07,-4.0586e-07,-3.062e-07,-1.9584e-07,-7.4811e-08,5.6867e-08,1.9918e-07,3.5211e-07,5.1565e-07,6.8976e-07,8.744e-07,1.0695e-06,1.275e-06,1.4907e-06,1.7164e-06,1.9521e-06,2.1973e-06,2.4518e-06,2.7153e-06,2.9872e-06,3.2671e-06,3.5545e-06,3.8486e-06,4.1487e-06,4.4541e-06,4.7638e-06,5.0769e-06,5.3923e-06,5.7089e-06,6.0254e-06,6.3406e-06,6.6532e-06,6.9618e-06,7.265e-06,7.5613e-06,7.8492e-06,8.1273e-06,8.394e-06,8.6479e-06,8.8877e-06,9.1119e-06,9.3194e-06,9.5089e-06,9.6795e-06,9.8301e-06,9.9601e-06,1.0069e-05,1.0156e-05,1.0221e-05,1.0265e-05,1.0286e-05,1.0286e-05,1.0266e-05,1.0224e-05,1.0164e-05,1.0085e-05,9.9887e-06,9.8762e-06,9.7489e-06,9.6081e-06,9.4551e-06,9.2913e-06,9.118e-06,8.9365e-06,8.7479e-06,8.5535e-06,8.3549e-06,8.1656e-06
6.8172e-07,4.5932e-07,2.4102e-07,4.2236e-08,-1.3654e-07,-2.9591e-07,-4.3662e-07,-5.5941e-07,-6.6504e-07,-7.5423e-07,-8.2771e-07,-8.8613e-07,-9.3011e-07,-9.6024e-07,-9.7702e-07,-9.8093e-07,-9.7238e-07,-9.5173e-07,-9.1927e-07,-8.7528e-07,-8.1995e-07,-7.5346e-07,-6.7594e-07,-5.8747e-07,-4.8813e-07,-3.7795e-07,-2.5695e-07,-1.2514e-07,1.7476e-08,1.7091e-07,3.3516e-07,5.1022e-07,6.9607e-07,8.9265e-07,1.0999e-06,1.3177e-06,1.546e-06,1.7845e-06,2.033e-06,2.2912e-06,2.5587e-06,2.8353e-06,3.1202e-06,3.4131e-06,3.7133e-06,4.02e-06,4.3324e-06,4.6497e-06,4.9707e-06,5.2946e-06,5.62e-06,5.9457e-06,6.2705e-06,6.593e-06,6.9117e-06,7.2251e-06,7.5318e-06,7.83e-06,8.1183e-06,8.3952e-06,8.659e-06,8.9082e-06,9.1414e-06,9.3574e-06,9.5547e-06,9.7323e-06,9.8891e-06,1.0024e-05,1.0138e-05,1.0228e-05,1.0295e-05,1.034e-05,1.0361e-05,1.036e-05,1.0337e-05,1.0292e-05,1.0227e-05,1.0142e-05,1.0039e-05,9.9189e-06,9.7832e-06,9.6333e-06,9.4707e-06,9.2969e-06,9.1133e-06,8.9213e-06,8.7223e-06,8.5176e-06,8.3092e-06,8.1111e-06
5.5326e-07,3.2303e-07,9.6971e-08,-1.0895e-07,-2.9421e-07,-4.5944e-07,-6.054e-07,-7.3287e-07,-8.4266e-07,-9.3554e-07,-1.0123e-06,-1.0736e-06,-1.1201e-06,-1.1524e-06,-1.1711e-06,-1.1767e-06,-1.1697e-06,-1.1503e-06,-1.119e-06,-1.076e-06,-1.0215e-06,-9.5576e-07,-8.7881e-07,-7.9078e-07,-6.9172e-07,-5.8168e-07,-4.6066e-07,-3.2866e-07,-1.8565e-07,-3.1605e-08,1.3349e-07,3.0964e-07,4.9686e-07,6.9513e-07,9.044e-07,1.1246e-06,1.3556e-06,1.5973e-06,1.8494e-06,2.1116e-06,2.3838e-06,2.6653e-06,2.9559e-06,3.2549e-06,3.5616e-06,3.8755e-06,4.1956e-06,4.5212e-06,4.851e-06,5.1841e-06,5.5193e-06,5.8552e-06,6.1906e-06,6.524e-06,6.8538e-06,7.1786e-06,7.4967e-06,7.8065e-06,8.1062e-06,8.3943e-06,8.6691e-06,8.929e-06,9.1724e-06,9.3979e-06,9.6041e-06,9.7897e-06,9.9537e-06,1.0095e-05,1.0213e-05,1.0308e-05,1.0378e-05,1.0424e-05,1.0445e-05,1.0443e-05,1.0417e-05,1.0369e-05,1.0299e-05,1.0208e-05,1.0098e-05,9.9703e-06,9.8258e-06,9.6664e-06,9.4936e-06,9.3092e-06,9.1147e-06,8.9116e-06,8.7016e-06,8.4859e-06,8.267e-06,8.0595e-06
4.0256e-07,1.6454e-07,-6.9246e-08,-2.8228e-07,-4.74e-07,-6.4507e-07,-7.9627e-07,-9.2843e-07,-1.0424e-06,-1.139e-06,-1.219e-06,-1.2832e-06,-1.3322e-06,-1.3668e-06,-1.3875e-06,-1.3949e-06,-1.3894e-06,-1.3714e-06,-1.3413e-06,-1.2993e-06,-1.2457e-06,-1.1806e-06,-1.1042e-06,-1.0166e-06,-9.1786e-07,-8.0795e-07,-6.8687e-07,-5.5462e-07,-4.1116e-07,-2.5643e-07,-9.0407e-08,8.6961e-08,2.757e-07,4.7581e-07,6.8728e-07,9.1006e-07,1.1441e-06,1.3892e-06,1.6452e-06,1.9118e-06,2.1889e-06,2.4759e-06,2.7725e-06,3.0781e-06,3.3921e-06,3.7137e-06,4.0422e-06,4.3768e-06,4.7162e-06,5.0594e-06,5.4052e-06,5.7522e-06,6.0991e-06,6.4444e-06,6.7866e-06,7.1238e-06,7.4546e-06,7.7771e-06,8.0895e-06,8.3902e-06,8.6772e-06,8.949e-06,9.2038e-06,9.4401e-06,9.6563e-06,9.8511e-06,1.0023e-05,1.0172e-05,1.0296e-05,1.0395e-05,1.0469e-05,1.0516e-05,1.0539e-05,1.0536e-05,1.0508e-05,1.0456e-05,1.0381e-05,1.0284e-05,1.0167e-05,1.0031e-05,9.877e-06,9.7075e-06,9.524e-06,9.3282e-06,9.1221e-06,8.9072e-06,8.6853e-06,8.458e-06,8.2278e-06,8.0102e-06
2.2898e-07,-1.683e-08,-2.5834e-07,-4.7848e-07,-6.7667e-07,-8.5359e-07,-1.01e-06,-1.1469e-06,-1.2651e-06,-1.3654e-06,-1.4487e-06,-1.5158e-06,-1.5675e-06,-1.6043e-06,-1.6271e-06,-1.6362e-06,-1.6323e-06,-1.6157e-06,-1.5868e-06,-1.5459e-06,-1.4931e-06,-1.4289e-06,-1.3531e-06,-1.266e-06,-1.1675e-06,-1.0577e-06,-9.3655e-07,-8.0404e-07,-6.6009e-07,-5.0464e-07,-3.3762e-07,-1.5896e-07,3.1379e-08,2.3345e-07,4.4726e-07,6.7279e-07,9.0999e-07,1.1587e-06,1.4189e-06,1.6903e-06,1.9726e-06,2.2655e-06,2.5685e-06,2.8811e-06,3.2028e-06,3.5328e-06,3.8704e-06,4.2146e-06,4.5643e-06,4.9184e-06,5.2757e-06,5.6349e-06,5.9944e-06,6.3527e-06,6.7082e-06,7.0591e-06,7.4038e-06,7.7402e-06,8.0667e-06,8.3812e-06,8.6819e-06,8.9669e-06,9.2345e-06,9.4828e-06,9.7104e-06,9.9156e-06,1.0097e-05,1.0254e-05,1.0385e-05,1.049e-05,1.0568e-05,1.0618e-05,1.0642e-05,1.0638e-05,1.0608e-05,1.0553e-05,1.0473e-05,1.037e-05,1.0246e-05,1.0101e-05,9.937e-06,9.7568e-06,9.5619e-06,9.3541e-06,9.1355e-06,8.908e-06,8.6734e-06,8.4335e-06,8.1912e-06,7.9626e-06
3.1886e-08,-2.2175e-07,-4.7101e-07,-6.983e-07,-9.0299e-07,-1.0858e-06,-1.2475e-06,-1.3891e-06,-1.5115e-06,-1.6156e-06,-1.7022e-06,-1.7723e-06,-1.8266e-06,-1.8658e-06,-1.8906e-06,-1.9016e-06,-1.8993e-06,-1.8841e-06,-1.8565e-06,-1.8167e-06,-1.7649e-06,-1.7014e-06,-1.6263e-06,-1.5397e-06,-1.4415e-06,-1.3319e-06,-1.2107e-06,-1.078e-06,-9.3355e-07,-7.7736e-07,-6.0933e-07,-4.2935e-07,-2.3735e-07,-3.325e-08,1.8299e-07,4.1138e-07,6.5191e-07,9.0451e-07,1.169e-06,1.4454e-06,1.7332e-06,2.0322e-06,2.3421e-06,2.6622e-06,2.9921e-06,3.331e-06,3.6781e-06,4.0326e-06,4.3934e-06,4.7593e-06,5.129e-06,5.5011e-06,5.8742e-06,6.2466e-06,6.6166e-06,6.9825e-06,7.3423e-06,7.6941e-06,8.0359e-06,8.3657e-06,8.6815e-06,8.9813e-06,9.2631e-06,9.525e-06,9.7653e-06,9.9823e-06,1.0175e-05,1.0341e-05,1.048e-05,1.0591e-05,1.0674e-05,1.0728e-05,1.0754e-05,1.075e-05,1.0719e-05,1.0661e-05,1.0576e-05,1.0467e-05,1.0334e-05,1.018e-05,1.0006e-05,9.8147e-06,9.6075e-06,9.3869e-06,9.1549e-06,8.9138e-06,8.6655e-06,8.412e-06,8.1564e-06,7.916e-06
-1.8937e-07,-4.509e-07,-7.0799e-07,-9.4248e-07,-1.1537e-06,-1.3424e-06,-1.5095e-06,-1.6559e-06,-1.7825e-06,-1.8904e-06,-1.9804e-06,-2.0535e-06,-2.1105e-06,-2.1521e-06,-2.179e-06,-2.1919e-06,-2.1913e-06,-2.1776e-06,-2.1513e-06,-2.1127e-06,-2.0619e-06,-1.9993e-06,-1.9249e-06,-1.8388e-06,-1.7411e-06,-1.6317e-06,-1.5105e-06,-1.3775e-06,-1.2327e-06,-1.0758e-06,-9.0678e-07,-7.255e-07,-5.3183e-07,-3.2569e-07,-1.0699e-07,1.2432e-07,3.6826e-07,6.248e-07,8.9385e-07,1.1753e-06,1.4689e-06,1.7743e-06,2.0913e-06,2.4192e-06,2.7577e-06,3.106e-06,3.4633e-06,3.8287e-06,4.2012e-06,4.5796e-06,4.9625e-06,5.3486e-06,5.7362e-06,6.1238e-06,6.5096e-06,6.8916e-06,7.2679e-06,7.6365e-06,7.9952e-06,8.3418e-06,8.6742e-06,8.9903e-06,9.2879e-06,9.565e-06,9.8196e-06,1.005e-05,1.0255e-05,1.0432e-05,1.058e-05,1.07e-05,1.0789e-05,1.0847e-05,1.0875e-05,1.0873e-05,1.084e-05,1.0779e-05,1.069e-05,1.0574e-05,1.0433e-05,1.027e-05,1.0085e-05,9.8813e-06,9.6611e-06,9.4267e-06,9.1805e-06,8.9246e-06,8.6614e-06,8.3932e-06,8.1231e-06,7.8696e-06
-4.3545e-07,-7.0498e-07,-9.7e-07,-1.2118e-06,-1.4296e-06,-1.6243e-06,-1.7968e-06,-1.948e-06,-2.0789e-06,-2.1907e-06,-2.2842e-06,-2.3603e-06,-2.42e-06,-2.4641e-06,-2.4932e-06,-2.508e-06,-2.5091e-06,-2.4971e-06,-2.4721e-06,-2.4347e-06,-2.3851e-06,-2.3234e-06,-2.2498e-06,-2.1644e-06,-2.0672e-06,-1.958e-06,-1.837e-06,-1.7039e-06,-1.5587e-06,-1.4012e-06,-1.2313e-06,-1.0488e-06,-8.535e-07,-6.4536e-07,-4.2423e-07,-1.9e-07,5.736e-08,3.1787e-07,5.915e-07,8.7813e-07,1.1776e-06,1.4897e-06,1.814e-06,2.1501e-06,2.4975e-06,2.8555e-06,3.2235e-06,3.6004e-06,3.9853e-06,4.3769e-06,4.7738e-06,5.1747e-06,5.578e-06,5.9819e-06,6.3846e-06,6.7841e-06,7.1783e-06,7.5651e-06,7.9421e-06,8.3072e-06,8.6579e-06,8.992e-06,9.3072e-06,9.6012e-06,9.8719e-06,1.0117e-05,1.0336e-05,1.0525e-05,1.0685e-05,1.0813e-05,1.091e-05,1.0974e-05,1.1006e-05,1.1005e-05,1.0972e-05,1.0908e-05,1.0814e-05,1.0692e-05,1.0543e-05,1.0369e-05,1.0173e-05,9.957e-06,9.723e-06,9.4739e-06,9.2122e-06,8.9404e-06,8.661e-06,8.3767e-06,8.0908e-06,7.8228e-06
-7.0703e-07,-9.847e-07,-1.2578e-06,-1.5069e-06,-1.7315e-06,-1.9323e-06,-2.1102e-06,-2.2663e-06,-2.4017e-06,-2.5173e-06,-2.6143e-06,-2.6936e-06,-2.7561e-06,-2.8026e-06,-2.834e-06,-2.8509e-06,-2.8538e-06,-2.8434e-06,-2.82e-06,-2.7839e-06,-2.7355e-06,-2.6749e-06,-2.6022e-06,-2.5175e-06,-2.4209e-06,-2.3122e-06,-2.1914e-06,-2.0584e-06,-1.9129e-06,-1.755e-06,-1.5843e-06,-1.4006e-06,-1.2039e-06,-9.9385e-07,-7.7037e-07,-5.3332e-07,-2.826e-07,-1.8149e-08,2.6004e-07,5.519e-07,8.5731e-07,1.1761e-06,1.5079e-06,1.8523e-06,2.2089e-06,2.5771e-06,2.9561e-06,3.345e-06,3.7428e-06,4.1483e-06,4.5601e-06,4.9767e-06,5.3966e-06,5.8179e-06,6.2387e-06,6.6569e-06,7.0705e-06,7.477e-06,7.8741e-06,8.2593e-06,8.6302e-06,8.9841e-06,9.3188e-06,9.6316e-06,9.9203e-06,1.0183e-05,1.0417e-05,1.0621e-05,1.0793e-05,1.0932e-05,1.1038e-05,1.1109e-05,1.1145e-05,1.1146e-05,1.1114e-05,1.1048e-05,1.095e-05,1.0821e-05,1.0664e-05,1.048e-05,1.0272e-05,1.0042e-05,9.7936e-06,9.5286e-06,9.2502e-06,8.9611e-06,8.6642e-06,8.3622e-06,8.0588e-06,7.7748e-06
-1.0048e-06,-1.2908e-06,-1.572e-06,-1.8287e-06,-2.0602e-06,-2.2671e-06,-2.4506e-06,-2.6117e-06,-2.7515e-06,-2.8712e-06,-2.9717e-06,-3.0542e-06,-3.1196e-06,-3.1687e-06,-3.2024e-06,-3.2214e-06,-3.2262e-06,-3.2176e-06,-3.1957e-06,-3.1611e-06,-3.114e-06,-3.0546e-06,-2.983e-06,-2.8993e-06,-2.8034e-06,-2.6953e-06,-2.5749e-06,-2.4421e-06,-2.2967e-06,-2.1384e-06,-1.9671e-06,-1.7826e-06,-1.5845e-06,-1.3728e-06,-1.1472e-06,-9.0746e-07,-6.5353e-07,-3.8527e-07,-1.0262e-07,1.944e-07,5.0571e-07,8.3117e-07,1.1705e-06,1.5234e-06,1.8894e-06,2.2679e-06,2.6582e-06,3.0595e-06,3.4708e-06,3.8908e-06,4.3181e-06,4.7513e-06,5.1887e-06,5.6285e-06,6.0686e-06,6.507e-06,6.9413e-06,7.3691e-06,7.788e-06,8.1952e-06,8.588e-06,8.9639e-06,9.3201e-06,9.6538e-06,9.9627e-06,1.0244e-05,1.0496e-05,1.0716e-05,1.0903e-05,1.1055e-05,1.1171e-05,1.1251e-05,1.1293e-05,1.1298e-05,1.1266e-05,1.1199e-05,1.1097e-05,1.0962e-05,1.0797e-05,1.0602e-05,1.0382e-05,1.0138e-05,9.8733e-06,9.5913e-06,9.2948e-06,8.9871e-06,8.6709e-06,8.3495e-06,8.0269e-06,7.7252e-06
-1.3295e-06,-1.624e-06,-1.9136e-06,-2.178e-06,-2.4164e-06,-2.6297e-06,-2.8188e-06,-2.985e-06,-3.1294e-06,-3.2531e-06,-3.3573e-06,-3.4431e-06,-3.5114e-06,-3.5632e-06,-3.5993e-06,-3.6205e-06,-3.6274e-06,-3.6206e-06,-3.6005e-06,-3.5675e-06,-3.5219e-06,-3.4638e-06,-3.3935e-06,-3.3108e-06,-3.2159e-06,-3.1087e-06,-2.9889e-06,-2.8566e-06,-2.7113e-06,-2.553e-06,-2.3814e-06,-2.1962e-06,-1.9971e-06,-1.784e-06,-1.5564e-06,-1.3143e-06,-1.0574e-06,-7.8559e-07,-4.987e-07,-1.967e-07,1.2037e-07,4.5242e-07,7.9926e-07,1.1606e-06,1.536e-06,1.925e-06,2.3269e-06,2.7408e-06,3.1659e-06,3.601e-06,4.0445e-06,4.495e-06,4.9508e-06,5.4101e-06,5.8708e-06,6.3306e-06,6.7872e-06,7.238e-06,7.6803e-06,8.1114e-06,8.5283e-06,8.9282e-06,9.3081e-06,9.6652e-06,9.9965e-06,1.0299e-05,1.0572e-05,1.081e-05,1.1014e-05,1.1181e-05,1.131e-05,1.1399e-05,1.1449e-05,1.1459e-05,1.143e-05,1.1362e-05,1.1257e-05,1.1116e-05,1.0942e-05,1.0737e-05,1.0503e-05,1.0244e-05,9.9626e-06,9.6623e-06,9.3465e-06,9.0183e-06,8.6812e-06,8.3384e-06,7.9946e-06,7.6732e-06
-1.6819e-06,-1.985e-06,-2.2833e-06,-2.5556e-06,-2.8011e-06,-3.0208e-06,-3.2158e-06,-3.3872e-06,-3.5362e-06,-3.6641e-06,-3.7721e-06,-3.8612e-06,-3.9326e-06,-3.9871e-06,-4.0258e-06,-4.0493e-06,-4.0583e-06,-4.0535e-06,-4.0353e-06,-4.004e-06,-3.9601e-06,-3.9036e-06,-3.8347e-06,-3.7534e-06,-3.6597e-06,-3.5535e-06,-3.4347e-06,-3.303e-06,-3.1583e-06,-3.0003e-06,-2.8287e-06,-2.6432e-06,-2.4434e-06,-2.2292e-06,-2.0001e-06,-1.756e-06,-1.4964e-06,-1.2213e-06,-9.3052e-07,-6.2386e-07,-3.013e-07,3.7119e-08,3.9126e-07,7.6089e-07,1.1457e-06,1.5451e-06,1.9586e-06,2.3854e-06,2.8247e-06,3.2751e-06,3.7354e-06,4.2039e-06,4.679e-06,5.1588e-06,5.6411e-06,6.1237e-06,6.6041e-06,7.0795e-06,7.5472e-06,8.0041e-06,8.4473e-06,8.8735e-06,9.2796e-06,9.6624e-06,1.0019e-05,1.0346e-05,1.0641e-05,1.0901e-05,1.1124e-05,1.1308e-05,1.1451e-05,1.1553e-05,1.1612e-05,1.1629e-05,1.1603e-05,1.1536e-05,1.1428e-05,1.1282e-05,1.11e-05,1.0883e-05,1.0636e-05,1.0361e-05,1.0062e-05,9.7424e-06,9.4055e-06,9.0552e-06,8.6952e-06,8.329e-06,7.9617e-06,7.6184e-06
-2.0627e-06,-2.3748e-06,-2.6819e-06,-2.9622e-06,-3.2151e-06,-3.4414e-06,-3.6423e-06,-3.8191e-06,-3.9729e-06,-4.1051e-06,-4.2169e-06,-4.3095e-06,-4.384e-06,-4.4414e-06,-4.4827e-06,-4.5087e-06,-4.52e-06,-4.5173e-06,-4.5011e-06,-4.4718e-06,-4.4297e-06,-4.375e-06,-4.3078e-06,-4.2281e-06,-4.1359e-06,-4.0311e-06,-3.9135e-06,-3.783e-06,-3.6392e-06,-3.4818e-06,-3.3106e-06,-3.1252e-06,-2.9252e-06,-2.7103e-06,-2.4802e-06,-2.2344e-06,-1.9727e-06,-1.6949e-06,-1.4006e-06,-1.0896e-06,-7.6199e-07,-4.1759e-07,-5.6486e-08,3.2116e-07,7.1508e-07,1.1249e-06,1.5499e-06,1.9896e-06,2.4432e-06,2.9093e-06,3.3866e-06,3.8737e-06,4.3688e-06,4.87e-06,5.3751e-06,5.8818e-06,6.3874e-06,6.8891e-06,7.3841e-06,7.869e-06,8.3406e-06,8.7956e-06,9.2305e-06,9.6418e-06,1.0026e-05,1.038e-05,1.0701e-05,1.0985e-05,1.123e-05,1.1434e-05,1.1595e-05,1.1712e-05,1.1783e-05,1.1808e-05,1.1787e-05,1.1722e-05,1.1613e-05,1.1462e-05,1.1271e-05,1.1044e-05,1.0783e-05,1.0491e-05,1.0173e-05,9.8322e-06,9.4726e-06,9.0983e-06,8.7132e-06,8.3213e-06,7.928e-06,7.5605e-06
-2.4728e-06,-2.7941e-06,-3.1102e-06,-3.3989e-06,-3.6593e-06,-3.8924e-06,-4.0994e-06,-4.2816e-06,-4.4404e-06,-4.577e-06,-4.6927e-06,-4.7889e-06,-4.8667e-06,-4.9271e-06,-4.9712e-06,-4.9997e-06,-5.0135e-06,-5.0131e-06,-4.9992e-06,-4.972e-06,-4.932e-06,-4.8793e-06,-4.814e-06,-4.7362e-06,-4.6459e-06,-4.5428e-06,-4.4268e-06,-4.2978e-06,-4.1553e-06,-3.9991e-06,-3.8288e-06,-3.644e-06,-3.4443e-06,-3.2293e-06,-2.9986e-06,-2.7519e-06,-2.4886e-06,-2.2085e-06,-1.9113e-06,-1.5967e-06,-1.2646e-06,-9.1471e-07,-5.4713e-07,-1.6191e-07,2.4075e-07,6.6053e-07,1.097e-06,1.5494e-06,2.0171e-06,2.4991e-06,2.9938e-06,3.4999e-06,4.0156e-06,4.539e-06,5.0679e-06,5.5998e-06,6.1321e-06,6.6619e-06,7.1859e-06,7.701e-06,8.2035e-06,8.6898e-06,9.1563e-06,9.599e-06,1.0014e-05,1.0399e-05,1.0748e-05,1.106e-05,1.1331e-05,1.1558e-05,1.1739e-05,1.1873e-05,1.1959e-05,1.1995e-05,1.1981e-05,1.1919e-05,1.181e-05,1.1655e-05,1.1457e-05,1.1218e-05,1.0943e-05,1.0634e-05,1.0296e-05,9.9326e-06,9.5486e-06,9.1481e-06,8.7357e-06,8.3155e-06,7.8935e-06,7.499e-06
-2.9129e-06,-3.2437e-06,-3.5692e-06,-3.8664e-06,-4.1346e-06,-4.3747e-06,-4.588e-06,-4.7759e-06,-4.9397e-06,-5.0808e-06,-5.2006e-06,-5.3005e-06,-5.3817e-06,-5.4452e-06,-5.4922e-06,-5.5234e-06,-5.5398e-06,-5.5419e-06,-5.5304e-06,-5.5057e-06,-5.468e-06,-5.4176e-06,-5.3546e-06,-5.279e-06,-5.1909e-06,-5.0899e-06,-4.9761e-06,-4.849e-06,-4.7083e-06,-4.5538e-06,-4.3849e-06,-4.2013e-06,-4.0026e-06,-3.7882e-06,-3.5576e-06,-3.3105e-06,-3.0464e-06,-2.7649e-06,-2.4655e-06,-2.148e-06,-1.812e-06,-1.4574e-06,-1.084e-06,-6.9183e-07,-2.81e-07,1.4827e-07,5.956e-07,1.0605e-06,1.5421e-06,2.0398e-06,2.552e-06,3.0774e-06,3.6141e-06,4.1603e-06,4.7139e-06,5.2722e-06,5.8326e-06,6.392e-06,6.9472e-06,7.4945e-06,8.0304e-06,8.5508e-06,9.0518e-06,9.5291e-06,9.9788e-06,1.0397e-05,1.0779e-05,1.1122e-05,1.1422e-05,1.1676e-05,1.1881e-05,1.2036e-05,1.2139e-05,1.2188e-05,1.2185e-05,1.2128e-05,1.202e-05,1.1863e-05,1.1658e-05,1.1408e-05,1.1118e-05,1.0791e-05,1.0432e-05,1.0045e-05,9.6343e-06,9.2056e-06,8.7632e-06,8.312e-06,7.8584e-06,7.4339e-06
-3.384e-06,-3.7246e-06,-4.0598e-06,-4.3659e-06,-4.642e-06,-4.8894e-06,-5.1091e-06,-5.3028e-06,-5.4717e-06,-5.6175e-06,-5.7416e-06,-5.8453e-06,-5.93e-06,-5.9968e-06,-6.0468e-06,-6.0809e-06,-6.1001e-06,-6.1049e-06,-6.096e-06,-6.0739e-06,-6.0388e-06,-5.991e-06,-5.9307e-06,-5.8578e-06,-5.7722e-06,-5.6739e-06,-5.5626e-06,-5.438e-06,-5.2997e-06,-5.1475e-06,-4.9807e-06,-4.799e-06,-4.6019e-06,-4.3888e-06,-4.1592e-06,-3.9127e-06,-3.6485e-06,-3.3664e-06,-3.0657e-06,-2.7461e-06,-2.4073e-06,-2.0488e-06,-1.6705e-06,-1.2722e-06,-8.5402e-07,-4.16e-07,4.1586e-08,5.1828e-07,1.0135e-06,1.5266e-06,2.0561e-06,2.6007e-06,3.1587e-06,3.7283e-06,4.3072e-06,4.8929e-06,5.4827e-06,6.0733e-06,6.6615e-06,7.2434e-06,7.8151e-06,8.3724e-06,8.911e-06,9.4265e-06,9.9142e-06,1.037e-05,1.0789e-05,1.1167e-05,1.15e-05,1.1785e-05,1.2018e-05,1.2198e-05,1.2321e-05,1.2388e-05,1.2397e-05,1.2349e-05,1.2244e-05,1.2085e-05,1.1874e-05,1.1614e-05,1.1309e-05,1.0964e-05,1.0582e-05,1.017e-05,9.7309e-06,9.2716e-06,8.7967e-06,8.3115e-06,7.8229e-06,7.3652e-06
-3.8869e-06,-4.2377e-06,-4.5829e-06,-4.8981e-06,-5.1825e-06,-5.4373e-06,-5.6637e-06,-5.8633e-06,-6.0377e-06,-6.1883e-06,-6.3167e-06,-6.4244e-06,-6.5127e-06,-6.5829e-06,-6.6361e-06,-6.6733e-06,-6.6954e-06,-6.7031e-06,-6.6972e-06,-6.6779e-06,-6.6457e-06,-6.6009e-06,-6.5435e-06,-6.4737e-06,-6.3912e-06,-6.296e-06,-6.1877e-06,-6.0662e-06,-5.931e-06,-5.7817e-06,-5.6179e-06,-5.4389e-06,-5.2442e-06,-5.0333e-06,-4.8056e-06,-4.5605e-06,-4.2974e-06,-4.0156e-06,-3.7148e-06,-3.3942e-06,-3.0535e-06,-2.6923e-06,-2.3101e-06,-1.9068e-06,-1.4823e-06,-1.0365e-06,-5.6957e-07,-8.1855e-08,4.2615e-07,9.541e-07,1.5005e-06,2.0642e-06,2.6435e-06,3.2366e-06,3.8414e-06,4.4554e-06,5.0756e-06,5.699e-06,6.3219e-06,6.9405e-06,7.5507e-06,8.1479e-06,8.7274e-06,9.2845e-06,9.8142e-06,1.0311e-05,1.0771e-05,1.1189e-05,1.156e-05,1.1881e-05,1.2147e-05,1.2355e-05,1.2504e-05,1.2591e-05,1.2616e-05,1.2579e-05,1.248e-05,1.2322e-05,1.2106e-05,1.1837e-05,1.1518e-05,1.1153e-05,1.0748e-05,1.0309e-05,9.8399e-06,9.3474e-06,8.8371e-06,8.3147e-06,7.7877e-06,7.2933e-06
-4.4226e-06,-4.7839e-06,-5.1395e-06,-5.4642e-06,-5.7572e-06,-6.0196e-06,-6.2529e-06,-6.4587e-06,-6.6386e-06,-6.7942e-06,-6.9271e-06,-7.0388e-06,-7.1309e-06,-7.2046e-06,-7.2611e-06,-7.3016e-06,-7.3268e-06,-7.3377e-06,-7.3349e-06,-7.3188e-06,-7.2898e-06,-7.2483e-06,-7.1944e-06,-7.128e-06,-7.0491e-06,-6.9575e-06,-6.853e-06,-6.7352e-06,-6.6038e-06,-6.4582e-06,-6.298e-06,-6.1226e-06,-5.9313e-06,-5.7236e-06,-5.4989e-06,-5.2563e-06,-4.9953e-06,-4.7152e-06,-4.4153e-06,-4.0951e-06,-3.7539e-06,-3.3911e-06,-3.0065e-06,-2.5995e-06,-2.1699e-06,-1.7175e-06,-1.2425e-06,-7.4483e-07,-2.2499e-07,3.1684e-07,8.7948e-07,1.4617e-06,2.062e-06,2.6787e-06,3.3096e-06,3.9523e-06,4.604e-06,5.2614e-06,5.9208e-06,6.5783e-06,7.2294e-06,7.8695e-06,8.4934e-06,9.096e-06,9.6717e-06,1.0215e-05,1.0721e-05,1.1183e-05,1.1598e-05,1.1959e-05,1.2263e-05,1.2506e-05,1.2684e-05,1.2797e-05,1.2842e-05,1.2819e-05,1.273e-05,1.2574e-05,1.2356e-05,1.2078e-05,1.1745e-05,1.1361e-05,1.0932e-05,1.0464e-05,9.9628e-06,9.4347e-06,8.8859e-06,8.3227e-06,7.7535e-06,7.2185e-06
-4.9921e-06,-5.3644e-06,-5.7307e-06,-6.0652e-06,-6.367e-06,-6.6374e-06,-6.8778e-06,-7.09e-06,-7.2755e-06,-7.4362e-06,-7.5737e-06,-7.6897e-06,-7.7857e-06,-7.8631e-06,-7.9231e-06,-7.9669e-06,-7.9955e-06,-8.0098e-06,-8.0103e-06,-7.9977e-06,-7.9723e-06,-7.9345e-06,-7.8843e-06,-7.8219e-06,-7.7471e-06,-7.6597e-06,-7.5596e-06,-7.4463e-06,-7.3194e-06,-7.1784e-06,-7.0227e-06,-6.8518e-06,-6.6651e-06,-6.4617e-06,-6.241e-06,-6.0022e-06,-5.7447e-06,-5.4675e-06,-5.1701e-06,-4.8516e-06,-4.5114e-06,-4.1488e-06,-3.7631e-06,-3.354e-06,-2.9209e-06,-2.4636e-06,-1.9818e-06,-1.4757e-06,-9.4529e-07,-3.9097e-07,1.8687e-07,7.8679e-07,1.4075e-06,2.0473e-06,2.7044e-06,3.3762e-06,4.06e-06,4.7524e-06,5.4499e-06,6.1483e-06,6.8429e-06,7.5287e-06,8.2005e-06,8.8525e-06,9.4789e-06,1.0074e-05,1.063e-05,1.1143e-05,1.1606e-05,1.2014e-05,1.2361e-05,1.2644e-05,1.2859e-05,1.3002e-05,1.3072e-05,1.3068e-05,1.2991e-05,1.2842e-05,1.2623e-05,1.2339e-05,1.1992e-05,1.1589e-05,1.1135e-05,1.0637e-05,1.0102e-05,9.5351e-06,8.9447e-06,8.3371e-06,7.7216e-06,7.1418e-06
-5.5964e-06,-5.98e-06,-6.3575e-06,-6.7022e-06,-7.0132e-06,-7.2918e-06,-7.5396e-06,-7.7583e-06,-7.9497e-06,-8.1157e-06,-8.258e-06,-8.3783e-06,-8.4783e-06,-8.5595e-06,-8.6231e-06,-8.6705e-06,-8.7026e-06,-8.7204e-06,-8.7246e-06,-8.7157e-06,-8.6942e-06,-8.6605e-06,-8.6146e-06,-8.5566e-06,-8.4864e-06,-8.404e-06,-8.3088e-06,-8.2007e-06,-8.0792e-06,-7.9437e-06,-7.7936e-06,-7.6283e-06,-7.4471e-06,-7.2493e-06,-7.0339e-06,-6.8004e-06,-6.5477e-06,-6.2751e-06,-5.9817e-06,-5.6667e-06,-5.3292e-06,-4.9684e-06,-4.5836e-06,-4.1742e-06,-3.7395e-06,-3.279e-06,-2.7924e-06,-2.2796e-06,-1.7404e-06,-1.175e-06,-5.8346e-07,3.2909e-08,6.7297e-07,1.3353e-06,2.018e-06,2.7188e-06,3.435e-06,4.1634e-06,4.9002e-06,5.6413e-06,6.3817e-06,7.1164e-06,7.8395e-06,8.5451e-06,9.2267e-06,9.8776e-06,1.0491e-05,1.106e-05,1.1578e-05,1.2039e-05,1.2437e-05,1.2766e-05,1.3023e-05,1.3203e-05,1.3304e-05,1.3324e-05,1.3264e-05,1.3125e-05,1.2909e-05,1.2619e-05,1.2261e-05,1.1839e-05,1.136e-05,1.083e-05,1.0258e-05,9.6509e-06,9.0154e-06,8.3596e-06,7.6933e-06,7.0643e-06
-6.2366e-06,-6.632e-06,-7.0211e-06,-7.3764e-06,-7.6969e-06,-7.9841e-06,-8.2394e-06,-8.4649e-06,-8.6623e-06,-8.8337e-06,-8.9809e-06,-9.1057e-06,-9.2098e-06,-9.2949e-06,-9.3623e-06,-9.4134e-06,-9.4492e-06,-9.4707e-06,-9.4788e-06,-9.4739e-06,-9.4567e-06,-9.4274e-06,-9.3862e-06,-9.3332e-06,-9.2683e-06,-9.1913e-06,-9.102e-06,-8.9999e-06,-8.8846e-06,-8.7555e-06,-8.612e-06,-8.4535e-06,-8.2791e-06,-8.0881e-06,-7.8796e-06,-7.6527e-06,-7.4066e-06,-7.1402e-06,-6.8526e-06,-6.5429e-06,-6.2101e-06,-5.8532e-06,-5.4714e-06,-5.0638e-06,-4.6296e-06,-4.1682e-06,-3.679e-06,-3.1615e-06,-2.6156e-06,-2.0412e-06,-1.4378e-06,-8.0672e-07,-1.4876e-07,5.3481e-07,1.2423e-06,1.9717e-06,2.7204e-06,3.4851e-06,4.2622e-06,5.0475e-06,5.836e-06,6.6222e-06,7.4003e-06,8.1636e-06,8.9052e-06,9.6178e-06,1.0294e-05,1.0926e-05,1.1506e-05,1.2027e-05,1.2483e-05,1.2866e-05,1.3172e-05,1.3396e-05,1.3534e-05,1.3585e-05,1.3547e-05,1.3423e-05,1.3213e-05,1.2921e-05,1.2552e-05,1.2112e-05,1.1608e-05,1.1046e-05,1.0436e-05,9.7846e-06,9.1006e-06,8.3924e-06,7.6707e-06,6.9876e-06
-6.9137e-06,-7.3216e-06,-7.7228e-06,-8.0891e-06,-8.4195e-06,-8.7154e-06,-8.9786e-06,-9.2111e-06,-9.4147e-06,-9.5916e-06,-9.7438e-06,-9.8732e-06,-9.9815e-06,-1.0071e-05,-1.0142e-05,-1.0197e-05,-1.0236e-05,-1.0262e-05,-1.0274e-05,-1.0273e-05,-1.0261e-05,-1.0236e-05,-1.02e-05,-1.0153e-05,-1.0094e-05,-1.0023e-05,-9.94e-06,-9.8448e-06,-9.7366e-06,-9.615e-06,-9.4793e-06,-9.3287e-06,-9.1624e-06,-8.9797e-06,-8.7796e-06,-8.561e-06,-8.3231e-06,-8.0648e-06,-7.7851e-06,-7.4827e-06,-7.1568e-06,-6.8061e-06,-6.4296e-06,-6.0263e-06,-5.5952e-06,-5.1353e-06,-4.646e-06,-4.1265e-06,-3.5764e-06,-2.9953e-06,-2.3826e-06,-1.7389e-06,-1.065e-06,-3.6182e-07,3.6918e-07,1.1261e-06,1.9067e-06,2.7078e-06,3.5258e-06,4.3565e-06,5.1949e-06,6.0354e-06,6.8717e-06,7.6969e-06,8.5034e-06,9.2834e-06,1.0029e-05,1.073e-05,1.138e-05,1.197e-05,1.2491e-05,1.2937e-05,1.33e-05,1.3576e-05,1.3759e-05,1.3847e-05,1.3839e-05,1.3735e-05,1.3535e-05,1.3245e-05,1.2869e-05,1.2412e-05,1.1882e-05,1.1288e-05,1.0637e-05,9.9392e-06,9.2032e-06,8.4382e-06,7.6562e-06,6.9139e-06
-7.6291e-06,-8.0498e-06,-8.4637e-06,-8.8414e-06,-9.1821e-06,-9.4872e-06,-9.7586e-06,-9.9982e-06,-1.0208e-05,-1.0391e-05,-1.0548e-05,-1.0682e-05,-1.0795e-05,-1.0888e-05,-1.0963e-05,-1.1022e-05,-1.1065e-05,-1.1095e-05,-1.1111e-05,-1.1115e-05,-1.1107e-05,-1.1088e-05,-1.1058e-05,-1.1016e-05,-1.0964e-05,-1.09e-05,-1.0824e-05,-1.0736e-05,-1.0636e-05,-1.0523e-05,-1.0396e-05,-1.0255e-05,-1.0098e-05,-9.9254e-06,-9.7352e-06,-9.5268e-06,-9.2991e-06,-9.0509e-06,-8.7811e-06,-8.4884e-06,-8.1718e-06,-7.8298e-06,-7.4612e-06,-7.0649e-06,-6.6397e-06,-6.1844e-06,-5.6979e-06,-5.1793e-06,-4.6279e-06,-4.043e-06,-3.424e-06,-2.7703e-06,-2.0829e-06,-1.3624e-06,-6.0985e-07,1.7317e-07,9.8454e-07,1.8215e-06,2.6805e-06,3.5574e-06,4.4473e-06,5.3443e-06,6.242e-06,7.1331e-06,8.0095e-06,8.8627e-06,9.6836e-06,1.0463e-05,1.119e-05,1.1857e-05,1.2453e-05,1.297e-05,1.3401e-05,1.3737e-05,1.3975e-05,1.4109e-05,1.4137e-05,1.4059e-05,1.3877e-05,1.3593e-05,1.3212e-05,1.274e-05,1.2186e-05,1.1558e-05,1.0865e-05,1.0118e-05,9.3265e-06,8.5003e-06,7.6527e-06,6.8456e-06
-8.3839e-06,-8.8182e-06,-9.2453e-06,-9.635e-06,-9.9864e-06,-1.0301e-05,-1.0581e-05,-1.0828e-05,-1.1044e-05,-1.1232e-05,-1.1395e-05,-1.1533e-05,-1.165e-05,-1.1748e-05,-1.1827e-05,-1.1889e-05,-1.1937e-05,-1.1971e-05,-1.1992e-05,-1.2e-05,-1.1998e-05,-1.1984e-05,-1.1959e-05,-1.1924e-05,-1.1879e-05,-1.1822e-05,-1.1755e-05,-1.1676e-05,-1.1585e-05,-1.1481e-05,-1.1364e-05,-1.1234e-05,-1.1088e-05,-1.0926e-05,-1.0748e-05,-1.0551e-05,-1.0336e-05,-1.01e-05,-9.8424e-06,-9.5619e-06,-9.2571e-06,-8.9265e-06,-8.5689e-06,-8.1826e-06,-7.7664e-06,-7.3188e-06,-6.8385e-06,-6.3243e-06,-5.775e-06,-5.1897e-06,-4.5676e-06,-3.9073e-06,-3.2096e-06,-2.4745e-06,-1.703e-06,-8.9604e-07,-5.5518e-08,8.1611e-07,1.7156e-06,2.639e-06,3.5814e-06,4.5369e-06,5.4989e-06,6.4597e-06,7.4109e-06,8.3431e-06,9.2465e-06,1.0111e-05,1.0924e-05,1.1677e-05,1.2359e-05,1.2958e-05,1.3466e-05,1.3874e-05,1.4175e-05,1.4365e-05,1.4439e-05,1.4396e-05,1.4237e-05,1.3964e-05,1.3583e-05,1.3099e-05,1.2522e-05,1.186e-05,1.1124e-05,1.0326e-05,9.4744e-06,8.5824e-06,7.6638e-06,6.7861e-06
-9.1795e-06,-9.6279e-06,-1.0069e-05,-1.0471e-05,-1.0834e-05,-1.1158e-05,-1.1446e-05,-1.1701e-05,-1.1924e-05,-1.2118e-05,-1.2286e-05,-1.2429e-05,-1.255e-05,-1.2651e-05,-1.2735e-05,-1.2801e-05,-1.2853e-05,-1.2891e-05,-1.2916e-05,-1.293e-05,-1.2932e-05,-1.2924e-05,-1.2906e-05,-1.2878e-05,-1.284e-05,-1.2791e-05,-1.2733e-05,-1.2663e-05,-1.2582e-05,-1.2489e-05,-1.2384e-05,-1.2265e-05,-1.2132e-05,-1.1983e-05,-1.1818e-05,-1.1636e-05,-1.1434e-05,-1.1213e-05,-1.097e-05,-1.0704e-05,-1.0414e-05,-1.0098e-05,-9.7546e-06,-9.3817e-06,-8.978e-06,-8.5418e-06,-8.0714e-06,-7.5653e-06,-7.0221e-06,-6.4403e-06,-5.8188e-06,-5.1559e-06,-4.4515e-06,-3.7055e-06,-2.9181e-06,-2.0901e-06,-1.2228e-06,-3.1828e-07,6.2057e-07,1.59e-06,2.5853e-06,3.6007e-06,4.6294e-06,5.6635e-06,6.694e-06,7.7111e-06,8.704e-06,9.6612e-06,1.0571e-05,1.142e-05,1.2197e-05,1.2889e-05,1.3486e-05,1.3978e-05,1.4355e-05,1.4611e-05,1.4741e-05,1.4742e-05,1.4614e-05,1.436e-05,1.3984e-05,1.3492e-05,1.2894e-05,1.2199e-05,1.1419e-05,1.0566e-05,9.6518e-06,8.6892e-06,7.6938e-06,6.7395e-06
-1.0017e-05,-1.0481e-05,-1.0936e-05,-1.1351e-05,-1.1726e-05,-1.206e-05,-1.2357e-05,-1.262e-05,-1.285e-05,-1.305e-05,-1.3222e-05,-1.337e-05,-1.3495e-05,-1.3601e-05,-1.3687e-05,-1.3758e-05,-1.3813e-05,-1.3856e-05,-1.3885e-05,-1.3904e-05,-1.3912e-05,-1.391e-05,-1.3899e-05,-1.3878e-05,-1.3847e-05,-1.3808e-05,-1.3758e-05,-1.3699e-05,-1.3629e-05,-1.3548e-05,-1.3455e-05,-1.3349e-05,-1.323e-05,-1.3096e-05,-1.2946e-05,-1.278e-05,-1.2595e-05,-1.2391e-05,-1.2165e-05,-1.1917e-05,-1.1645e-05,-1.1346e-05,-1.102e-05,-1.0664e-05,-1.0277e-05,-9.8556e-06,-9.3993e-06,-8.9056e-06,-8.3727e-06,-7.7988e-06,-7.1823e-06,-6.5215e-06,-5.8147e-06,-5.0618e-06,-4.2625e-06,-3.4171e-06,-2.5261e-06,-1.5913e-06,-6.1507e-07,3.9926e-07,1.4472e-06,2.5232e-06,3.6204e-06,4.7308e-06,5.8451e-06,6.9527e-06,8.0421e-06,9.1005e-06,1.0115e-05,1.1071e-05,1.1955e-05,1.2753e-05,1.3452e-05,1.404e-05,1.4506e-05,1.4841e-05,1.5039e-05,1.5095e-05,1.5009e-05,1.4781e-05,1.4416e-05,1.3921e-05,1.3305e-05,1.2578e-05,1.1754e-05,1.0845e-05,9.8641e-06,8.826e-06,7.7479e-06,6.7104e-06
-1.0899e-05,-1.1378e-05,-1.1849e-05,-1.2278e-05,-1.2664e-05,-1.3009e-05,-1.3316e-05,-1.3586e-05,-1.3822e-05,-1.4028e-05,-1.4206e-05,-1.4358e-05,-1.4487e-05,-1.4596e-05,-1.4687e-05,-1.4761e-05,-1.482e-05,-1.4866e-05,-1.4901e-05,-1.4924e-05,-1.4938e-05,-1.4942e-05,-1.4937e-05,-1.4924e-05,-1.4902e-05,-1.4871e-05,-1.4832e-05,-1.4783e-05,-1.4725e-05,-1.4657e-05,-1.4578e-05,-1.4487e-05,-1.4383e-05,-1.4265e-05,-1.4133e-05,-1.3984e-05,-1.3818e-05,-1.3633e-05,-1.3428e-05,-1.32e-05,-1.2948e-05,-1.2671e-05,-1.2366e-05,-1.203e-05,-1.1663e-05,-1.1262e-05,-1.0824e-05,-1.0347e-05,-9.8297e-06,-9.2686e-06,-8.6621e-06,-8.0082e-06,-7.3041e-06,-6.5493e-06,-5.7428e-06,-4.8842e-06,-3.9736e-06,-3.0119e-06,-2.0011e-06,-9.4383e-07,1.5573e-07,1.2923e-06,2.4592e-06,3.6484e-06,4.8501e-06,6.0535e-06,7.2461e-06,8.4142e-06,9.543e-06,1.0617e-05,1.1621e-05,1.2538e-05,1.3353e-05,1.4052e-05,1.4621e-05,1.5049e-05,1.5328e-05,1.5453e-05,1.5419e-05,1.5228e-05,1.4882e-05,1.439e-05,1.376e-05,1.3004e-05,1.2135e-05,1.1168e-05,1.0117e-05,8.9992e-06,7.8323e-06,6.7048e-06
-1.1825e-05,-1.2321e-05,-1.2808e-05,-1.3252e-05,-1.3651e-05,-1.4007e-05,-1.4323e-05,-1.4601e-05,-1.4844e-05,-1.5056e-05,-1.5238e-05,-1.5395e-05,-1.5528e-05,-1.564e-05,-1.5734e-05,-1.5811e-05,-1.5874e-05,-1.5924e-05,-1.5962e-05,-1.5991e-05,-1.6009e-05,-1.602e-05,-1.6022e-05,-1.6016e-05,-1.6003e-05,-1.5982e-05,-1.5953e-05,-1.5916e-05,-1.5871e-05,-1.5816e-05,-1.5752e-05,-1.5676e-05,-1.559e-05,-1.549e-05,-1.5377e-05,-1.5248e-05,-1.5103e-05,-1.494e-05,-1.4757e-05,-1.4553e-05,-1.4325e-05,-1.4072e-05,-1.3792e-05,-1.3481e-05,-1.3139e-05,-1.2761e-05,-1.2347e-05,-1.1892e-05,-1.1395e-05,-1.0852e-05,-1.0261e-05,-9.6191e-06,-8.9236e-06,-8.1724e-06,-7.3642e-06,-6.4976e-06,-5.5721e-06,-4.588e-06,-3.5461e-06,-2.4489e-06,-1.2998e-06,-1.0356e-07,1.1333e-06,2.4029e-06,3.6954e-06,4.9993e-06,6.3014e-06,7.5872e-06,8.8405e-06,1.0044e-05,1.118e-05,1.223e-05,1.3176e-05,1.4001e-05,1.469e-05,1.5228e-05,1.5604e-05,1.5811e-05,1.5843e-05,1.57e-05,1.5384e-05,1.4902e-05,1.4263e-05,1.3481e-05,1.2568e-05,1.1542e-05,1.0419e-05,9.2161e-06,7.9541e-06,6.7296e-06
-1.2799e-05,-1.3313e-05,-1.3817e-05,-1.4275e-05,-1.4687e-05,-1.5055e-05,-1.5381e-05,-1.5667e-05,-1.5917e-05,-1.6134e-05,-1.6321e-05,-1.6481e-05,-1.6618e-05,-1.6733e-05,-1.6829e-05,-1.691e-05,-1.6975e-05,-1.7029e-05,-1.7071e-05,-1.7104e-05,-1.7128e-05,-1.7144e-05,-1.7153e-05,-1.7155e-05,-1.7151e-05,-1.714e-05,-1.7122e-05,-1.7097e-05,-1.7065e-05,-1.7025e-05,-1.6976e-05,-1.6918e-05,-1.6849e-05,-1.6769e-05,-1.6677e-05,-1.657e-05,-1.6448e-05,-1.631e-05,-1.6152e-05,-1.5974e-05,-1.5774e-05,-1.5549e-05,-1.5297e-05,-1.5016e-05,-1.4702e-05,-1.4354e-05,-1.3967e-05,-1.354e-05,-1.3068e-05,-1.2549e-05,-1.198e-05,-1.1356e-05,-1.0676e-05,-9.9344e-06,-9.1304e-06,-8.2619e-06,-7.3272e-06,-6.3258e-06,-5.2577e-06,-4.1244e-06,-2.9287e-06,-1.6747e-06,-3.685e-07,9.822e-07,2.3677e-06,3.7761e-06,5.1938e-06,6.605e-06,7.9923e-06,9.3367e-06,1.0618e-05,1.1816e-05,1.2909e-05,1.3878e-05,1.4704e-05,1.5369e-05,1.586e-05,1.6165e-05,1.6279e-05,1.6197e-05,1.5923e-05,1.5461e-05,1.482e-05,1.4016e-05,1.3062e-05,1.1976e-05,1.0778e-05,9.4852e-06,8.1218e-06,6.793e-06
-1.3822e-05,-1.4354e-05,-1.4876e-05,-1.5351e-05,-1.5777e-05,-1.6156e-05,-1.6492e-05,-1.6786e-05,-1.7043e-05,-1.7265e-05,-1.7457e-05,-1.762e-05,-1.7759e-05,-1.7877e-05,-1.7975e-05,-1.8058e-05,-1.8126e-05,-1.8182e-05,-1.8228e-05,-1.8264e-05,-1.8293e-05,-1.8315e-05,-1.8331e-05,-1.834e-05,-1.8345e-05,-1.8344e-05,-1.8337e-05,-1.8325e-05,-1.8307e-05,-1.8282e-05,-1.825e-05,-1.821e-05,-1.8161e-05,-1.8101e-05,-1.8031e-05,-1.7949e-05,-1.7852e-05,-1.774e-05,-1.7611e-05,-1.7463e-05,-1.7293e-05,-1.7099e-05,-1.688e-05,-1.6632e-05,-1.6352e-05,-1.6037e-05,-1.5684e-05,-1.5289e-05,-1.4849e-05,-1.4361e-05,-1.3819e-05,-1.322e-05,-1.2561e-05,-1.1836e-05,-1.1044e-05,-1.018e-05,-9.2425e-06,-8.2298e-06,-7.1411e-06,-5.9767e-06,-4.7385e-06,-3.4298e-06,-2.0561e-06,-6.2453e-07,8.5524e-07,2.3714e-06,3.9096e-06,5.4535e-06,6.9841e-06,8.4807e-06,9.9212e-06,1.1282e-05,1.254e-05,1.367e-05,1.4652e-05,1.5464e-05,1.6089e-05,1.6512e-05,1.6725e-05,1.6721e-05,1.6501e-05,1.607e-05,1.5437e-05,1.4616e-05,1.3624e-05,1.2479e-05,1.1203e-05,9.8166e-06,8.3455e-06,6.9047e-06
-1.4896e-05,-1.5448e-05,-1.5989e-05,-1.6481e-05,-1.6921e-05,-1.7313e-05,-1.7658e-05,-1.7961e-05,-1.8224e-05,-1.8451e-05,-1.8646e-05,-1.8813e-05,-1.8954e-05,-1.9073e-05,-1.9173e-05,-1.9256e-05,-1.9326e-05,-1.9384e-05,-1.9432e-05,-1.9472e-05,-1.9505e-05,-1.9532e-05,-1.9554e-05,-1.9571e-05,-1.9584e-05,-1.9593e-05,-1.9598e-05,-1.9598e-05,-1.9594e-05,-1.9585e-05,-1.957e-05,-1.9549e-05,-1.9521e-05,-1.9484e-05,-1.9438e-05,-1.9381e-05,-1.9312e-05,-1.9229e-05,-1.9131e-05,-1.9014e-05,-1.8878e-05,-1.872e-05,-1.8537e-05,-1.8326e-05,-1.8084e-05,-1.7808e-05,-1.7494e-05,-1.7138e-05,-1.6736e-05,-1.6283e-05,-1.5776e-05,-1.5209e-05,-1.4578e-05,-1.3877e-05,-1.3103e-05,-1.2252e-05,-1.1319e-05,-1.0302e-05,-9.1995e-06,-8.01e-06,-6.7344e-06,-5.3753e-06,-3.9369e-06,-2.4261e-06,-8.518e-07,7.7408e-07,2.437e-06,4.1198e-06,5.8024e-06,7.4623e-06,9.0752e-06,1.0615e-05,1.2054e-05,1.3366e-05,1.4524e-05,1.5504e-05,1.6284e-05,1.6847e-05,1.7178e-05,1.727e-05,1.7121e-05,1.6735e-05,1.612e-05,1.529e-05,1.4263e-05,1.3061e-05,1.1706e-05,1.0222e-05,8.6366e-06,7.0761e-06
-1.6023e-05,-1.6597e-05,-1.7158e-05,-1.7668e-05,-1.8124e-05,-1.8528e-05,-1.8884e-05,-1.9194e-05,-1.9463e-05,-1.9695e-05,-1.9893e-05,-2.0061e-05,-2.0203e-05,-2.0322e-05,-2.0423e-05,-2.0506e-05,-2.0577e-05,-2.0636e-05,-2.0685e-05,-2.0728e-05,-2.0764e-05,-2.0795e-05,-2.0822e-05,-2.0846e-05,-2.0867e-05,-2.0886e-05,-2.0902e-05,-2.0915e-05,-2.0925e-05,-2.0932e-05,-2.0935e-05,-2.0934e-05,-2.0927e-05,-2.0914e-05,-2.0893e-05,-2.0864e-05,-2.0824e-05,-2.0772e-05,-2.0707e-05,-2.0626e-05,-2.0527e-05,-2.0407e-05,-2.0264e-05,-2.0094e-05,-1.9895e-05,-1.9662e-05,-1.9392e-05,-1.908e-05,-1.8722e-05,-1.8312e-05,-1.7846e-05,-1.7318e-05,-1.6723e-05,-1.6055e-05,-1.5307e-05,-1.4476e-05,-1.3556e-05,-1.2543e-05,-1.1433e-05,-1.0225e-05,-8.9188e-06,-7.5145e-06,-6.0158e-06,-4.4284e-06,-2.7608e-06,-1.0244e-06,7.6621e-07,2.5932e-06,4.4356e-06,6.2692e-06,8.0675e-06,9.8013e-06,1.144e-05,1.2953e-05,1.431e-05,1.5481e-05,1.644e-05,1.7164e-05,1.7637e-05,1.7846e-05,1.7786e-05,1.746e-05,1.6876e-05,1.6046e-05,1.4992e-05,1.3735e-05,1.23e-05,1.0714e-05,9.0087e-06,7.3207e-06
-1.7206e-05,-1.7802e-05,-1.8386e-05,-1.8915e-05,-1.9386e-05,-1.9804e-05,-2.017e-05,-2.0488e-05,-2.0763e-05,-2.0998e-05,-2.1198e-05,-2.1367e-05,-2.1509e-05,-2.1627e-05,-2.1726e-05,-2.1809e-05,-2.1878e-05,-2.1937e-05,-2.1987e-05,-2.203e-05,-2.2068e-05,-2.2103e-05,-2.2134e-05,-2.2164e-05,-2.2193e-05,-2.222e-05,-2.2247e-05,-2.2273e-05,-2.2298e-05,-2.2321e-05,-2.2342e-05,-2.2361e-05,-2.2376e-05,-2.2388e-05,-2.2393e-05,-2.2393e-05,-2.2384e-05,-2.2365e-05,-2.2335e-05,-2.2291e-05,-2.2232e-05,-2.2154e-05,-2.2055e-05,-2.193e-05,-2.1778e-05,-2.1594e-05,-2.1373e-05,-2.1111e-05,-2.0802e-05,-2.0442e-05,-2.0024e-05,-1.9543e-05,-1.8991e-05,-1.8362e-05,-1.7649e-05,-1.6847e-05,-1.5948e-05,-1.4947e-05,-1.3839e-05,-1.2621e-05,-1.1291e-05,-9.8475e-06,-8.2939e-06,-6.6341e-06,-4.8756e-06,-3.0293e-06,-1.1096e-06,8.6561e-07,2.8744e-06,4.8912e-06,6.8872e-06,8.8306e-06,1.0687e-05,1.2422e-05,1.4e-05,1.5386e-05,1.6549e-05,1.746e-05,1.8099e-05,1.8448e-05,1.85e-05,1.8253e-05,1.7714e-05,1.6897e-05,1.5822e-05,1.4514e-05,1.3e-05,1.1309e-05,9.4775e-06,7.6538e-06
-1.8447e-05,-1.9069e-05,-1.9676e-05,-2.0225e-05,-2.0713e-05,-2.1144e-05,-2.1521e-05,-2.1846e-05,-2.2126e-05,-2.2364e-05,-2.2565e-05,-2.2733e-05,-2.2873e-05,-2.2989e-05,-2.3085e-05,-2.3165e-05,-2.3232e-05,-2.3288e-05,-2.3336e-05,-2.3379e-05,-2.3418e-05,-2.3454e-05,-2.3489e-05,-2.3524e-05,-2.3559e-05,-2.3595e-05,-2.3631e-05,-2.3669e-05,-2.3708e-05,-2.3747e-05,-2.3787e-05,-2.3826e-05,-2.3864e-05,-2.39e-05,-2.3933e-05,-2.3962e-05,-2.3986e-05,-2.4002e-05,-2.4009e-05,-2.4005e-05,-2.3988e-05,-2.3955e-05,-2.3902e-05,-2.3827e-05,-2.3726e-05,-2.3595e-05,-2.3428e-05,-2.3221e-05,-2.2969e-05,-2.2664e-05,-2.2301e-05,-2.1873e-05,-2.1372e-05,-2.0791e-05,-2.0121e-05,-1.9356e-05,-1.8487e-05,-1.7507e-05,-1.641e-05,-1.519e-05,-1.3844e-05,-1.237e-05,-1.0768e-05,-9.0415e-06,-7.1962e-06,-5.2422e-06,-3.1932e-06,-1.0674e-06,1.113e-06,3.3212e-06,5.5263e-06,7.6938e-06,9.7859e-06,1.1763e-05,1.3585e-05,1.5212e-05,1.6605e-05,1.7732e-05,1.8564e-05,1.908e-05,1.9266e-05,1.9119e-05,1.8644e-05,1.7853e-05,1.6767e-05,1.5414e-05,1.3822e-05,1.2025e-05,1.0061e-05,8.0939e-06
-1.975e-05,-2.0399e-05,-2.1032e-05,-2.1602e-05,-2.2108e-05,-2.2553e-05,-2.294e-05,-2.3272e-05,-2.3556e-05,-2.3795e-05,-2.3995e-05,-2.4161e-05,-2.4298e-05,-2.4409e-05,-2.45e-05,-2.4575e-05,-2.4637e-05,-2.4689e-05,-2.4734e-05,-2.4774e-05,-2.4812e-05,-2.4848e-05,-2.4885e-05,-2.4923e-05,-2.4963e-05,-2.5006e-05,-2.5051e-05,-2.51e-05,-2.5152e-05,-2.5207e-05,-2.5264e-05,-2.5324e-05,-2.5385e-05,-2.5446e-05,-2.5507e-05,-2.5567e-05,-2.5623e-05,-2.5676e-05,-2.5722e-05,-2.576e-05,-2.5787e-05,-2.5801e-05,-2.5798e-05,-2.5776e-05,-2.573e-05,-2.5655e-05,-2.5547e-05,-2.5401e-05,-2.521e-05,-2.4967e-05,-2.4665e-05,-2.4297e-05,-2.3855e-05,-2.3329e-05,-2.2712e-05,-2.1992e-05,-2.1162e-05,-2.0213e-05,-1.9135e-05,-1.7923e-05,-1.6571e-05,-1.5074e-05,-1.3432e-05,-1.1644e-05,-9.7176e-06,-7.6594e-06,-5.4829e-06,-3.2056e-06,-8.4998e-07,1.5562e-06,3.9804e-06,6.3853e-06,8.7299e-06,1.097e-05,1.306e-05,1.4953e-05,1.6605e-05,1.7976e-05,1.9031e-05,1.9742e-05,2.0091e-05,2.0068e-05,1.9677e-05,1.8929e-05,1.7845e-05,1.6454e-05,1.4787e-05,1.2882e-05,1.0781e-05,8.6617e-06
-2.1119e-05,-2.1797e-05,-2.2457e-05,-2.305e-05,-2.3575e-05,-2.4034e-05,-2.4431e-05,-2.477e-05,-2.5057e-05,-2.5296e-05,-2.5493e-05,-2.5654e-05,-2.5785e-05,-2.589e-05,-2.5973e-05,-2.604e-05,-2.6095e-05,-2.614e-05,-2.6179e-05,-2.6214e-05,-2.6248e-05,-2.6282e-05,-2.6318e-05,-2.6358e-05,-2.6401e-05,-2.645e-05,-2.6503e-05,-2.6562e-05,-2.6626e-05,-2.6696e-05,-2.677e-05,-2.6849e-05,-2.6933e-05,-2.7019e-05,-2.7109e-05,-2.7199e-05,-2.729e-05,-2.7379e-05,-2.7466e-05,-2.7547e-05,-2.762e-05,-2.7683e-05,-2.7733e-05,-2.7766e-05,-2.7778e-05,-2.7764e-05,-2.772e-05,-2.7638e-05,-2.7513e-05,-2.7337e-05,-2.7103e-05,-2.6803e-05,-2.6426e-05,-2.5963e-05,-2.5405e-05,-2.474e-05,-2.3958e-05,-2.3048e-05,-2.2e-05,-2.0805e-05,-1.9456e-05,-1.7945e-05,-1.6271e-05,-1.4431e-05,-1.2429e-05,-1.0272e-05,-7.9713e-06,-5.5435e-06,-3.011e-06,-4.0193e-07,2.2496e-06,4.9041e-06,7.5169e-06,1.0039e-05,1.242e-05,1.4606e-05,1.6547e-05,1.8193e-05,1.9503e-05,2.044e-05,2.0981e-05,2.1111e-05,2.0828e-05,2.0142e-05,1.9074e-05,1.7654e-05,1.5917e-05,1.3903e-05,1.1661e-05,9.3818e-06
-2.2557e-05,-2.3267e-05,-2.3957e-05,-2.4575e-05,-2.512e-05,-2.5593e-05,-2.6e-05,-2.6344e-05,-2.6632e-05,-2.6869e-05,-2.7061e-05,-2.7216e-05,-2.7337e-05,-2.7432e-05,-2.7505e-05,-2.7561e-05,-2.7605e-05,-2.764e-05,-2.767e-05,-2.7697e-05,-2.7725e-05,-2.7754e-05,-2.7788e-05,-2.7826e-05,-2.7871e-05,-2.7923e-05,-2.7982e-05,-2.8049e-05,-2.8124e-05,-2.8207e-05,-2.8298e-05,-2.8396e-05,-2.8502e-05,-2.8613e-05,-2.873e-05,-2.8852e-05,-2.8977e-05,-2.9104e-05,-2.9231e-05,-2.9356e-05,-2.9477e-05,-2.9592e-05,-2.9696e-05,-2.9787e-05,-2.9859e-05,-2.9909e-05,-2.9931e-05,-2.9918e-05,-2.9864e-05,-2.9761e-05,-2.96e-05,-2.9372e-05,-2.9067e-05,-2.8674e-05,-2.8183e-05,-2.7581e-05,-2.6855e-05,-2.5994e-05,-2.4984e-05,-2.3816e-05,-2.2479e-05,-2.0965e-05,-1.9267e-05,-1.7384e-05,-1.5315e-05,-1.3065e-05,-1.0645e-05,-8.0694e-06,-5.3601e-06,-2.5454e-06,3.3984e-07,3.2539e-06,6.1492e-06,8.9725e-06,1.1667e-05,1.4173e-05,1.6431e-05,1.8385e-05,1.9983e-05,2.1181e-05,2.1947e-05,2.2259e-05,2.2111e-05,2.151e-05,2.0476e-05,1.9039e-05,1.7238e-05,1.5117e-05,1.2728e-05,1.0282e-05
-2.4068e-05,-2.4814e-05,-2.5536e-05,-2.6181e-05,-2.6746e-05,-2.7235e-05,-2.7651e-05,-2.7999e-05,-2.8286e-05,-2.8519e-05,-2.8704e-05,-2.8847e-05,-2.8956e-05,-2.9037e-05,-2.9096e-05,-2.9138e-05,-2.9167e-05,-2.9188e-05,-2.9206e-05,-2.9222e-05,-2.924e-05,-2.9262e-05,-2.9289e-05,-2.9324e-05,-2.9368e-05,-2.9421e-05,-2.9484e-05,-2.9557e-05,-2.9641e-05,-2.9736e-05,-2.9841e-05,-2.9957e-05,-3.0084e-05,-3.0219e-05,-3.0363e-05,-3.0516e-05,-3.0675e-05,-3.0839e-05,-3.1007e-05,-3.1178e-05,-3.1347e-05,-3.1514e-05,-3.1674e-05,-3.1824e-05,-3.196e-05,-3.2076e-05,-3.2167e-05,-3.2226e-05,-3.2246e-05,-3.2219e-05,-3.2136e-05,-3.1986e-05,-3.1759e-05,-3.1443e-05,-3.1025e-05,-3.0492e-05,-2.9831e-05,-2.9026e-05,-2.8064e-05,-2.6932e-05,-2.5617e-05,-2.4108e-05,-2.2398e-05,-2.0479e-05,-1.8352e-05,-1.6017e-05,-1.3484e-05,-1.0765e-05,-7.8807e-06,-4.8595e-06,-1.7365e-06,1.4453e-06,4.6353e-06,7.7763e-06,1.0806e-05,1.3657e-05,1.6263e-05,1.8557e-05,2.0479e-05,2.1974e-05,2.3e-05,2.3528e-05,2.3546e-05,2.3056e-05,2.2076e-05,2.0637e-05,1.8781e-05,1.6554e-05,1.4016e-05,1.1395e-05
-2.5659e-05,-2.6443e-05,-2.7201e-05,-2.7875e-05,-2.8462e-05,-2.8966e-05,-2.939e-05,-2.9741e-05,-3.0025e-05,-3.025e-05,-3.0424e-05,-3.0553e-05,-3.0646e-05,-3.0708e-05,-3.0748e-05,-3.0771e-05,-3.0781e-05,-3.0784e-05,-3.0785e-05,-3.0786e-05,-3.079e-05,-3.08e-05,-3.0819e-05,-3.0847e-05,-3.0886e-05,-3.0937e-05,-3.1001e-05,-3.1079e-05,-3.117e-05,-3.1274e-05,-3.1393e-05,-3.1525e-05,-3.167e-05,-3.1829e-05,-3.1999e-05,-3.2181e-05,-3.2374e-05,-3.2575e-05,-3.2785e-05,-3.3e-05,-3.3218e-05,-3.3437e-05,-3.3654e-05,-3.3864e-05,-3.4064e-05,-3.4248e-05,-3.4411e-05,-3.4544e-05,-3.4642e-05,-3.4695e-05,-3.4692e-05,-3.4625e-05,-3.448e-05,-3.4245e-05,-3.3906e-05,-3.3449e-05,-3.2859e-05,-3.2118e-05,-3.1212e-05,-3.0124e-05,-2.884e-05,-2.7346e-05,-2.5631e-05,-2.3688e-05,-2.1511e-05,-1.91e-05,-1.646e-05,-1.3604e-05,-1.0549e-05,-7.3223e-06,-3.9595e-06,-5.043e-07,2.9904e-06,6.4638e-06,9.8478e-06,1.3069e-05,1.6052e-05,1.872e-05,2.1001e-05,2.2831e-05,2.4156e-05,2.4938e-05,2.5155e-05,2.4805e-05,2.3902e-05,2.2479e-05,2.0578e-05,1.825e-05,1.5561e-05,1.2759e-05
-2.7335e-05,-2.8162e-05,-2.896e-05,-2.9665e-05,-3.0275e-05,-3.0793e-05,-3.1225e-05,-3.1576e-05,-3.1854e-05,-3.2068e-05,-3.2226e-05,-3.2336e-05,-3.2407e-05,-3.2446e-05,-3.2462e-05,-3.246e-05,-3.2446e-05,-3.2426e-05,-3.2405e-05,-3.2386e-05,-3.2372e-05,-3.2367e-05,-3.2372e-05,-3.2389e-05,-3.2421e-05,-3.2467e-05,-3.2529e-05,-3.2607e-05,-3.2703e-05,-3.2815e-05,-3.2944e-05,-3.309e-05,-3.3253e-05,-3.3433e-05,-3.3628e-05,-3.3839e-05,-3.4063e-05,-3.4301e-05,-3.4551e-05,-3.481e-05,-3.5077e-05,-3.5348e-05,-3.5622e-05,-3.5893e-05,-3.6158e-05,-3.641e-05,-3.6645e-05,-3.6855e-05,-3.7031e-05,-3.7165e-05,-3.7247e-05,-3.7264e-05,-3.7205e-05,-3.7055e-05,-3.68e-05,-3.6423e-05,-3.5909e-05,-3.5239e-05,-3.4395e-05,-3.3359e-05,-3.2113e-05,-3.0643e-05,-2.8933e-05,-2.6973e-05,-2.4756e-05,-2.2277e-05,-1.954e-05,-1.6553e-05,-1.3332e-05,-9.9038e-06,-6.3014e-06,-2.5695e-06,1.2375e-06,5.0556e-06,8.8118e-06,1.2426e-05,1.5814e-05,1.8888e-05,2.1566e-05,2.377e-05,2.5435e-05,2.651e-05,2.6964e-05,2.6787e-05,2.5989e-05,2.4601e-05,2.2668e-05,2.0246e-05,1.7405e-05,1.4414e-05
-2.9103e-05,-2.9979e-05,-3.0819e-05,-3.1558e-05,-3.2193e-05,-3.2726e-05,-3.3163e-05,-3.3512e-05,-3.378e-05,-3.3978e-05,-3.4115e-05,-3.42e-05,-3.4243e-05,-3.4253e-05,-3.4238e-05,-3.4205e-05,-3.4161e-05,-3.4112e-05,-3.4063e-05,-3.4019e-05,-3.3982e-05,-3.3956e-05,-3.3943e-05,-3.3946e-05,-3.3965e-05,-3.4003e-05,-3.4059e-05,-3.4135e-05,-3.4232e-05,-3.4349e-05,-3.4486e-05,-3.4644e-05,-3.4822e-05,-3.5021e-05,-3.5239e-05,-3.5476e-05,-3.5732e-05,-3.6005e-05,-3.6293e-05,-3.6595e-05,-3.6909e-05,-3.7233e-05,-3.7562e-05,-3.7894e-05,-3.8223e-05,-3.8544e-05,-3.8852e-05,-3.9138e-05,-3.9394e-05,-3.961e-05,-3.9777e-05,-3.9881e-05,-3.9909e-05,-3.9847e-05,-3.9678e-05,-3.9385e-05,-3.895e-05,-3.8356e-05,-3.7579e-05,-3.66e-05,-3.54e-05,-3.396e-05,-3.2263e-05,-3.0295e-05,-2.8046e-05,-2.5508e-05,-2.2681e-05,-1.9571e-05,-1.6192e-05,-1.2566e-05,-8.726e-06,-4.7164e-06,-5.9204e-07,3.5805e-06,7.7239e-06,1.1752e-05,1.5571e-05,1.9084e-05,2.2196e-05,2.4815e-05,2.6861e-05,2.8272e-05,2.9004e-05,2.9036e-05,2.8375e-05,2.7047e-05,2.5098e-05,2.2588e-05,1.9596e-05,1.641e-05
-3.0971e-05,-3.1902e-05,-3.279e-05,-3.3566e-05,-3.4226e-05,-3.4773e-05,-3.5214e-05,-3.5556e-05,-3.581e-05,-3.5987e-05,-3.6096e-05,-3.6149e-05,-3.6157e-05,-3.613e-05,-3.6076e-05,-3.6005e-05,-3.5924e-05,-3.5839e-05,-3.5756e-05,-3.568e-05,-3.5614e-05,-3.5562e-05,-3.5526e-05,-3.5509e-05,-3.5512e-05,-3.5537e-05,-3.5584e-05,-3.5654e-05,-3.5748e-05,-3.5866e-05,-3.6009e-05,-3.6176e-05,-3.6367e-05,-3.6582e-05,-3.6821e-05,-3.7083e-05,-3.7368e-05,-3.7673e-05,-3.7999e-05,-3.8343e-05,-3.8703e-05,-3.9076e-05,-3.946e-05,-3.9851e-05,-4.0244e-05,-4.0633e-05,-4.1012e-05,-4.1373e-05,-4.1708e-05,-4.2007e-05,-4.2258e-05,-4.2449e-05,-4.2565e-05,-4.2591e-05,-4.251e-05,-4.2302e-05,-4.195e-05,-4.1433e-05,-4.0726e-05,-3.9809e-05,-3.8659e-05,-3.7255e-05,-3.5577e-05,-3.3608e-05,-3.1334e-05,-2.8745e-05,-2.5837e-05,-2.2611e-05,-1.908e-05,-1.5262e-05,-1.1189e-05,-6.9024e-06,-2.4581e-06,2.0759e-06,6.619e-06,1.1079e-05,1.5354e-05,1.9337e-05,2.2918e-05,2.5993e-05,2.8466e-05,3.0258e-05,3.1311e-05,3.1594e-05,3.1103e-05,2.9862e-05,2.7917e-05,2.5331e-05,2.2189e-05,1.8803e-05
-3.295e-05,-3.3941e-05,-3.4883e-05,-3.5699e-05,-3.6386e-05,-3.6946e-05,-3.7388e-05,-3.7719e-05,-3.7953e-05,-3.8101e-05,-3.8174e-05,-3.8187e-05,-3.8151e-05,-3.8078e-05,-3.7978e-05,-3.786e-05,-3.7733e-05,-3.7604e-05,-3.7479e-05,-3.7364e-05,-3.7262e-05,-3.7178e-05,-3.7113e-05,-3.7071e-05,-3.7053e-05,-3.706e-05,-3.7093e-05,-3.7154e-05,-3.7242e-05,-3.7358e-05,-3.7503e-05,-3.7676e-05,-3.7877e-05,-3.8106e-05,-3.8363e-05,-3.8647e-05,-3.8958e-05,-3.9294e-05,-3.9655e-05,-4.0038e-05,-4.0442e-05,-4.0864e-05,-4.13e-05,-4.1748e-05,-4.2202e-05,-4.2657e-05,-4.3106e-05,-4.3541e-05,-4.3954e-05,-4.4333e-05,-4.4667e-05,-4.4943e-05,-4.5146e-05,-4.526e-05,-4.5265e-05,-4.5143e-05,-4.4872e-05,-4.4432e-05,-4.3798e-05,-4.2944e-05,-4.1847e-05,-4.0482e-05,-3.8827e-05,-3.6862e-05,-3.4569e-05,-3.1935e-05,-2.8952e-05,-2.5619e-05,-2.1942e-05,-1.7939e-05,-1.3637e-05,-9.0764e-06,-4.3116e-06,5.8865e-07,5.541e-06,1.0448e-05,1.5202e-05,1.9683e-05,2.377e-05,2.7342e-05,3.0286e-05,3.2506e-05,3.3928e-05,3.4506e-05,3.4225e-05,3.3102e-05,3.1183e-05,2.8533e-05,2.5245e-05,2.1655e-05
-3.5051e-05,-3.6111e-05,-3.7113e-05,-3.7973e-05,-3.8687e-05,-3.9259e-05,-3.9697e-05,-4.0012e-05,-4.0218e-05,-4.0328e-05,-4.0357e-05,-4.0319e-05,-4.0229e-05,-4.0099e-05,-3.9941e-05,-3.9767e-05,-3.9584e-05,-3.9402e-05,-3.9228e-05,-3.9065e-05,-3.8921e-05,-3.8797e-05,-3.8697e-05,-3.8624e-05,-3.8579e-05,-3.8563e-05,-3.8578e-05,-3.8625e-05,-3.8703e-05,-3.8814e-05,-3.8956e-05,-3.9132e-05,-3.934e-05,-3.958e-05,-3.9852e-05,-4.0155e-05,-4.049e-05,-4.0854e-05,-4.1247e-05,-4.1667e-05,-4.2112e-05,-4.258e-05,-4.3067e-05,-4.3569e-05,-4.4082e-05,-4.46e-05,-4.5115e-05,-4.5622e-05,-4.6108e-05,-4.6565e-05,-4.698e-05,-4.7339e-05,-4.7626e-05,-4.7823e-05,-4.7913e-05,-4.7873e-05,-4.7683e-05,-4.7318e-05,-4.6754e-05,-4.5963e-05,-4.4918e-05,-4.3593e-05,-4.1963e-05,-4.0004e-05,-3.7696e-05,-3.5022e-05,-3.197e-05,-2.8535e-05,-2.4719e-05,-2.0537e-05,-1.6011e-05,-1.1179e-05,-6.095e-06,-8.2596e-07,4.5431e-06,9.9111e-06,1.5162e-05,2.0169e-05,2.4795e-05,2.8905e-05,3.2367e-05,3.5065e-05,3.6906e-05,3.7826e-05,3.7798e-05,3.6829e-05,3.4962e-05,3.2265e-05,2.8836e-05,2.5037e-05
-3.7287e-05,-3.8427e-05,-3.9495e-05,-4.0403e-05,-4.1145e-05,-4.1727e-05,-4.2157e-05,-4.2448e-05,-4.2616e-05,-4.2677e-05,-4.2649e-05,-4.2549e-05,-4.2391e-05,-4.2192e-05,-4.1966e-05,-4.1723e-05,-4.1474e-05,-4.1229e-05,-4.0994e-05,-4.0776e-05,-4.058e-05,-4.041e-05,-4.0268e-05,-4.0157e-05,-4.008e-05,-4.0036e-05,-4.0028e-05,-4.0056e-05,-4.012e-05,-4.022e-05,-4.0358e-05,-4.0532e-05,-4.0744e-05,-4.0991e-05,-4.1276e-05,-4.1596e-05,-4.1951e-05,-4.234e-05,-4.2763e-05,-4.3216e-05,-4.37e-05,-4.421e-05,-4.4744e-05,-4.5297e-05,-4.5866e-05,-4.6443e-05,-4.7022e-05,-4.7595e-05,-4.8152e-05,-4.8683e-05,-4.9173e-05,-4.961e-05,-4.9976e-05,-5.0254e-05,-5.0423e-05,-5.0462e-05,-5.0347e-05,-5.0053e-05,-4.9557e-05,-4.8825e-05,-4.783e-05,-4.6543e-05,-4.4936e-05,-4.2984e-05,-4.0662e-05,-3.7949e-05,-3.483e-05,-3.1297e-05,-2.7347e-05,-2.2989e-05,-1.8244e-05,-1.3146e-05,-7.7434e-06,-2.1042e-06,3.687e-06,9.5265e-06,1.5293e-05,2.0849e-05,2.6048e-05,3.0736e-05,3.4762e-05,3.7989e-05,4.0302e-05,4.1617e-05,4.1889e-05,4.1115e-05,3.933e-05,3.6604e-05,3.3041e-05,2.9031e-05
-3.9676e-05,-4.0906e-05,-4.205e-05,-4.301e-05,-4.3781e-05,-4.4368e-05,-4.4783e-05,-4.504e-05,-4.5159e-05,-4.5159e-05,-4.5059e-05,-4.4881e-05,-4.4642e-05,-4.4359e-05,-4.4049e-05,-4.3724e-05,-4.3397e-05,-4.3077e-05,-4.2771e-05,-4.2488e-05,-4.2231e-05,-4.2006e-05,-4.1815e-05,-4.166e-05,-4.1543e-05,-4.1466e-05,-4.143e-05,-4.1434e-05,-4.148e-05,-4.1567e-05,-4.1695e-05,-4.1865e-05,-4.2076e-05,-4.2329e-05,-4.2622e-05,-4.2955e-05,-4.3328e-05,-4.3739e-05,-4.4188e-05,-4.4673e-05,-4.5191e-05,-4.574e-05,-4.6317e-05,-4.6918e-05,-4.7538e-05,-4.817e-05,-4.8808e-05,-4.9444e-05,-5.0066e-05,-5.0665e-05,-5.1226e-05,-5.1734e-05,-5.2174e-05,-5.2525e-05,-5.2768e-05,-5.2879e-05,-5.2833e-05,-5.2604e-05,-5.2167e-05,-5.1489e-05,-5.0538e-05,-4.9284e-05,-4.7697e-05,-4.5747e-05,-4.3408e-05,-4.0656e-05,-3.7471e-05,-3.384e-05,-2.9758e-05,-2.5228e-05,-2.0267e-05,-1.4904e-05,-9.1854e-06,-3.1752e-06,3.0424e-06,9.3626e-06,1.566e-05,2.1789e-05,2.7591e-05,3.2896e-05,3.7533e-05,4.1343e-05,4.4184e-05,4.5949e-05,4.6574e-05,4.6039e-05,4.4372e-05,4.1639e-05,3.7952e-05,3.3727e-05
-4.2238e-05,-4.3572e-05,-4.4801e-05,-4.5819e-05,-4.6618e-05,-4.7205e-05,-4.7595e-05,-4.7807e-05,-4.7861e-05,-4.7782e-05,-4.7594e-05,-4.7319e-05,-4.6981e-05,-4.6598e-05,-4.6188e-05,-4.5766e-05,-4.5346e-05,-4.4937e-05,-4.455e-05,-4.419e-05,-4.3863e-05,-4.3574e-05,-4.3326e-05,-4.312e-05,-4.2958e-05,-4.2842e-05,-4.2771e-05,-4.2747e-05,-4.277e-05,-4.2839e-05,-4.2955e-05,-4.3117e-05,-4.3325e-05,-4.3578e-05,-4.3877e-05,-4.4221e-05,-4.4608e-05,-4.5038e-05,-4.551e-05,-4.6022e-05,-4.6572e-05,-4.7156e-05,-4.7773e-05,-4.8417e-05,-4.9083e-05,-4.9766e-05,-5.0458e-05,-5.115e-05,-5.1832e-05,-5.2492e-05,-5.3117e-05,-5.369e-05,-5.4196e-05,-5.4613e-05,-5.4921e-05,-5.5095e-05,-5.5109e-05,-5.4937e-05,-5.4551e-05,-5.3917e-05,-5.3002e-05,-5.1773e-05,-5.0198e-05,-4.8245e-05,-4.5884e-05,-4.3087e-05,-3.9832e-05,-3.6102e-05,-3.1886e-05,-2.7184e-05,-2.2007e-05,-1.638e-05,-1.0345e-05,-3.9628e-06,2.6856e-06,9.4951e-06,1.6337e-05,2.3061e-05,2.9497e-05,3.5458e-05,4.0754e-05,4.52e-05,4.8628e-05,5.0905e-05,5.194e-05,5.1695e-05,5.0184e-05,4.7472e-05,4.3672e-05,3.9231e-05
-4.4997e-05,-4.6451e-05,-4.7778e-05,-4.8858e-05,-4.9683e-05,-5.0264e-05,-5.0617e-05,-5.0766e-05,-5.0737e-05,-5.0559e-05,-5.0261e-05,-4.9869e-05,-4.941e-05,-4.8906e-05,-4.8377e-05,-4.7841e-05,-4.7311e-05,-4.6801e-05,-4.6318e-05,-4.587e-05,-4.5463e-05,-4.5101e-05,-4.4787e-05,-4.4522e-05,-4.4309e-05,-4.4147e-05,-4.4038e-05,-4.3982e-05,-4.3977e-05,-4.4025e-05,-4.4124e-05,-4.4275e-05,-4.4476e-05,-4.4728e-05,-4.503e-05,-4.5381e-05,-4.5779e-05,-4.6225e-05,-4.6717e-05,-4.7253e-05,-4.783e-05,-4.8446e-05,-4.9098e-05,-4.9781e-05,-5.0489e-05,-5.1217e-05,-5.1956e-05,-5.2698e-05,-5.3433e-05,-5.4148e-05,-5.4828e-05,-5.5459e-05,-5.6021e-05,-5.6495e-05,-5.6858e-05,-5.7085e-05,-5.715e-05,-5.7023e-05,-5.6676e-05,-5.6076e-05,-5.5186e-05,-5.3971e-05,-5.2398e-05,-5.0431e-05,-4.8038e-05,-4.5188e-05,-4.1856e-05,-3.802e-05,-3.3666e-05,-2.8788e-05,-2.3392e-05,-1.75e-05,-1.1146e-05,-4.3878e-06,2.6968e-06,1.0005e-05,1.7407e-05,2.4747e-05,3.1845e-05,3.8501e-05,4.4505e-05,4.9644e-05,5.3724e-05,5.6577e-05,5.8086e-05,5.8187e-05,5.6878e-05,5.4216e-05,5.0318e-05,4.5659e-05
-4.7985e-05,-4.9579e-05,-5.1016e-05,-5.2163e-05,-5.3012e-05,-5.3575e-05,-5.3875e-05,-5.3941e-05,-5.3805e-05,-5.3502e-05,-5.3067e-05,-5.2532e-05,-5.1927e-05,-5.1279e-05,-5.061e-05,-4.9939e-05,-4.9283e-05,-4.8654e-05,-4.8062e-05,-4.7513e-05,-4.7015e-05,-4.657e-05,-4.6182e-05,-4.5852e-05,-4.5581e-05,-4.5369e-05,-4.5216e-05,-4.5122e-05,-4.5087e-05,-4.5109e-05,-4.5189e-05,-4.5326e-05,-4.5518e-05,-4.5765e-05,-4.6067e-05,-4.6422e-05,-4.683e-05,-4.7288e-05,-4.7797e-05,-4.8353e-05,-4.8954e-05,-4.9598e-05,-5.028e-05,-5.0997e-05,-5.1742e-05,-5.2509e-05,-5.329e-05,-5.4076e-05,-5.4856e-05,-5.5617e-05,-5.6345e-05,-5.7023e-05,-5.7632e-05,-5.8152e-05,-5.8559e-05,-5.8828e-05,-5.8931e-05,-5.8837e-05,-5.8516e-05,-5.7936e-05,-5.7057e-05,-5.5843e-05,-5.4257e-05,-5.2263e-05,-4.9826e-05,-4.6912e-05,-4.3491e-05,-3.9539e-05,-3.5037e-05,-2.9975e-05,-2.4355e-05,-1.819e-05,-1.1512e-05,-4.371e-06,3.1581e-06,1.0976e-05,1.8953e-05,2.6932e-05,3.4724e-05,4.2116e-05,4.8877e-05,5.4771e-05,5.9569e-05,6.3071e-05,6.5124e-05,6.5634e-05,6.458e-05,6.2003e-05,5.8023e-05,5.3146e-05
-5.1239e-05,-5.2998e-05,-5.4561e-05,-5.5779e-05,-5.6645e-05,-5.7176e-05,-5.7401e-05,-5.7356e-05,-5.7083e-05,-5.6623e-05,-5.6019e-05,-5.531e-05,-5.453e-05,-5.371e-05,-5.2876e-05,-5.2049e-05,-5.1247e-05,-5.0482e-05,-4.9765e-05,-4.9103e-05,-4.8502e-05,-4.7965e-05,-4.7495e-05,-4.7092e-05,-4.6757e-05,-4.6489e-05,-4.6288e-05,-4.6153e-05,-4.6084e-05,-4.6078e-05,-4.6136e-05,-4.6255e-05,-4.6436e-05,-4.6676e-05,-4.6976e-05,-4.7333e-05,-4.7747e-05,-4.8216e-05,-4.8738e-05,-4.9312e-05,-4.9934e-05,-5.0601e-05,-5.131e-05,-5.2056e-05,-5.2832e-05,-5.3633e-05,-5.4449e-05,-5.5272e-05,-5.6089e-05,-5.6889e-05,-5.7654e-05,-5.837e-05,-5.9016e-05,-5.957e-05,-6.0009e-05,-6.0306e-05,-6.0433e-05,-6.0358e-05,-6.0049e-05,-5.9473e-05,-5.8589e-05,-5.736e-05,-5.5746e-05,-5.3709e-05,-5.1211e-05,-4.8217e-05,-4.4693e-05,-4.0611e-05,-3.5948e-05,-3.0689e-05,-2.4831e-05,-1.8383e-05,-1.137e-05,-3.8362e-06,4.1495e-06,1.2492e-05,2.1064e-05,2.9706e-05,3.8226e-05,4.6398e-05,5.3972e-05,6.0685e-05,6.6275e-05,7.0505e-05,7.3181e-05,7.4174e-05,7.3433e-05,7.0985e-05,6.6943e-05,6.1845e-05
-5.4808e-05,-5.676e-05,-5.8466e-05,-5.9759e-05,-6.0633e-05,-6.1111e-05,-6.1232e-05,-6.1041e-05,-6.0591e-05,-5.9935e-05,-5.9124e-05,-5.8203e-05,-5.7213e-05,-5.619e-05,-5.5163e-05,-5.4155e-05,-5.3184e-05,-5.2265e-05,-5.1407e-05,-5.0619e-05,-4.9904e-05,-4.9266e-05,-4.8705e-05,-4.8223e-05,-4.7818e-05,-4.749e-05,-4.7237e-05,-4.7059e-05,-4.6952e-05,-4.6916e-05,-4.6949e-05,-4.705e-05,-4.7218e-05,-4.745e-05,-4.7745e-05,-4.8103e-05,-4.8521e-05,-4.8998e-05,-4.9532e-05,-5.012e-05,-5.0759e-05,-5.1447e-05,-5.2178e-05,-5.2948e-05,-5.3751e-05,-5.458e-05,-5.5425e-05,-5.6277e-05,-5.7124e-05,-5.7952e-05,-5.8747e-05,-5.9489e-05,-6.016e-05,-6.0737e-05,-6.1195e-05,-6.1507e-05,-6.1643e-05,-6.1572e-05,-6.1258e-05,-6.0669e-05,-5.9764e-05,-5.8501e-05,-5.684e-05,-5.4741e-05,-5.2164e-05,-4.9071e-05,-4.5425e-05,-4.1195e-05,-3.6353e-05,-3.0881e-05,-2.477e-05,-1.8023e-05,-1.0658e-05,-2.715e-06,5.745e-06,1.4632e-05,2.3823e-05,3.316e-05,4.2446e-05,5.1447e-05,5.9894e-05,6.7499e-05,7.3964e-05,7.9011e-05,8.24e-05,8.3961e-05,8.3604e-05,8.1332e-05,7.7252e-05,7.1931e-05
-5.8753e-05,-6.0934e-05,-6.2804e-05,-6.4173e-05,-6.5039e-05,-6.5434e-05,-6.541e-05,-6.5027e-05,-6.4352e-05,-6.345e-05,-6.2383e-05,-6.1206e-05,-5.9966e-05,-5.8704e-05,-5.7452e-05,-5.6235e-05,-5.5073e-05,-5.398e-05,-5.2966e-05,-5.2037e-05,-5.1197e-05,-5.0448e-05,-4.9791e-05,-4.9223e-05,-4.8745e-05,-4.8353e-05,-4.8046e-05,-4.7821e-05,-4.7675e-05,-4.7608e-05,-4.7616e-05,-4.7697e-05,-4.785e-05,-4.8073e-05,-4.8364e-05,-4.8721e-05,-4.9142e-05,-4.9625e-05,-5.0168e-05,-5.0768e-05,-5.1423e-05,-5.2127e-05,-5.2878e-05,-5.3668e-05,-5.4492e-05,-5.5343e-05,-5.6211e-05,-5.7085e-05,-5.7954e-05,-5.8803e-05,-5.9617e-05,-6.0376e-05,-6.1061e-05,-6.1647e-05,-6.2111e-05,-6.2423e-05,-6.2553e-05,-6.2469e-05,-6.2134e-05,-6.1514e-05,-6.0566e-05,-5.9249e-05,-5.7522e-05,-5.5341e-05,-5.2666e-05,-4.9453e-05,-4.5664e-05,-4.1266e-05,-3.6224e-05,-3.0516e-05,-2.4131e-05,-1.7064e-05,-9.3259e-06,-9.5068e-07,8.0079e-06,1.7467e-05,2.7308e-05,3.7378e-05,4.7477e-05,5.7364e-05,6.6755e-05,7.5334e-05,8.277e-05,8.8737e-05,9.2945e-05,9.5172e-05,9.5282e-05,9.3246e-05,8.9156e-05,8.3608e-05
-6.3153e-05,-6.5608e-05,-6.7663e-05,-6.9106e-05,-6.9938e-05,-7.0209e-05,-6.9987e-05,-6.9351e-05,-6.8388e-05,-6.7178e-05,-6.5797e-05,-6.431e-05,-6.2773e-05,-6.1231e-05,-5.9719e-05,-5.8264e-05,-5.6886e-05,-5.56e-05,-5.4412e-05,-5.333e-05,-5.2355e-05,-5.1488e-05,-5.0727e-05,-5.007e-05,-4.9515e-05,-4.9057e-05,-4.8693e-05,-4.8421e-05,-4.8237e-05,-4.8138e-05,-4.8121e-05,-4.8183e-05,-4.8322e-05,-4.8535e-05,-4.8821e-05,-4.9177e-05,-4.96e-05,-5.009e-05,-5.0641e-05,-5.1252e-05,-5.1919e-05,-5.2638e-05,-5.3404e-05,-5.4211e-05,-5.5052e-05,-5.5919e-05,-5.6804e-05,-5.7694e-05,-5.8577e-05,-5.9438e-05,-6.0261e-05,-6.1027e-05,-6.1714e-05,-6.2298e-05,-6.2754e-05,-6.3053e-05,-6.3162e-05,-6.3048e-05,-6.2674e-05,-6.2005e-05,-6.0996e-05,-5.9606e-05,-5.779e-05,-5.5504e-05,-5.2705e-05,-4.9347e-05,-4.5391e-05,-4.0799e-05,-3.5536e-05,-2.9573e-05,-2.2889e-05,-1.5476e-05,-7.3381e-06,1.4971e-06,1.0986e-05,2.1051e-05,3.1583e-05,4.2433e-05,5.3402e-05,6.4244e-05,7.4662e-05,8.4316e-05,9.2835e-05,9.9845e-05,0.000105,0.00010801,0.00010869,0.00010696,0.0001029,9.7115e-05
-6.8113e-05,-7.0893e-05,-7.3159e-05,-7.4665e-05,-7.5426e-05,-7.5512e-05,-7.5018e-05,-7.4051e-05,-7.2719e-05,-7.1125e-05,-6.9359e-05,-6.7501e-05,-6.5612e-05,-6.3743e-05,-6.1933e-05,-6.0209e-05,-5.859e-05,-5.7089e-05,-5.5714e-05,-5.4467e-05,-5.3348e-05,-5.2356e-05,-5.1488e-05,-5.0738e-05,-5.0104e-05,-4.958e-05,-4.9161e-05,-4.8842e-05,-4.862e-05,-4.8491e-05,-4.845e-05,-4.8494e-05,-4.862e-05,-4.8826e-05,-4.9108e-05,-4.9463e-05,-4.989e-05,-5.0384e-05,-5.0944e-05,-5.1564e-05,-5.2243e-05,-5.2974e-05,-5.3752e-05,-5.4573e-05,-5.5427e-05,-5.6306e-05,-5.7202e-05,-5.8101e-05,-5.8991e-05,-5.9856e-05,-6.068e-05,-6.1442e-05,-6.2121e-05,-6.2691e-05,-6.3127e-05,-6.3398e-05,-6.3471e-05,-6.3313e-05,-6.2884e-05,-6.2147e-05,-6.1059e-05,-5.9575e-05,-5.765e-05,-5.5238e-05,-5.2292e-05,-4.8767e-05,-4.4619e-05,-3.9805e-05,-3.4289e-05,-2.8037e-05,-2.1026e-05,-1.3241e-05,-4.6782e-06,4.6475e-06,1.4705e-05,2.5418e-05,3.6692e-05,4.8379e-05,6.029e-05,7.2172e-05,8.372e-05,9.4567e-05,0.00010431,0.00011251,0.00011876,0.00012271,0.00012408,0.00012276,0.00011876,0.00011273
-7.3768e-05,-7.6941e-05,-7.944e-05,-8.0988e-05,-8.1619e-05,-8.1435e-05,-8.057e-05,-7.9165e-05,-7.7362e-05,-7.5288e-05,-7.3054e-05,-7.075e-05,-6.8448e-05,-6.6202e-05,-6.4053e-05,-6.2027e-05,-6.0142e-05,-5.8409e-05,-5.6831e-05,-5.5409e-05,-5.414e-05,-5.302e-05,-5.2042e-05,-5.1201e-05,-5.0489e-05,-4.9899e-05,-4.9427e-05,-4.9065e-05,-4.8807e-05,-4.8651e-05,-4.8589e-05,-4.8619e-05,-4.8735e-05,-4.8936e-05,-4.9216e-05,-4.9573e-05,-5.0003e-05,-5.0504e-05,-5.1072e-05,-5.1702e-05,-5.2391e-05,-5.3133e-05,-5.3922e-05,-5.4753e-05,-5.5616e-05,-5.6504e-05,-5.7405e-05,-5.8308e-05,-5.9199e-05,-6.0061e-05,-6.0877e-05,-6.1626e-05,-6.2286e-05,-6.2832e-05,-6.3235e-05,-6.3466e-05,-6.349e-05,-6.3271e-05,-6.2772e-05,-6.1952e-05,-6.0766e-05,-5.917e-05,-5.7117e-05,-5.4558e-05,-5.1445e-05,-4.773e-05,-4.3366e-05,-3.8307e-05,-3.2511e-05,-2.5943e-05,-1.857e-05,-1.0374e-05,-1.3433e-06,8.5141e-06,1.9169e-05,3.0577e-05,4.265e-05,5.5247e-05,6.8184e-05,8.1211e-05,9.4012e-05,0.0001062,0.00011733,0.00012692,0.00013446,0.00013953,0.00014177,0.00014096,0.00013709,0.00013081
-8.0305e-05,-8.3952e-05,-8.6705e-05,-8.8252e-05,-8.8661e-05,-8.8086e-05,-8.6712e-05,-8.4732e-05,-8.2327e-05,-7.9656e-05,-7.6852e-05,-7.4018e-05,-7.1233e-05,-6.8556e-05,-6.6025e-05,-6.3666e-05,-6.1492e-05,-5.951e-05,-5.772e-05,-5.6117e-05,-5.4694e-05,-5.3445e-05,-5.2359e-05,-5.1428e-05,-5.0642e-05,-4.9992e-05,-4.9471e-05,-4.907e-05,-4.8784e-05,-4.8605e-05,-4.8527e-05,-4.8546e-05,-4.8657e-05,-4.8855e-05,-4.9137e-05,-4.9498e-05,-4.9936e-05,-5.0445e-05,-5.1022e-05,-5.1662e-05,-5.2361e-05,-5.3114e-05,-5.3913e-05,-5.4752e-05,-5.5623e-05,-5.6515e-05,-5.7418e-05,-5.8319e-05,-5.9205e-05,-6.0057e-05,-6.0858e-05,-6.1586e-05,-6.2219e-05,-6.273e-05,-6.309e-05,-6.3269e-05,-6.3231e-05,-6.294e-05,-6.2356e-05,-6.1437e-05,-6.0139e-05,-5.8415e-05,-5.6217e-05,-5.3493e-05,-5.0194e-05,-4.6269e-05,-4.1667e-05,-3.634e-05,-3.0242e-05,-2.3329e-05,-1.5567e-05,-6.927e-06,2.6089e-06,1.3044e-05,2.436e-05,3.652e-05,4.9444e-05,6.3026e-05,7.7092e-05,9.139e-05,0.0001056,0.00011931,0.00013205,0.00014325,0.00015235,0.00015879,0.00016211,0.00016198,0.00015831,0.00015176
-8.7976e-05,-9.2196e-05,-9.5214e-05,-9.6683e-05,-9.6731e-05,-9.5588e-05,-9.3517e-05,-9.0779e-05,-8.7607e-05,-8.4196e-05,-8.0703e-05,-7.7243e-05,-7.3902e-05,-7.0737e-05,-6.7783e-05,-6.5062e-05,-6.258e-05,-6.0337e-05,-5.8327e-05,-5.6541e-05,-5.4967e-05,-5.3593e-05,-5.2404e-05,-5.139e-05,-5.0537e-05,-4.9835e-05,-4.9274e-05,-4.8842e-05,-4.8533e-05,-4.8339e-05,-4.8252e-05,-4.8266e-05,-4.8377e-05,-4.8579e-05,-4.8867e-05,-4.9236e-05,-4.9684e-05,-5.0204e-05,-5.0793e-05,-5.1445e-05,-5.2156e-05,-5.2919e-05,-5.3727e-05,-5.4574e-05,-5.5449e-05,-5.6344e-05,-5.7246e-05,-5.8142e-05,-5.9017e-05,-5.9854e-05,-6.0633e-05,-6.1334e-05,-6.1931e-05,-6.2399e-05,-6.2708e-05,-6.2824e-05,-6.2715e-05,-6.234e-05,-6.166e-05,-6.0631e-05,-5.9208e-05,-5.7342e-05,-5.4984e-05,-5.2082e-05,-4.8582e-05,-4.4431e-05,-3.9575e-05,-3.3961e-05,-2.7539e-05,-2.0261e-05,-1.2084e-05,-2.9714e-06,7.104e-06,1.8157e-05,3.0184e-05,4.3159e-05,5.7025e-05,7.1682e-05,8.6979e-05,0.00010269,0.00011849,0.00013396,0.00014858,0.00016171,0.00017269,0.00018084,0.00018553,0.00018631,0.00018295,0.00017611
-9.7136e-05,-0.00010205,-0.00010532,-0.00010658,-0.00010605,-0.00010408,-0.00010105,-9.7319e-05,-9.3171e-05,-8.8848e-05,-8.4528e-05,-8.0338e-05,-7.6363e-05,-7.2655e-05,-6.9242e-05,-6.6134e-05,-6.3331e-05,-6.0823e-05,-5.8595e-05,-5.6631e-05,-5.4913e-05,-5.3424e-05,-5.2143e-05,-5.1058e-05,-5.015e-05,-4.9406e-05,-4.8814e-05,-4.8362e-05,-4.804e-05,-4.784e-05,-4.7752e-05,-4.777e-05,-4.7888e-05,-4.81e-05,-4.8401e-05,-4.8784e-05,-4.9246e-05,-4.9782e-05,-5.0385e-05,-5.1052e-05,-5.1777e-05,-5.2551e-05,-5.337e-05,-5.4224e-05,-5.5103e-05,-5.5998e-05,-5.6897e-05,-5.7784e-05,-5.8646e-05,-5.9463e-05,-6.0217e-05,-6.0884e-05,-6.1441e-05,-6.1859e-05,-6.2108e-05,-6.2156e-05,-6.1967e-05,-6.15e-05,-6.0716e-05,-5.9568e-05,-5.801e-05,-5.5994e-05,-5.3467e-05,-5.0376e-05,-4.6665e-05,-4.2277e-05,-3.7155e-05,-3.1243e-05,-2.4484e-05,-1.6825e-05,-8.2145e-06,1.3926e-06,1.2035e-05,2.3739e-05,3.6521e-05,5.0371e-05,6.5254e-05,8.1093e-05,9.7758e-05,0.00011504,0.00013265,0.00015015,0.00016698,0.00018245,0.00019576,0.00020607,0.00021256,0.00021458,0.00021171,0.00020456
-0.0001083,-0.00011405,-0.00011751,-0.00011831,-0.00011686,-0.00011371,-0.00010937,-0.00010433,-9.8945e-05,-9.3508e-05,-8.821e-05,-8.318e-05,-7.8495e-05,-7.4196e-05,-7.0295e-05,-6.6789e-05,-6.3663e-05,-6.0894e-05,-5.8459e-05,-5.6331e-05,-5.4485e-05,-5.2896e-05,-5.1541e-05,-5.04e-05,-4.9452e-05,-4.8682e-05,-4.8074e-05,-4.7615e-05,-4.7293e-05,-4.7098e-05,-4.7021e-05,-4.7053e-05,-4.7188e-05,-4.7418e-05,-4.7738e-05,-4.8142e-05,-4.8625e-05,-4.918e-05,-4.9803e-05,-5.0488e-05,-5.1229e-05,-5.2018e-05,-5.2847e-05,-5.3709e-05,-5.4593e-05,-5.5488e-05,-5.6382e-05,-5.726e-05,-5.8105e-05,-5.8901e-05,-5.9625e-05,-6.0256e-05,-6.0768e-05,-6.1132e-05,-6.1319e-05,-6.1293e-05,-6.1019e-05,-6.0456e-05,-5.9562e-05,-5.829e-05,-5.6593e-05,-5.4422e-05,-5.1723e-05,-4.8439e-05,-4.4512e-05,-3.9884e-05,-3.4493e-05,-2.8278e-05,-2.1177e-05,-1.3131e-05,-4.079e-06,6.0336e-06,1.7258e-05,2.9638e-05,4.3207e-05,5.7978e-05,7.3945e-05,9.1061e-05,0.00010923,0.00012827,0.00014792,0.00016778,0.00018725,0.00020557,0.00022181,0.00023492,0.00024384,0.00024758,0.00024548,0.00023804
-0.00012222,-0.00012895,-0.00013243,-0.00013237,-0.00012948,-0.00012459,-0.00011847,-0.00011171,-0.00010479,-9.8007e-05,-9.1571e-05,-8.5596e-05,-8.0139e-05,-7.5215e-05,-7.0816e-05,-6.6914e-05,-6.3479e-05,-6.0469e-05,-5.785e-05,-5.5582e-05,-5.3633e-05,-5.1969e-05,-5.0562e-05,-4.9387e-05,-4.8421e-05,-4.7644e-05,-4.7039e-05,-4.659e-05,-4.6284e-05,-4.6109e-05,-4.6055e-05,-4.6113e-05,-4.6275e-05,-4.6533e-05,-4.6881e-05,-4.7313e-05,-4.7823e-05,-4.8405e-05,-4.9052e-05,-4.976e-05,-5.052e-05,-5.1326e-05,-5.2169e-05,-5.3041e-05,-5.393e-05,-5.4826e-05,-5.5716e-05,-5.6583e-05,-5.7413e-05,-5.8185e-05,-5.888e-05,-5.9473e-05,-5.9938e-05,-6.0247e-05,-6.0369e-05,-6.0268e-05,-5.9908e-05,-5.9248e-05,-5.8244e-05,-5.6848e-05,-5.5014e-05,-5.2689e-05,-4.9819e-05,-4.6345e-05,-4.2207e-05,-3.7343e-05,-3.1688e-05,-2.5176e-05,-1.774e-05,-9.3119e-06,1.7594e-07,1.0791e-05,2.2598e-05,3.5659e-05,5.0029e-05,6.575e-05,8.2849e-05,0.00010132,0.00012111,0.0001421,0.00016407,0.00018664,0.00020925,0.00023108,0.00025105,0.00026787,0.00028011,0.00028637,0.00028552,0.00027781
-0.00014005,-0.0001479,-0.000151,-0.00014936,-0.00014421,-0.00013681,-0.00012824,-0.00011928,-0.00011046,-0.00010209,-9.4364e-05,-8.7359e-05,-8.1092e-05,-7.5536e-05,-7.0656e-05,-6.6385e-05,-6.2674e-05,-5.9462e-05,-5.6695e-05,-5.4325e-05,-5.2307e-05,-5.0602e-05,-4.9175e-05,-4.7996e-05,-4.7039e-05,-4.6279e-05,-4.5699e-05,-4.528e-05,-4.5008e-05,-4.487e-05,-4.4854e-05,-4.4951e-05,-4.5152e-05,-4.5449e-05,-4.5835e-05,-4.6304e-05,-4.6848e-05,-4.7463e-05,-4.8141e-05,-4.8876e-05,-4.9661e-05,-5.0487e-05,-5.1347e-05,-5.2231e-05,-5.3129e-05,-5.4028e-05,-5.4914e-05,-5.5773e-05,-5.6588e-05,-5.7339e-05,-5.8004e-05,-5.856e-05,-5.8981e-05,-5.9236e-05,-5.9295e-05,-5.9122e-05,-5.8679e-05,-5.7926e-05,-5.6816e-05,-5.5302e-05,-5.3336e-05,-5.0866e-05,-4.7834e-05,-4.4181e-05,-3.9844e-05,-3.4758e-05,-2.8854e-05,-2.2063e-05,-1.431e-05,-5.5216e-06,4.381e-06,1.5477e-05,2.7846e-05,4.1571e-05,5.673e-05,7.34e-05,9.1647e-05,0.00011152,0.00013302,0.00015612,0.00018065,0.00020634,0.00023266,0.00025879,0.00028355,0.00030535,0.00032228,0.00033229,0.00033354,0.00032576
-0.00016364,-0.00017259,-0.00017449,-0.00017,-0.00016129,-0.00015028,-0.00013843,-0.00012667,-0.00011555,-0.00010538,-9.6247e-05,-8.817e-05,-8.1105e-05,-7.4956e-05,-6.9642e-05,-6.5064e-05,-6.1138e-05,-5.7781e-05,-5.4925e-05,-5.2505e-05,-5.0467e-05,-4.8765e-05,-4.7357e-05,-4.621e-05,-4.5292e-05,-4.458e-05,-4.405e-05,-4.3684e-05,-4.3467e-05,-4.3383e-05,-4.3422e-05,-4.3573e-05,-4.3826e-05,-4.4174e-05,-4.4608e-05,-4.5123e-05,-4.5711e-05,-4.6366e-05,-4.7081e-05,-4.7849e-05,-4.8663e-05,-4.9515e-05,-5.0396e-05,-5.1297e-05,-5.2206e-05,-5.3111e-05,-5.3998e-05,-5.4851e-05,-5.5654e-05,-5.6386e-05,-5.7026e-05,-5.7549e-05,-5.7929e-05,-5.8136e-05,-5.8138e-05,-5.7899e-05,-5.7381e-05,-5.6542e-05,-5.5337e-05,-5.3716e-05,-5.1632e-05,-4.9031e-05,-4.5854e-05,-4.2041e-05,-3.7527e-05,-3.2243e-05,-2.6118e-05,-1.9078e-05,-1.1042e-05,-1.9295e-06,8.3477e-06,1.9881e-05,3.2767e-05,4.7109e-05,6.3013e-05,8.0592e-05,9.9958e-05,0.00012122,0.00014447,0.00016976,0.00019707,0.00022624,0.00025687,0.00028825,0.00031912,0.00034764,0.00037131,0.00038714,0.00039204,0.0003847
-0.00019607,-0.00020568,-0.00020457,-0.00019503,-0.00018076,-0.00016463,-0.00014845,-0.00013324,-0.00011949,-0.00010734,-9.6778e-05,-8.7673e-05,-7.9884e-05,-7.3242e-05,-6.7597e-05,-6.2811e-05,-5.8763e-05,-5.5348e-05,-5.2478e-05,-5.0077e-05,-4.8081e-05,-4.6435e-05,-4.5095e-05,-4.4021e-05,-4.318e-05,-4.2547e-05,-4.2096e-05,-4.1809e-05,-4.1668e-05,-4.1659e-05,-4.177e-05,-4.199e-05,-4.2309e-05,-4.272e-05,-4.3214e-05,-4.3784e-05,-4.4424e-05,-4.5127e-05,-4.5885e-05,-4.6693e-05,-4.7543e-05,-4.8426e-05,-4.9333e-05,-5.0254e-05,-5.1179e-05,-5.2095e-05,-5.2987e-05,-5.384e-05,-5.4636e-05,-5.5356e-05,-5.5976e-05,-5.6474e-05,-5.6821e-05,-5.6988e-05,-5.6943e-05,-5.6649e-05,-5.6067e-05,-5.5157e-05,-5.3872e-05,-5.2162e-05,-4.998e-05,-4.7271e-05,-4.3975e-05,-4.003e-05,-3.5369e-05,-2.9923e-05,-2.3616e-05,-1.6369e-05,-8.0996e-06,1.2831e-06,1.1875e-05,2.378e-05,3.711e-05,5.1989e-05,6.8552e-05,8.695e-05,0.00010735,0.00012992,0.00015486,0.00018234,0.00021251,0.00024542,0.00028091,0.0003185,0.00035707,0.00039466,0.00042814,0.00045318,0.00046468,0.00045913
-0.00024277,-0.00025125,-0.00024338,-0.00022494,-0.00020214,-0.00017888,-0.00015721,-0.00013798,-0.00012139,-0.00010728,-9.5404e-05,-8.5443e-05,-7.7114e-05,-7.0156e-05,-6.4347e-05,-5.95e-05,-5.5461e-05,-5.2101e-05,-4.9316e-05,-4.7018e-05,-4.5135e-05,-4.3609e-05,-4.2389e-05,-4.1434e-05,-4.0711e-05,-4.0191e-05,-3.985e-05,-3.9668e-05,-3.9627e-05,-3.9713e-05,-3.9914e-05,-4.0219e-05,-4.0618e-05,-4.1104e-05,-4.1668e-05,-4.2303e-05,-4.3004e-05,-4.3762e-05,-4.4572e-05,-4.5426e-05,-4.6317e-05,-4.7237e-05,-4.8176e-05,-4.9124e-05,-5.0071e-05,-5.1004e-05,-5.1907e-05,-5.2767e-05,-5.3564e-05,-5.4279e-05,-5.4889e-05,-5.5371e-05,-5.5696e-05,-5.5836e-05,-5.5757e-05,-5.5423e-05,-5.4796e-05,-5.3834e-05,-5.249e-05,-5.0716e-05,-4.8463e-05,-4.5676e-05,-4.2294e-05,-3.8254e-05,-3.3488e-05,-2.7924e-05,-2.1486e-05,-1.4091e-05,-5.6502e-06,3.9313e-06,1.4758e-05,2.6944e-05,4.0616e-05,5.5918e-05,7.3011e-05,9.2084e-05,0.00011335,0.00013707,0.00016352,0.00019304,0.00022598,0.00026267,0.00030334,0.00034797,0.00039591,0.00044547,0.00049316,0.00053308,0.00055686,0.00055652
-0.00031379,-0.00031561,-0.0002931,-0.00025928,-0.00022374,-0.00019108,-0.00016294,-0.00013943,-0.00012012,-0.00010436,-9.1515e-05,-8.1045e-05,-7.2494e-05,-6.5495e-05,-5.9756e-05,-5.5045e-05,-5.1179e-05,-4.8012e-05,-4.5426e-05,-4.3327e-05,-4.1639e-05,-4.0299e-05,-3.9257e-05,-3.8471e-05,-3.7907e-05,-3.7537e-05,-3.7336e-05,-3.7285e-05,-3.7366e-05,-3.7567e-05,-3.7875e-05,-3.828e-05,-3.8773e-05,-3.9345e-05,-3.9989e-05,-4.0699e-05,-4.1469e-05,-4.2291e-05,-4.3159e-05,-4.4066e-05,-4.5005e-05,-4.5968e-05,-4.6945e-05,-4.7928e-05,-4.8903e-05,-4.986e-05,-5.0784e-05,-5.1658e-05,-5.2466e-05,-5.3187e-05,-5.3799e-05,-5.4278e-05,-5.4596e-05,-5.4725e-05,-5.4631e-05,-5.4278e-05,-5.3628e-05,-5.2639e-05,-5.1264e-05,-4.9457e-05,-4.7167e-05,-4.4339e-05,-4.0911e-05,-3.6822e-05,-3.2001e-05,-2.6376e-05,-1.9868e-05,-1.2393e-05,-3.8583e-06,5.835e-06,1.6798e-05,2.9152e-05,4.3038e-05,5.8613e-05,7.6064e-05,9.5609e-05,0.00011751,0.0001421,0.00016975,0.00020096,0.0002363,0.00027647,0.00032222,0.00037425,0.00043291,0.00049756,0.00056532,0.00062924,0.00067636,0.00068978
-0.00042854,-0.00040764,-0.00035442,-0.000295,-0.00024165,-0.00019773,-0.00016288,-0.00013561,-0.00011433,-9.7664e-05,-8.4532e-05,-7.4116e-05,-6.5803e-05,-5.9132e-05,-5.3759e-05,-4.9422e-05,-4.592e-05,-4.3099e-05,-4.0836e-05,-3.9038e-05,-3.7627e-05,-3.6544e-05,-3.5737e-05,-3.5168e-05,-3.4804e-05,-3.4617e-05,-3.4585e-05,-3.4689e-05,-3.4915e-05,-3.5249e-05,-3.568e-05,-3.6199e-05,-3.6796e-05,-3.7465e-05,-3.82e-05,-3.8993e-05,-3.9839e-05,-4.0732e-05,-4.1665e-05,-4.2632e-05,-4.3626e-05,-4.4639e-05,-4.5662e-05,-4.6685e-05,-4.7698e-05,-4.8688e-05,-4.9641e-05,-5.0542e-05,-5.1372e-05,-5.2112e-05,-5.2741e-05,-5.3234e-05,-5.3564e-05,-5.3702e-05,-5.3615e-05,-5.3268e-05,-5.2622e-05,-5.1636e-05,-5.0264e-05,-4.8461e-05,-4.6174e-05,-4.3348e-05,-3.9924e-05,-3.5837e-05,-3.102e-05,-2.5397e-05,-1.8891e-05,-1.1415e-05,-2.8756e-06,6.8294e-06,1.7814e-05,3.0207e-05,4.4154e-05,5.9825e-05,7.7421e-05,9.7186e-05,0.00011942,0.00014449,0.00017288,0.00020521,0.00024228,0.00028514,0.00033517,0.00039404,0.00046368,0.00054574,0.00064014,0.00074159,0.00083319,0.00088166
-0.00062507,-0.00053633,-0.00042182,-0.00032327,-0.0002482,-0.0001933,-0.00015346,-0.00012433,-0.00010274,-8.649e-05,-7.4082e-05,-6.4485e-05,-5.6986e-05,-5.1079e-05,-4.6403e-05,-4.2694e-05,-3.9753e-05,-3.7433e-05,-3.5618e-05,-3.4218e-05,-3.3165e-05,-3.2402e-05,-3.1884e-05,-3.1576e-05,-3.1447e-05,-3.1474e-05,-3.1637e-05,-3.192e-05,-3.2308e-05,-3.279e-05,-3.3358e-05,-3.4001e-05,-3.4714e-05,-3.549e-05,-3.6322e-05,-3.7206e-05,-3.8136e-05,-3.9106e-05,-4.0111e-05,-4.1144e-05,-4.22e-05,-4.327e-05,-4.4346e-05,-4.5419e-05,-4.6478e-05,-4.7511e-05,-4.8505e-05,-4.9444e-05,-5.0311e-05,-5.1087e-05,-5.175e-05,-5.2276e-05,-5.2639e-05,-5.281e-05,-5.2757e-05,-5.2445e-05,-5.1835e-05,-5.0887e-05,-4.9557e-05,-4.7798e-05,-4.556e-05,-4.2786e-05,-3.9419e-05,-3.5394e-05,-3.0644e-05,-2.5095e-05,-1.8668e-05,-1.1278e-05,-2.8303e-06,6.7775e-06,1.766e-05,2.9948e-05,4.3788e-05,5.9357e-05,7.686e-05,9.655e-05,0.00011874,0.00014384,0.00017237,0.00020504,0.00024281,0.00028703,0.00033961,0.0004033,0.00048201,0.00058104,0.00070654,0.000862,0.0010356,0.001172
-0.00097161,-0.0006959,-0.00047193,-0.00032462,-0.00023118,-0.00017111,-0.00013132,-0.00010405,-8.4759e-05,-7.0718e-05,-6.0265e-05,-5.2344e-05,-4.6263e-05,-4.1554e-05,-3.7894e-05,-3.5048e-05,-3.2848e-05,-3.1165e-05,-2.9903e-05,-2.8987e-05,-2.8358e-05,-2.7969e-05,-2.7783e-05,-2.7771e-05,-2.7907e-05,-2.8172e-05,-2.855e-05,-2.9026e-05,-2.9591e-05,-3.0234e-05,-3.0947e-05,-3.1725e-05,-3.2561e-05,-3.3449e-05,-3.4386e-05,-3.5366e-05,-3.6385e-05,-3.7438e-05,-3.852e-05,-3.9626e-05,-4.0749e-05,-4.1883e-05,-4.302e-05,-4.4152e-05,-4.5267e-05,-4.6354e-05,-4.7401e-05,-4.8392e-05,-4.9312e-05,-5.014e-05,-5.0856e-05,-5.1438e-05,-5.1858e-05,-5.2088e-05,-5.2098e-05,-5.1852e-05,-5.1314e-05,-5.0442e-05,-4.9195e-05,-4.7526e-05,-4.5384e-05,-4.2716e-05,-3.9462e-05,-3.5562e-05,-3.0947e-05,-2.5545e-05,-1.9278e-05,-1.2062e-05,-3.8056e-06,5.5934e-06,1.6247e-05,2.8283e-05,4.1847e-05,5.7108e-05,7.4269e-05,9.3577e-05,0.00011534,0.00013996,0.00016795,0.00020003,0.00023721,0.00028094,0.00033342,0.00039813,0.0004807,0.00059055,0.00074335,0.00096294,0.0012724,0.0016249
-0.0015282,-0.00081336,-0.00045083,-0.00027466,-0.00018248,-0.00013006,-9.7942e-05,-7.6974e-05,-6.2577e-05,-5.2302e-05,-4.4759e-05,-3.9113e-05,-3.4837e-05,-3.1583e-05,-2.9109e-05,-2.7246e-05,-2.5867e-05,-2.4879e-05,-2.421e-05,-2.3805e-05,-2.362e-05,-2.3618e-05,-2.3773e-05,-2.4062e-05,-2.4466e-05,-2.4971e-05,-2.5563e-05,-2.6232e-05,-2.6971e-05,-2.7772e-05,-2.863e-05,-2.9538e-05,-3.0494e-05,-3.1493e-05,-3.2532e-05,-3.3606e-05,-3.4712e-05,-3.5847e-05,-3.7006e-05,-3.8185e-05,-3.9377e-05,-4.0578e-05,-4.1779e-05,-4.2972e-05,-4.4149e-05,-4.5298e-05,-4.6406e-05,-4.746e-05,-4.8443e-05,-4.9337e-05,-5.0122e-05,-5.0775e-05,-5.1271e-05,-5.1583e-05,-5.1678e-05,-5.1525e-05,-5.1087e-05,-5.0323e-05,-4.9192e-05,-4.7648e-05,-4.5642e-05,-4.312e-05,-4.0026e-05,-3.6298e-05,-3.187e-05,-2.6672e-05,-2.0627e-05,-1.3655e-05,-5.6642e-06,3.4415e-06,1.3771e-05,2.5444e-05,3.8599e-05,5.3396e-05,7.0021e-05,8.8702e-05,0.00010972,0.00013343,0.00016031,0.00019099,0.00022637,0.00026776,0.00031723,0.00037815,0.00045651,0.00056385,0.00072398,0.00098793,0.0014601,0.0022733
