4.7853e-17,2.2143e-07,6.5239e-07,1.233e-06,1.8956e-06,2.5783e-06,3.2297e-06,3.8084e-06,4.2823e-06,4.6271e-06,4.8243e-06,4.8604e-06,4.7255e-06,4.4125e-06,3.9161e-06,3.2326e-06,2.359e-06,1.2931e-06,3.2705e-08,-1.4243e-06,-3.0802e-06,-4.9374e-06,-6.9987e-06,-9.2676e-06,-1.1748e-05,-1.4443e-05,-1.7359e-05,-2.05e-05,-2.3873e-05,-2.7484e-05,-3.1339e-05,-3.5446e-05,-3.9814e-05,-4.445e-05,-4.9365e-05,-5.4569e-05,-6.0071e-05,-6.5884e-05,-7.2019e-05,-7.849e-05,-8.531e-05,-9.2495e-05,-0.00010006,-0.00010802,-0.0001164,-0.00012521,-0.00013447,-0.00014422,-0.00015446,-0.00016524,-0.00017658,-0.0001885,-0.00020105,-0.00021426,-0.00022818,-0.00024285,-0.00025833,-0.00027468,-0.00029197,-0.00031027,-0.00032967,-0.00035029,-0.00037224,-0.00039567,-0.00042075,-0.00044767,-0.00047667,-0.00050804,-0.00054213,-0.00057935,-0.00062021,-0.00066534,-0.00071554,-0.0007718,-0.00083537,-0.00090793,-0.00099163,-0.0010894,-0.0012053,-0.0013448,-0.001516,-0.0017304,-0.0020046,-0.0023635,-0.0028438,-0.003499,-0.0044039,-0.0056502,-0.0072925,-0.0090721
-2.2139e-07,-1.6631e-10,4.0481e-07,9.3565e-07,1.5332e-06,2.144e-06,2.7223e-06,3.2307e-06,3.6392e-06,3.9243e-06,4.068e-06,4.0562e-06,3.8787e-06,3.5274e-06,2.9965e-06,2.2814e-06,1.3784e-06,2.8458e-07,-1.0029e-06,-2.4866e-06,-4.1692e-06,-6.0538e-06,-8.1434e-06,-1.0442e-05,-1.2953e-05,-1.5681e-05,-1.8631e-05,-2.1809e-05,-2.522e-05,-2.8871e-05,-3.277e-05,-3.6923e-05,-4.134e-05,-4.6028e-05,-5.0998e-05,-5.626e-05,-6.1824e-05,-6.7703e-05,-7.3908e-05,-8.0453e-05,-8.7352e-05,-9.462e-05,-0.00010227,-0.00011033,-0.00011881,-0.00012773,-0.00013711,-0.00014698,-0.00015736,-0.00016828,-0.00017978,-0.00019187,-0.0002046,-0.00021802,-0.00023215,-0.00024707,-0.00026281,-0.00027944,-0.00029705,-0.0003157,-0.00033549,-0.00035654,-0.00037897,-0.00040293,-0.00042859,-0.00045616,-0.0004859,-0.00051808,-0.00055307,-0.00059129,-0.00063328,-0.00067966,-0.00073123,-0.00078901,-0.00085425,-0.00092859,-0.0010142,-0.0011138,-0.0012312,-0.0013717,-0.0015423,-0.0017527,-0.0020168,-0.0023533,-0.002787,-0.0033483,-0.004066,-0.0049409,-0.0058763,-0.0065418
-6.5168e-07,-4.0547e-07,-1.5158e-09,4.9745e-07,1.04e-06,1.5819e-06,2.0852e-06,2.5177e-06,2.8529e-06,3.0692e-06,3.1495e-06,3.08e-06,2.85e-06,2.4511e-06,1.8767e-06,1.1213e-06,1.8072e-07,-9.4897e-07,-2.2711e-06,-3.789e-06,-5.5059e-06,-7.4252e-06,-9.5505e-06,-1.1886e-05,-1.4435e-05,-1.7204e-05,-2.0197e-05,-2.342e-05,-2.6879e-05,-3.0581e-05,-3.4533e-05,-3.8743e-05,-4.322e-05,-4.7972e-05,-5.3009e-05,-5.8343e-05,-6.3983e-05,-6.9942e-05,-7.6233e-05,-8.2869e-05,-8.9864e-05,-9.7235e-05,-0.000105,-0.00011317,-0.00012177,-0.00013083,-0.00014035,-0.00015037,-0.00016092,-0.00017202,-0.0001837,-0.000196,-0.00020896,-0.00022261,-0.00023701,-0.00025221,-0.00026827,-0.00028525,-0.00030322,-0.00032229,-0.00034253,-0.00036408,-0.00038705,-0.00041161,-0.00043794,-0.00046624,-0.00049677,-0.00052983,-0.00056577,-0.00060502,-0.00064811,-0.00069567,-0.00074848,-0.00080751,-0.00087398,-0.00094941,-0.0010358,-0.0011355,-0.001252,-0.0013894,-0.0015533,-0.0017507,-0.0019906,-0.0022835,-0.0026401,-0.0030665,-0.0035534,-0.0040539,-0.0044515,-0.0045813
-1.2299e-06,-9.3566e-07,-5.0296e-07,-6.1702e-09,5.0802e-07,1.0035e-06,1.4496e-06,1.8201e-06,2.0923e-06,2.2472e-06,2.2692e-06,2.1453e-06,1.8648e-06,1.4193e-06,8.0163e-07,5.9455e-09,-9.7273e-07,-2.1388e-06,-3.4962e-06,-5.0487e-06,-6.8002e-06,-8.7544e-06,-1.0915e-05,-1.3288e-05,-1.5876e-05,-1.8684e-05,-2.1719e-05,-2.4986e-05,-2.8492e-05,-3.2243e-05,-3.6248e-05,-4.0513e-05,-4.5048e-05,-4.9862e-05,-5.4965e-05,-6.0368e-05,-6.6081e-05,-7.2118e-05,-7.8491e-05,-8.5215e-05,-9.2303e-05,-9.9773e-05,-0.00010764,-0.00011593,-0.00012465,-0.00013383,-0.00014349,-0.00015366,-0.00016436,-0.00017563,-0.00018749,-0.00019998,-0.00021315,-0.00022703,-0.00024168,-0.00025714,-0.00027349,-0.00029078,-0.0003091,-0.00032854,-0.00034919,-0.00037118,-0.00039463,-0.00041971,-0.00044659,-0.00047549,-0.00050666,-0.00054039,-0.00057704,-0.00061703,-0.00066084,-0.0007091,-0.00076252,-0.000822,-0.00088864,-0.00096377,-0.0010491,-0.0011465,-0.0012587,-0.0013887,-0.0015401,-0.0017171,-0.0019237,-0.0021632,-0.0024351,-0.0027303,-0.0030226,-0.0032591,-0.0033584,-0.0032792
-1.8871e-06,-1.5305e-06,-1.0472e-06,-5.2766e-07,-1.6851e-08,4.554e-07,8.6499e-07,1.1909e-06,1.4147e-06,1.5202e-06,1.4934e-06,1.3225e-06,9.9754e-07,5.1005e-07,-1.4712e-07,-9.801e-07,-1.9942e-06,-3.1943e-06,-4.5848e-06,-6.1698e-06,-7.9536e-06,-9.9404e-06,-1.2135e-05,-1.4541e-05,-1.7164e-05,-2.0009e-05,-2.3082e-05,-2.6389e-05,-2.9937e-05,-3.3733e-05,-3.7784e-05,-4.2099e-05,-4.6686e-05,-5.1555e-05,-5.6716e-05,-6.218e-05,-6.7959e-05,-7.4065e-05,-8.0511e-05,-8.7312e-05,-9.4483e-05,-0.00010204,-0.00011,-0.00011838,-0.00012721,-0.0001365,-0.00014628,-0.00015658,-0.00016742,-0.00017883,-0.00019085,-0.00020351,-0.00021685,-0.00023093,-0.00024578,-0.00026147,-0.00027806,-0.00029561,-0.00031421,-0.00033395,-0.00035492,-0.00037725,-0.00040106,-0.00042652,-0.00045381,-0.00048312,-0.00051471,-0.00054886,-0.00058589,-0.00062622,-0.00067029,-0.00071866,-0.00077199,-0.00083104,-0.00089675,-0.00097021,-0.0010527,-0.0011457,-0.001251,-0.0013703,-0.0015056,-0.0016582,-0.0018287,-0.0020148,-0.0022098,-0.0023982,-0.0025517,-0.0026271,-0.0025799,-0.0024289
-2.5601e-06,-2.1356e-06,-1.5893e-06,-1.0304e-06,-5.0435e-07,-3.6578e-08,3.5416e-07,6.5157e-07,8.4089e-07,9.0876e-07,8.4324e-07,6.3382e-07,2.7128e-07,-2.5238e-07,-9.4416e-07,-1.8102e-06,-2.8561e-06,-4.0868e-06,-5.507e-06,-7.1213e-06,-8.9342e-06,-1.095e-05,-1.3174e-05,-1.561e-05,-1.8264e-05,-2.1141e-05,-2.4248e-05,-2.7589e-05,-3.1174e-05,-3.5007e-05,-3.9098e-05,-4.3455e-05,-4.8087e-05,-5.3003e-05,-5.8213e-05,-6.373e-05,-6.9564e-05,-7.5728e-05,-8.2236e-05,-8.9102e-05,-9.6342e-05,-0.00010397,-0.00011201,-0.00012048,-0.00012939,-0.00013877,-0.00014865,-0.00015905,-0.00017,-0.00018153,-0.00019368,-0.00020648,-0.00021997,-0.00023419,-0.00024921,-0.00026508,-0.00028185,-0.00029959,-0.0003184,-0.00033835,-0.00035955,-0.00038211,-0.00040617,-0.00043187,-0.00045939,-0.00048892,-0.0005207,-0.00055499,-0.00059211,-0.0006324,-0.00067628,-0.00072424,-0.00077683,-0.00083468,-0.00089854,-0.00096921,-0.0010476,-0.0011346,-0.0012312,-0.0013382,-0.0014558,-0.0015836,-0.0017193,-0.001858,-0.0019901,-0.0020992,-0.0021617,-0.0021468,-0.0020349,-0.0018679
-3.1967e-06,-2.7046e-06,-2.0909e-06,-1.4836e-06,-9.305e-07,-4.5392e-07,-6.8575e-08,2.1315e-07,3.798e-07,4.2058e-07,3.2552e-07,8.5475e-08,-3.0781e-07,-8.6175e-07,-1.583e-06,-2.4776e-06,-3.5511e-06,-4.8085e-06,-6.2549e-06,-7.8947e-06,-9.7329e-06,-1.1774e-05,-1.4023e-05,-1.6485e-05,-1.9165e-05,-2.207e-05,-2.5204e-05,-2.8575e-05,-3.2189e-05,-3.6054e-05,-4.0178e-05,-4.457e-05,-4.9238e-05,-5.4192e-05,-5.9443e-05,-6.5001e-05,-7.088e-05,-7.7091e-05,-8.3649e-05,-9.0567e-05,-9.7862e-05,-0.00010555,-0.00011365,-0.00012218,-0.00013117,-0.00014062,-0.00015058,-0.00016106,-0.0001721,-0.00018372,-0.00019596,-0.00020886,-0.00022246,-0.0002368,-0.00025194,-0.00026792,-0.00028482,-0.0003027,-0.00032164,-0.00034173,-0.00036307,-0.00038576,-0.00040994,-0.00043574,-0.00046334,-0.00049291,-0.00052467,-0.00055887,-0.00059578,-0.00063571,-0.00067902,-0.00072612,-0.00077746,-0.00083351,-0.00089483,-0.00096193,-0.0010354,-0.0011156,-0.0012028,-0.0012968,-0.001397,-0.0015015,-0.0016065,-0.001706,-0.0017899,-0.0018441,-0.0018498,-0.0017875,-0.0016524,-0.0014917
-3.755e-06,-3.1999e-06,-2.5202e-06,-1.8616e-06,-1.275e-06,-7.8118e-07,-3.9184e-07,-1.162e-07,3.7029e-08,5.9353e-08,-5.7426e-08,-3.2108e-07,-7.3888e-07,-1.3176e-06,-2.0633e-06,-2.982e-06,-4.0789e-06,-5.3591e-06,-6.8277e-06,-8.4893e-06,-1.0349e-05,-1.2411e-05,-1.4681e-05,-1.7165e-05,-1.9867e-05,-2.2793e-05,-2.595e-05,-2.9344e-05,-3.2982e-05,-3.6872e-05,-4.1022e-05,-4.544e-05,-5.0136e-05,-5.512e-05,-6.0402e-05,-6.5993e-05,-7.1906e-05,-7.8153e-05,-8.4748e-05,-9.1706e-05,-9.9043e-05,-0.00010678,-0.00011492,-0.0001235,-0.00013254,-0.00014205,-0.00015206,-0.0001626,-0.0001737,-0.00018539,-0.00019769,-0.00021066,-0.00022433,-0.00023875,-0.00025396,-0.00027002,-0.000287,-0.00030495,-0.00032397,-0.00034412,-0.0003655,-0.00038823,-0.00041242,-0.00043821,-0.00046574,-0.0004952,-0.00052676,-0.00056066,-0.00059713,-0.00063644,-0.00067888,-0.00072478,-0.00077448,-0.00082832,-0.00088664,-0.00094973,-0.0010178,-0.0010908,-0.0011685,-0.0012502,-0.0013343,-0.0014181,-0.0014974,-0.0015659,-0.0016146,-0.001632,-0.0016041,-0.0015195,-0.0013813,-0.0012352
-4.2032e-06,-3.592e-06,-2.8512e-06,-2.1425e-06,-1.5204e-06,-1.005e-06,-6.0572e-07,-3.295e-07,-1.828e-07,-1.722e-07,-3.043e-07,-5.8562e-07,-1.0225e-06,-1.6209e-06,-2.3865e-06,-3.3249e-06,-4.4412e-06,-5.7403e-06,-7.2273e-06,-8.9068e-06,-1.0784e-05,-1.2863e-05,-1.5151e-05,-1.7651e-05,-2.0369e-05,-2.3312e-05,-2.6486e-05,-2.9898e-05,-3.3554e-05,-3.7462e-05,-4.1631e-05,-4.6069e-05,-5.0785e-05,-5.579e-05,-6.1094e-05,-6.6708e-05,-7.2645e-05,-7.8917e-05,-8.5538e-05,-9.2524e-05,-9.989e-05,-0.00010765,-0.00011583,-0.00012444,-0.00013351,-0.00014306,-0.00015311,-0.00016368,-0.00017482,-0.00018655,-0.0001989,-0.0002119,-0.00022561,-0.00024007,-0.00025532,-0.00027141,-0.00028841,-0.00030639,-0.00032541,-0.00034555,-0.00036691,-0.00038959,-0.0004137,-0.00043936,-0.00046672,-0.00049592,-0.00052715,-0.00056058,-0.00059643,-0.00063491,-0.00067626,-0.00072072,-0.00076852,-0.00081989,-0.00087497,-0.00093385,-0.00099645,-0.0010624,-0.0011311,-0.0012013,-0.0012711,-0.0013374,-0.001396,-0.001441,-0.0014648,-0.0014583,-0.0014116,-0.0013189,-0.0011871,-0.0010575
-4.5175e-06,-3.8583e-06,-3.0637e-06,-2.3089e-06,-1.6524e-06,-1.1138e-06,-7.0149e-07,-4.2045e-07,-2.7547e-07,-2.7154e-07,-4.1393e-07,-7.0804e-07,-1.1593e-06,-1.773e-06,-2.5544e-06,-3.5085e-06,-4.6402e-06,-5.9545e-06,-7.4561e-06,-9.1498e-06,-1.104e-05,-1.3133e-05,-1.5433e-05,-1.7945e-05,-2.0676e-05,-2.3631e-05,-2.6817e-05,-3.024e-05,-3.3908e-05,-3.7828e-05,-4.2009e-05,-4.6459e-05,-5.1188e-05,-5.6206e-05,-6.1523e-05,-6.7151e-05,-7.3102e-05,-7.9388e-05,-8.6025e-05,-9.3026e-05,-0.00010041,-0.00010819,-0.00011638,-0.00012501,-0.0001341,-0.00014366,-0.00015373,-0.00016432,-0.00017548,-0.00018722,-0.00019958,-0.0002126,-0.00022632,-0.00024078,-0.00025602,-0.00027211,-0.0002891,-0.00030704,-0.00032602,-0.0003461,-0.00036737,-0.00038993,-0.00041388,-0.00043933,-0.00046641,-0.00049525,-0.00052601,-0.00055885,-0.00059394,-0.00063144,-0.00067154,-0.00071441,-0.00076018,-0.00080895,-0.00086072,-0.00091541,-0.0009727,-0.001032,-0.0010924,-0.0011525,-0.00121,-0.0012619,-0.0013041,-0.0013316,-0.0013383,-0.0013169,-0.0012608,-0.0011676,-0.0010461,-0.00093259
-4.6811e-06,-3.9823e-06,-3.1419e-06,-2.347e-06,-1.659e-06,-1.0981e-06,-6.7158e-07,-3.8344e-07,-2.3707e-07,-2.3624e-07,-3.851e-07,-6.8811e-07,-1.1499e-06,-1.7751e-06,-2.5685e-06,-3.5347e-06,-4.6783e-06,-6.0041e-06,-7.5167e-06,-9.2208e-06,-1.1121e-05,-1.3223e-05,-1.5532e-05,-1.8052e-05,-2.079e-05,-2.3752e-05,-2.6945e-05,-3.0374e-05,-3.4048e-05,-3.7974e-05,-4.216e-05,-4.6615e-05,-5.1349e-05,-5.6372e-05,-6.1694e-05,-6.7327e-05,-7.3282e-05,-7.9574e-05,-8.6215e-05,-9.322e-05,-0.00010061,-0.00010839,-0.00011659,-0.00012522,-0.00013431,-0.00014387,-0.00015394,-0.00016453,-0.00017568,-0.00018742,-0.00019977,-0.00021278,-0.00022648,-0.00024091,-0.00025612,-0.00027217,-0.00028909,-0.00030697,-0.00032585,-0.00034581,-0.00036694,-0.00038932,-0.00041304,-0.00043821,-0.00046493,-0.00049333,-0.00052354,-0.00055569,-0.00058992,-0.00062635,-0.00066511,-0.0007063,-0.00074997,-0.00079612,-0.00084464,-0.00089528,-0.00094757,-0.0010008,-0.0010538,-0.001105,-0.0011522,-0.0011925,-0.0012222,-0.0012371,-0.0012321,-0.0012018,-0.0011421,-0.0010526,-0.00094252,-0.0008435
-4.6823e-06,-3.952e-06,-3.0746e-06,-2.2461e-06,-1.531e-06,-9.4985e-07,-5.0971e-07,-2.1365e-07,-6.4155e-08,-6.4053e-08,-2.1661e-07,-5.2548e-07,-9.9461e-07,-1.6281e-06,-2.4302e-06,-3.4052e-06,-4.5574e-06,-5.8913e-06,-7.4115e-06,-9.1224e-06,-1.1029e-05,-1.3136e-05,-1.5449e-05,-1.7973e-05,-2.0715e-05,-2.3679e-05,-2.6873e-05,-3.0303e-05,-3.3977e-05,-3.7902e-05,-4.2088e-05,-4.6541e-05,-5.1273e-05,-5.6293e-05,-6.1612e-05,-6.7241e-05,-7.3192e-05,-7.9478e-05,-8.6114e-05,-9.3113e-05,-0.00010049,-0.00010827,-0.00011645,-0.00012508,-0.00013415,-0.0001437,-0.00015375,-0.00016433,-0.00017545,-0.00018716,-0.00019949,-0.00021245,-0.00022611,-0.00024049,-0.00025564,-0.00027161,-0.00028844,-0.00030621,-0.00032496,-0.00034477,-0.0003657,-0.00038785,-0.00041128,-0.00043611,-0.00046242,-0.00049032,-0.00051991,-0.0005513,-0.0005846,-0.0006199,-0.00065728,-0.00069676,-0.00073835,-0.00078194,-0.00082733,-0.00087416,-0.00092186,-0.00096957,-0.0010161,-0.0010598,-0.0010985,-0.0011296,-0.0011497,-0.0011556,-0.0011431,-0.001108,-0.001048,-0.00096417,-0.00086539,-0.00077907
-4.5136e-06,-3.7597e-06,-2.8537e-06,-1.9985e-06,-1.2612e-06,-6.6304e-07,-2.108e-07,9.2905e-08,2.462e-07,2.4698e-07,9.2647e-08,-2.1981e-07,-6.9375e-07,-1.3328e-06,-2.1407e-06,-3.1215e-06,-4.2793e-06,-5.6182e-06,-7.1426e-06,-8.857e-06,-1.0766e-05,-1.2875e-05,-1.5188e-05,-1.7712e-05,-2.0452e-05,-2.3414e-05,-2.6604e-05,-3.003e-05,-3.3699e-05,-3.7618e-05,-4.1796e-05,-4.6241e-05,-5.0964e-05,-5.5974e-05,-6.1282e-05,-6.6899e-05,-7.2837e-05,-7.9109e-05,-8.5729e-05,-9.2711e-05,-0.00010007,-0.00010783,-0.00011599,-0.00012459,-0.00013364,-0.00014316,-0.00015318,-0.00016372,-0.00017481,-0.00018647,-0.00019874,-0.00021166,-0.00022524,-0.00023955,-0.00025461,-0.00027047,-0.00028719,-0.00030481,-0.0003234,-0.00034301,-0.00036371,-0.00038559,-0.0004087,-0.00043314,-0.00045898,-0.00048633,-0.00051526,-0.00054586,-0.0005782,-0.00061234,-0.00064832,-0.00068611,-0.00072566,-0.00076679,-0.00080924,-0.00085255,-0.00089609,-0.00093893,-0.00097985,-0.0010172,-0.0010491,-0.0010729,-0.0010861,-0.0010856,-0.0010682,-0.001031,-0.00097283,-0.00089538,-0.00080713,-0.00073176
-4.171e-06,-3.4004e-06,-2.4737e-06,-1.5989e-06,-8.4465e-07,-2.3307e-07,2.2905e-07,5.3934e-07,6.9635e-07,6.9845e-07,5.4357e-07,2.292e-07,-2.4756e-07,-8.8989e-07,-1.7012e-06,-2.6852e-06,-3.8456e-06,-5.1865e-06,-6.7121e-06,-8.4267e-06,-1.0335e-05,-1.2442e-05,-1.4752e-05,-1.7271e-05,-2.0005e-05,-2.296e-05,-2.6142e-05,-2.9559e-05,-3.3216e-05,-3.7123e-05,-4.1288e-05,-4.5719e-05,-5.0426e-05,-5.5419e-05,-6.0708e-05,-6.6305e-05,-7.2222e-05,-7.8471e-05,-8.5067e-05,-9.2023e-05,-9.9355e-05,-0.00010708,-0.00011521,-0.00012378,-0.00013279,-0.00014227,-0.00015224,-0.00016273,-0.00017376,-0.00018536,-0.00019757,-0.0002104,-0.0002239,-0.00023811,-0.00025306,-0.00026879,-0.00028537,-0.00030282,-0.00032121,-0.0003406,-0.00036104,-0.00038261,-0.00040536,-0.00042938,-0.00045473,-0.0004815,-0.00050973,-0.00053951,-0.00057088,-0.00060386,-0.00063846,-0.00067461,-0.0007122,-0.00075101,-0.00079072,-0.00083082,-0.00087063,-0.0009092,-0.00094531,-0.00097743,-0.0010037,-0.0010219,-0.0010298,-0.0010251,-0.0010049,-0.00096734,-0.00091201,-0.0008411,-0.00076239,-0.0006964
-3.6526e-06,-2.8717e-06,-1.9318e-06,-1.0437e-06,-2.7784e-07,3.4328e-07,8.1263e-07,1.128e-06,1.288e-06,1.2916e-06,1.1368e-06,8.2171e-07,3.437e-07,-3.0004e-07,-1.1126e-06,-2.0974e-06,-3.258e-06,-4.5981e-06,-6.1219e-06,-7.8335e-06,-9.7375e-06,-1.1839e-05,-1.4142e-05,-1.6653e-05,-1.9377e-05,-2.232e-05,-2.5489e-05,-2.8891e-05,-3.2533e-05,-3.6423e-05,-4.0568e-05,-4.4978e-05,-4.9663e-05,-5.4632e-05,-5.9895e-05,-6.5465e-05,-7.1352e-05,-7.757e-05,-8.4132e-05,-9.1053e-05,-9.8347e-05,-0.00010603,-0.00011412,-0.00012264,-0.0001316,-0.00014103,-0.00015094,-0.00016136,-0.00017233,-0.00018385,-0.00019597,-0.00020871,-0.00022211,-0.0002362,-0.00025101,-0.0002666,-0.00028301,-0.00030027,-0.00031845,-0.00033758,-0.00035774,-0.00037898,-0.00040135,-0.00042492,-0.00044976,-0.00047591,-0.00050345,-0.0005324,-0.00056279,-0.00059463,-0.00062787,-0.00066244,-0.00069818,-0.00073482,-0.00077201,-0.0008092,-0.00084569,-0.00088054,-0.00091257,-0.00094031,-0.00096207,-0.00097596,-0.00098018,-0.00097248,-0.00095086,-0.00091407,-0.00086217,-0.00079757,-0.00072737,-0.00066941
-2.9586e-06,-2.173e-06,-1.2264e-06,-3.3122e-07,4.4127e-07,1.068e-06,1.5418e-06,1.8603e-06,2.0224e-06,2.027e-06,1.8727e-06,1.5577e-06,1.0796e-06,4.3602e-07,-3.7595e-07,-1.3594e-06,-2.5178e-06,-3.8546e-06,-5.3738e-06,-7.0795e-06,-8.976e-06,-1.1068e-05,-1.3361e-05,-1.5859e-05,-1.8569e-05,-2.1497e-05,-2.4649e-05,-2.8031e-05,-3.1652e-05,-3.5518e-05,-3.9639e-05,-4.4023e-05,-4.8679e-05,-5.3617e-05,-5.8848e-05,-6.4382e-05,-7.0233e-05,-7.6412e-05,-8.2932e-05,-8.9808e-05,-9.7055e-05,-0.00010469,-0.00011273,-0.00012119,-0.00013009,-0.00013945,-0.00014929,-0.00015964,-0.00017052,-0.00018195,-0.00019397,-0.0002066,-0.00021988,-0.00023384,-0.00024851,-0.00026393,-0.00028015,-0.0002972,-0.00031514,-0.00033401,-0.00035386,-0.00037474,-0.00039672,-0.00041983,-0.00044413,-0.00046967,-0.00049649,-0.00052462,-0.00055405,-0.00058477,-0.00061672,-0.00064978,-0.00068376,-0.00071839,-0.00075327,-0.00078784,-0.0008214,-0.00085302,-0.00088157,-0.00090571,-0.00092391,-0.00093455,-0.00093601,-0.00092644,-0.00090434,-0.00086895,-0.00082068,-0.000762,-0.00069934,-0.00064826
-2.0904e-06,-1.305e-06,-3.5755e-07,5.3916e-07,1.3135e-06,1.9421e-06,2.4174e-06,2.7371e-06,2.9e-06,2.9052e-06,2.7513e-06,2.4368e-06,1.9597e-06,1.3175e-06,5.0777e-07,-4.7249e-07,-1.6264e-06,-2.9575e-06,-4.4695e-06,-6.1664e-06,-8.0524e-06,-1.0132e-05,-1.2411e-05,-1.4893e-05,-1.7585e-05,-2.0493e-05,-2.3622e-05,-2.6981e-05,-3.0575e-05,-3.4413e-05,-3.8504e-05,-4.2855e-05,-4.7476e-05,-5.2377e-05,-5.7569e-05,-6.3062e-05,-6.8868e-05,-7.5e-05,-8.1471e-05,-8.8294e-05,-9.5486e-05,-0.00010306,-0.00011103,-0.00011943,-0.00012825,-0.00013754,-0.0001473,-0.00015756,-0.00016835,-0.00017968,-0.00019158,-0.00020409,-0.00021724,-0.00023105,-0.00024555,-0.0002608,-0.00027681,-0.00029364,-0.00031133,-0.00032991,-0.00034944,-0.00036996,-0.00039152,-0.00041416,-0.00043792,-0.00046285,-0.00048896,-0.00051626,-0.00054475,-0.00057439,-0.00060509,-0.00063672,-0.00066907,-0.00070183,-0.0007346,-0.00076682,-0.00079778,-0.0008266,-0.00085221,-0.00087336,-0.00088869,-0.00089682,-0.00089636,-0.00088571,-0.00086378,-0.00083018,-0.00078555,-0.00073232,-0.00067632,-0.00063115
-1.0505e-06,-2.6942e-07,6.7363e-07,1.5669e-06,2.3389e-06,2.9657e-06,3.4398e-06,3.7586e-06,3.921e-06,3.9259e-06,3.7723e-06,3.4586e-06,2.9831e-06,2.3435e-06,1.5374e-06,5.6211e-07,-5.8542e-07,-1.9085e-06,-3.4107e-06,-5.096e-06,-6.9685e-06,-9.0327e-06,-1.1294e-05,-1.3756e-05,-1.6426e-05,-1.931e-05,-2.2413e-05,-2.5743e-05,-2.9306e-05,-3.3111e-05,-3.7166e-05,-4.1479e-05,-4.6059e-05,-5.0917e-05,-5.6063e-05,-6.1507e-05,-6.7262e-05,-7.334e-05,-7.9753e-05,-8.6516e-05,-9.3643e-05,-0.00010115,-0.00010905,-0.00011737,-0.00012612,-0.00013531,-0.00014498,-0.00015514,-0.00016582,-0.00017704,-0.00018882,-0.0002012,-0.0002142,-0.00022784,-0.00024218,-0.00025723,-0.00027303,-0.00028962,-0.00030704,-0.00032533,-0.00034453,-0.00036467,-0.00038581,-0.00040797,-0.00043119,-0.0004555,-0.0004809,-0.0005074,-0.00053498,-0.00056357,-0.00059309,-0.00062336,-0.00065418,-0.00068522,-0.00071607,-0.00074618,-0.00077485,-0.00080124,-0.00082434,-0.00084302,-0.00085605,-0.00086236,-0.00086051,-0.00084932,-0.00082798,-0.00079635,-0.00075525,-0.000707,-0.00065685,-0.00061679
1.582e-07,9.3121e-07,1.8653e-06,2.7508e-06,3.5164e-06,4.1382e-06,4.6084e-06,4.9243e-06,5.0847e-06,5.0887e-06,4.935e-06,4.6223e-06,4.1489e-06,3.5128e-06,2.7117e-06,1.743e-06,6.0377e-07,-7.0914e-07,-2.1992e-06,-3.8702e-06,-5.7263e-06,-7.7719e-06,-1.0012e-05,-1.2451e-05,-1.5096e-05,-1.7951e-05,-2.1023e-05,-2.432e-05,-2.7847e-05,-3.1614e-05,-3.5627e-05,-3.9897e-05,-4.4431e-05,-4.9239e-05,-5.4333e-05,-5.9722e-05,-6.5419e-05,-7.1435e-05,-7.7784e-05,-8.4479e-05,-9.1534e-05,-9.8964e-05,-0.00010679,-0.00011502,-0.00012367,-0.00013278,-0.00014234,-0.0001524,-0.00016296,-0.00017405,-0.0001857,-0.00019793,-0.00021077,-0.00022425,-0.00023839,-0.00025324,-0.00026882,-0.00028516,-0.0003023,-0.00032029,-0.00033914,-0.00035891,-0.00037962,-0.0004013,-0.00042398,-0.00044767,-0.00047238,-0.0004981,-0.00052479,-0.00055238,-0.00058076,-0.00060976,-0.00063915,-0.0006686,-0.0006977,-0.00072591,-0.00075255,-0.00077683,-0.00079781,-0.00081446,-0.00082571,-0.00083055,-0.00082778,-0.00081642,-0.00079594,-0.00076637,-0.0007286,-0.00068487,-0.00063989,-0.00060423
1.532e-06,2.2939e-06,3.2151e-06,4.0889e-06,4.8446e-06,5.4584e-06,5.9223e-06,6.2334e-06,6.3905e-06,6.3925e-06,6.2384e-06,5.9268e-06,5.4561e-06,4.8243e-06,4.0293e-06,3.0687e-06,1.9395e-06,6.3885e-07,-8.3675e-07,-2.491e-06,-4.3278e-06,-6.3517e-06,-8.5674e-06,-1.098e-05,-1.3595e-05,-1.6418e-05,-1.9455e-05,-2.2714e-05,-2.6201e-05,-2.9924e-05,-3.3892e-05,-3.8112e-05,-4.2594e-05,-4.7347e-05,-5.2383e-05,-5.771e-05,-6.3342e-05,-6.929e-05,-7.5567e-05,-8.2186e-05,-8.9161e-05,-9.6508e-05,-0.00010424,-0.00011238,-0.00012094,-0.00012994,-0.00013939,-0.00014933,-0.00015976,-0.00017072,-0.00018223,-0.0001943,-0.00020697,-0.00022027,-0.00023422,-0.00024885,-0.00026419,-0.00028028,-0.00029714,-0.00031481,-0.00033332,-0.0003527,-0.00037298,-0.00039418,-0.00041632,-0.00043941,-0.00046344,-0.0004884,-0.00051423,-0.00054086,-0.00056816,-0.00059596,-0.00062402,-0.00065201,-0.00067951,-0.000706,-0.00073084,-0.00075327,-0.00077243,-0.00078739,-0.00079719,-0.00080094,-0.00079758,-0.00078634,-0.00076688,-0.00073936,-0.00070472,-0.00066506,-0.00062464,-0.00059281
3.0672e-06,3.8152e-06,4.7201e-06,5.5787e-06,6.3214e-06,6.9245e-06,7.3798e-06,7.6844e-06,7.8369e-06,7.8362e-06,7.6813e-06,7.3708e-06,6.9031e-06,6.2764e-06,5.4887e-06,4.5375e-06,3.4201e-06,2.1337e-06,6.7478e-07,-9.6013e-07,-2.775e-06,-4.7742e-06,-6.9624e-06,-9.3446e-06,-1.1926e-05,-1.4713e-05,-1.7712e-05,-2.0928e-05,-2.437e-05,-2.8046e-05,-3.1962e-05,-3.6127e-05,-4.0552e-05,-4.5244e-05,-5.0215e-05,-5.5475e-05,-6.1036e-05,-6.6909e-05,-7.3106e-05,-7.9643e-05,-8.6531e-05,-9.3786e-05,-0.00010142,-0.00010946,-0.00011791,-0.0001268,-0.00013613,-0.00014594,-0.00015624,-0.00016706,-0.00017841,-0.00019032,-0.00020282,-0.00021593,-0.00022967,-0.00024408,-0.00025918,-0.000275,-0.00029158,-0.00030893,-0.00032708,-0.00034608,-0.00036592,-0.00038664,-0.00040825,-0.00043075,-0.00045412,-0.00047834,-0.00050335,-0.00052905,-0.00055533,-0.000582,-0.00060881,-0.00063544,-0.00066149,-0.00068643,-0.00070966,-0.00073048,-0.00074807,-0.00076159,-0.00077024,-0.00077317,-0.00076947,-0.00075854,-0.00074018,-0.00071465,-0.00068291,-0.00064693,-0.00061053,-0.00058205
4.7596e-06,5.4914e-06,6.3771e-06,7.2176e-06,7.9445e-06,8.5344e-06,8.9791e-06,9.2755e-06,9.4222e-06,9.4181e-06,9.2619e-06,8.9525e-06,8.4883e-06,7.8674e-06,7.088e-06,6.1476e-06,5.0437e-06,3.7733e-06,2.3334e-06,7.2022e-07,-1.07e-06,-3.0416e-06,-5.1991e-06,-7.5476e-06,-1.0092e-05,-1.2839e-05,-1.5795e-05,-1.8965e-05,-2.2358e-05,-2.598e-05,-2.984e-05,-3.3945e-05,-3.8307e-05,-4.2933e-05,-4.7833e-05,-5.302e-05,-5.8502e-05,-6.4294e-05,-7.0406e-05,-7.6853e-05,-8.3647e-05,-9.0803e-05,-9.8337e-05,-0.00010626,-0.0001146,-0.00012337,-0.00013258,-0.00014225,-0.00015241,-0.00016307,-0.00017426,-0.000186,-0.00019832,-0.00021123,-0.00022476,-0.00023894,-0.00025379,-0.00026934,-0.00028562,-0.00030265,-0.00032045,-0.00033906,-0.00035847,-0.00037872,-0.0003998,-0.00042172,-0.00044444,-0.00046794,-0.00049216,-0.00051698,-0.00054229,-0.00056789,-0.00059354,-0.00061892,-0.00064362,-0.00066716,-0.00068896,-0.00070835,-0.00072459,-0.00073691,-0.00074466,-0.00074695,-0.00074308,-0.00073258,-0.00071534,-0.00069173,-0.00066267,-0.00062999,-0.00059716,-0.0005716
6.605e-06,7.3187e-06,8.1826e-06,9.0023e-06,9.7109e-06,1.0286e-05,1.0718e-05,1.1005e-05,1.1144e-05,1.1136e-05,1.0978e-05,1.067e-05,1.021e-05,9.5954e-06,8.8252e-06,7.897e-06,6.8081e-06,5.5558e-06,4.1369e-06,2.5479e-06,7.8493e-07,-1.1561e-06,-3.2799e-06,-5.5914e-06,-8.0958e-06,-1.0799e-05,-1.3707e-05,-1.6827e-05,-2.0165e-05,-2.373e-05,-2.7528e-05,-3.157e-05,-3.5862e-05,-4.0416e-05,-4.5241e-05,-5.0347e-05,-5.5746e-05,-6.145e-05,-6.747e-05,-7.382e-05,-8.0513e-05,-8.7563e-05,-9.4986e-05,-0.0001028,-0.00011101,-0.00011965,-0.00012872,-0.00013825,-0.00014826,-0.00015877,-0.00016979,-0.00018135,-0.00019348,-0.00020618,-0.00021949,-0.00023344,-0.00024804,-0.00026331,-0.00027929,-0.000296,-0.00031345,-0.00033166,-0.00035065,-0.00037043,-0.000391,-0.00041234,-0.00043444,-0.00045724,-0.00048069,-0.00050467,-0.00052906,-0.00055366,-0.00057822,-0.00060243,-0.0006259,-0.00064817,-0.00066868,-0.00068681,-0.00070189,-0.00071322,-0.00072018,-0.000722,-0.00071809,-0.00070809,-0.00069199,-0.00067018,-0.00064358,-0.00061387,-0.0005842,-0.00056121
8.5993e-06,9.2931e-06,1.0133e-05,1.0929e-05,1.1618e-05,1.2175e-05,1.2593e-05,1.2869e-05,1.3001e-05,1.2988e-05,1.2829e-05,1.2522e-05,1.2065e-05,1.1458e-05,1.0698e-05,9.7835e-06,8.7113e-06,7.4788e-06,6.0831e-06,4.5205e-06,2.7875e-06,8.7973e-07,-1.2072e-06,-3.4783e-06,-5.9388e-06,-8.5945e-06,-1.1452e-05,-1.4516e-05,-1.7796e-05,-2.1298e-05,-2.5031e-05,-2.9002e-05,-3.3221e-05,-3.7697e-05,-4.244e-05,-4.7461e-05,-5.277e-05,-5.8379e-05,-6.4301e-05,-7.0548e-05,-7.7133e-05,-8.4071e-05,-9.1375e-05,-9.9063e-05,-0.00010715,-0.00011565,-0.00012458,-0.00013396,-0.00014382,-0.00015415,-0.000165,-0.00017638,-0.0001883,-0.0002008,-0.00021389,-0.00022759,-0.00024193,-0.00025693,-0.00027261,-0.00028898,-0.00030608,-0.0003239,-0.00034247,-0.00036179,-0.00038185,-0.00040264,-0.00042412,-0.00044626,-0.00046897,-0.00049215,-0.00051565,-0.0005393,-0.00056284,-0.00058597,-0.00060831,-0.00062941,-0.00064876,-0.00066578,-0.00067983,-0.00069031,-0.00069663,-0.00069811,-0.00069425,-0.00068481,-0.00066982,-0.0006497,-0.00062534,-0.00059831,-0.00057146,-0.00055071
1.0738e-05,1.141e-05,1.2224e-05,1.2995e-05,1.3661e-05,1.42e-05,1.4603e-05,1.4867e-05,1.499e-05,1.4971e-05,1.481e-05,1.4504e-05,1.4053e-05,1.3453e-05,1.2705e-05,1.1805e-05,1.0751e-05,9.5399e-06,8.1693e-06,6.6356e-06,4.935e-06,3.0634e-06,1.0164e-06,-1.2111e-06,-3.6242e-06,-6.2286e-06,-9.0305e-06,-1.2036e-05,-1.5253e-05,-1.8689e-05,-2.235e-05,-2.6247e-05,-3.0387e-05,-3.478e-05,-3.9435e-05,-4.4364e-05,-4.9578e-05,-5.5087e-05,-6.0903e-05,-6.704e-05,-7.3511e-05,-8.0329e-05,-8.7509e-05,-9.5066e-05,-0.00010301,-0.00011137,-0.00012016,-0.00012938,-0.00013907,-0.00014924,-0.0001599,-0.00017108,-0.00018281,-0.00019509,-0.00020794,-0.0002214,-0.00023548,-0.0002502,-0.00026557,-0.00028162,-0.00029836,-0.0003158,-0.00033395,-0.00035282,-0.00037238,-0.00039262,-0.00041351,-0.000435,-0.000457,-0.00047941,-0.00050209,-0.00052484,-0.00054742,-0.00056954,-0.00059083,-0.00061087,-0.00062916,-0.00064517,-0.00065833,-0.00066806,-0.00067386,-0.0006751,-0.00067137,-0.0006625,-0.00064858,-0.00063004,-0.00060774,-0.00058312,-0.00055876,-0.00054001
1.3017e-05,1.3666e-05,1.4452e-05,1.5197e-05,1.5839e-05,1.6357e-05,1.6743e-05,1.6994e-05,1.7108e-05,1.7083e-05,1.692e-05,1.6615e-05,1.6169e-05,1.5578e-05,1.4842e-05,1.3958e-05,1.2924e-05,1.1736e-05,1.0393e-05,8.8905e-06,7.2249e-06,5.3923e-06,3.3881e-06,1.2075e-06,-1.1547e-06,-3.7042e-06,-6.4471e-06,-9.3899e-06,-1.2539e-05,-1.5903e-05,-1.9489e-05,-2.3306e-05,-2.7362e-05,-3.1666e-05,-3.6229e-05,-4.1061e-05,-4.6172e-05,-5.1575e-05,-5.728e-05,-6.3301e-05,-6.9651e-05,-7.6343e-05,-8.3391e-05,-9.0811e-05,-9.8617e-05,-0.00010682,-0.00011545,-0.00012452,-0.00013403,-0.00014402,-0.0001545,-0.00016548,-0.00017699,-0.00018905,-0.00020168,-0.00021488,-0.0002287,-0.00024313,-0.0002582,-0.00027392,-0.00029031,-0.00030737,-0.00032511,-0.00034352,-0.0003626,-0.00038231,-0.00040263,-0.00042349,-0.00044481,-0.00046649,-0.00048837,-0.00051027,-0.00053196,-0.00055314,-0.00057346,-0.00059252,-0.00060985,-0.00062495,-0.00063731,-0.00064642,-0.00065177,-0.00065284,-0.00064929,-0.000641,-0.0006281,-0.00061103,-0.0005906,-0.00056815,-0.00054601,-0.00052902
1.5431e-05,1.6056e-05,1.6813e-05,1.7529e-05,1.8145e-05,1.8642e-05,1.901e-05,1.9247e-05,1.9351e-05,1.9321e-05,1.9155e-05,1.8852e-05,1.8411e-05,1.783e-05,1.7107e-05,1.624e-05,1.5227e-05,1.4065e-05,1.2751e-05,1.1282e-05,9.6542e-06,7.8632e-06,5.9049e-06,3.7744e-06,1.4665e-06,-1.0243e-06,-3.7043e-06,-6.5798e-06,-9.6578e-06,-1.2946e-05,-1.6451e-05,-2.0183e-05,-2.4149e-05,-2.836e-05,-3.2825e-05,-3.7553e-05,-4.2557e-05,-4.7847e-05,-5.3435e-05,-5.9334e-05,-6.5556e-05,-7.2115e-05,-7.9025e-05,-8.6301e-05,-9.3957e-05,-0.00010201,-0.00011047,-0.00011937,-0.00012871,-0.00013851,-0.00014879,-0.00015957,-0.00017087,-0.0001827,-0.00019509,-0.00020804,-0.00022159,-0.00023574,-0.0002505,-0.0002659,-0.00028193,-0.00029862,-0.00031595,-0.00033392,-0.00035252,-0.00037172,-0.00039148,-0.00041174,-0.00043241,-0.00045338,-0.00047451,-0.00049561,-0.00051645,-0.00053675,-0.00055617,-0.00057433,-0.00059079,-0.00060508,-0.00061672,-0.0006253,-0.00063028,-0.00063123,-0.00062789,-0.00062017,-0.00060823,-0.00059251,-0.00057379,-0.00055329,-0.00053315,-0.00051772
1.7976e-05,1.8577e-05,1.9302e-05,1.9988e-05,2.0578e-05,2.1051e-05,2.14e-05,2.1623e-05,2.1717e-05,2.168e-05,2.1512e-05,2.1211e-05,2.0776e-05,2.0206e-05,1.9497e-05,1.8649e-05,1.7659e-05,1.6524e-05,1.5241e-05,1.3808e-05,1.222e-05,1.0473e-05,8.5637e-06,6.4865e-06,4.2364e-06,1.8078e-06,-8.0541e-07,-3.6096e-06,-6.6117e-06,-9.8192e-06,-1.324e-05,-1.6882e-05,-2.0754e-05,-2.4865e-05,-2.9226e-05,-3.3846e-05,-3.8736e-05,-4.3907e-05,-4.9372e-05,-5.5142e-05,-6.123e-05,-6.765e-05,-7.4416e-05,-8.1541e-05,-8.9041e-05,-9.6931e-05,-0.00010523,-0.00011394,-0.0001231,-0.00013271,-0.00014279,-0.00015336,-0.00016444,-0.00017605,-0.00018819,-0.00020089,-0.00021416,-0.00022802,-0.00024248,-0.00025756,-0.00027324,-0.00028956,-0.00030649,-0.00032403,-0.00034216,-0.00036086,-0.00038008,-0.00039975,-0.0004198,-0.0004401,-0.00046052,-0.00048086,-0.0005009,-0.00052038,-0.00053897,-0.00055629,-0.00057196,-0.00058551,-0.00059653,-0.00060462,-0.00060929,-0.00061017,-0.00060705,-0.00059988,-0.00058885,-0.00057439,-0.00055722,-0.00053848,-0.00052012,-0.00050608
2.0648e-05,2.1222e-05,2.1915e-05,2.257e-05,2.3131e-05,2.3581e-05,2.3911e-05,2.4118e-05,2.4201e-05,2.4158e-05,2.3988e-05,2.3689e-05,2.3261e-05,2.2701e-05,2.2008e-05,2.118e-05,2.0214e-05,1.9108e-05,1.7859e-05,1.6464e-05,1.4918e-05,1.3219e-05,1.1361e-05,9.3404e-06,7.1514e-06,4.7887e-06,2.2461e-06,-4.827e-07,-3.4047e-06,-6.5271e-06,-9.8579e-06,-1.3405e-05,-1.7178e-05,-2.1185e-05,-2.5436e-05,-2.9942e-05,-3.4712e-05,-3.9759e-05,-4.5094e-05,-5.073e-05,-5.6678e-05,-6.2952e-05,-6.9567e-05,-7.6535e-05,-8.3872e-05,-9.1593e-05,-9.9713e-05,-0.00010825,-0.00011721,-0.00012663,-0.00013651,-0.00014686,-0.00015772,-0.00016909,-0.00018098,-0.00019343,-0.00020643,-0.00022,-0.00023416,-0.0002489,-0.00026425,-0.00028019,-0.00029673,-0.00031385,-0.00033153,-0.00034975,-0.00036844,-0.00038756,-0.000407,-0.00042666,-0.0004464,-0.00046602,-0.00048532,-0.00050403,-0.00052184,-0.0005384,-0.00055333,-0.00056623,-0.00057669,-0.00058434,-0.00058874,-0.00058959,-0.0005867,-0.00058007,-0.00056989,-0.00055658,-0.00054082,-0.00052368,-0.00050691,-0.00049411
2.3441e-05,2.3988e-05,2.4647e-05,2.527e-05,2.5802e-05,2.6227e-05,2.6537e-05,2.6728e-05,2.68e-05,2.675e-05,2.6578e-05,2.6282e-05,2.5861e-05,2.5314e-05,2.4637e-05,2.383e-05,2.2891e-05,2.1815e-05,2.0602e-05,1.9246e-05,1.7746e-05,1.6096e-05,1.4294e-05,1.2332e-05,1.0208e-05,7.9148e-06,5.4466e-06,2.7972e-06,-4.0345e-08,-3.0734e-06,-6.3096e-06,-9.7574e-06,-1.3425e-05,-1.7323e-05,-2.1459e-05,-2.5845e-05,-3.049e-05,-3.5407e-05,-4.0606e-05,-4.6101e-05,-5.1903e-05,-5.8025e-05,-6.4482e-05,-7.1287e-05,-7.8455e-05,-8.6001e-05,-9.3939e-05,-0.00010229,-0.00011106,-0.00012027,-0.00012993,-0.00014007,-0.0001507,-0.00016183,-0.00017348,-0.00018566,-0.00019839,-0.00021167,-0.00022552,-0.00023995,-0.00025495,-0.00027054,-0.00028669,-0.0003034,-0.00032064,-0.00033838,-0.00035657,-0.00037515,-0.00039402,-0.00041307,-0.00043215,-0.0004511,-0.0004697,-0.00048769,-0.00050477,-0.00052063,-0.00053489,-0.00054718,-0.00055713,-0.00056439,-0.00056858,-0.00056942,-0.00056677,-0.00056066,-0.00055127,-0.00053902,-0.00052456,-0.00050885,-0.00049351,-0.00048181
2.6351e-05,2.687e-05,2.7495e-05,2.8083e-05,2.8586e-05,2.8985e-05,2.9273e-05,2.9449e-05,2.9509e-05,2.9453e-05,2.9279e-05,2.8987e-05,2.8574e-05,2.8039e-05,2.738e-05,2.6596e-05,2.5684e-05,2.4641e-05,2.3465e-05,2.2152e-05,2.0699e-05,1.9102e-05,1.7357e-05,1.5459e-05,1.3402e-05,1.1182e-05,8.7922e-06,6.2262e-06,3.4773e-06,5.3812e-07,-2.599e-06,-5.9424e-06,-9.5007e-06,-1.3283e-05,-1.7299e-05,-2.1559e-05,-2.6074e-05,-3.0854e-05,-3.5912e-05,-4.1259e-05,-4.6908e-05,-5.2873e-05,-5.9166e-05,-6.5801e-05,-7.2793e-05,-8.0157e-05,-8.7908e-05,-9.6061e-05,-0.00010463,-0.00011363,-0.00012308,-0.000133,-0.00014339,-0.00015428,-0.00016568,-0.0001776,-0.00019005,-0.00020305,-0.0002166,-0.0002307,-0.00024537,-0.0002606,-0.00027637,-0.00029268,-0.00030949,-0.00032678,-0.00034448,-0.00036254,-0.00038086,-0.00039933,-0.0004178,-0.00043611,-0.00045404,-0.00047136,-0.00048777,-0.00050297,-0.00051661,-0.00052835,-0.00053784,-0.00054476,-0.00054877,-0.00054962,-0.00054722,-0.00054159,-0.00053294,-0.00052167,-0.00050838,-0.00049397,-0.00047992,-0.00046921
2.9373e-05,2.9862e-05,3.0451e-05,3.1005e-05,3.1477e-05,3.185e-05,3.2117e-05,3.2276e-05,3.2325e-05,3.2262e-05,3.2087e-05,3.1798e-05,3.1394e-05,3.0873e-05,3.0233e-05,2.9473e-05,2.859e-05,2.7581e-05,2.6445e-05,2.5177e-05,2.3774e-05,2.2232e-05,2.0548e-05,1.8715e-05,1.673e-05,1.4587e-05,1.2279e-05,9.8001e-06,7.144e-06,4.3032e-06,1.2698e-06,-1.9644e-06,-5.408e-06,-9.0702e-06,-1.2961e-05,-1.709e-05,-2.1468e-05,-2.6106e-05,-3.1016e-05,-3.6209e-05,-4.17e-05,-4.7499e-05,-5.3622e-05,-6.0081e-05,-6.6892e-05,-7.4068e-05,-8.1625e-05,-8.9577e-05,-9.794e-05,-0.00010673,-0.00011596,-0.00012565,-0.0001358,-0.00014645,-0.00015759,-0.00016924,-0.00018142,-0.00019413,-0.00020738,-0.00022117,-0.0002355,-0.00025038,-0.00026578,-0.00028169,-0.00029809,-0.00031494,-0.00033218,-0.00034974,-0.00036753,-0.00038545,-0.00040334,-0.00042104,-0.00043836,-0.00045504,-0.00047082,-0.00048541,-0.00049849,-0.00050972,-0.00051879,-0.00052542,-0.00052928,-0.00053016,-0.000528,-0.00052283,-0.00051487,-0.00050449,-0.00049228,-0.00047905,-0.00046615,-0.00045634
3.25e-05,3.296e-05,3.3513e-05,3.4031e-05,3.4471e-05,3.4817e-05,3.5062e-05,3.5204e-05,3.5242e-05,3.5173e-05,3.4997e-05,3.4712e-05,3.4318e-05,3.3811e-05,3.3192e-05,3.2457e-05,3.1604e-05,3.0632e-05,2.9537e-05,2.8316e-05,2.6966e-05,2.5482e-05,2.3861e-05,2.2098e-05,2.0187e-05,1.8124e-05,1.5902e-05,1.3515e-05,1.0955e-05,8.2173e-06,5.2923e-06,2.1722e-06,-1.1517e-06,-4.6885e-06,-8.4479e-06,-1.244e-05,-1.6675e-05,-2.1165e-05,-2.5921e-05,-3.0956e-05,-3.6281e-05,-4.1909e-05,-4.7855e-05,-5.4132e-05,-6.0754e-05,-6.7736e-05,-7.5093e-05,-8.2839e-05,-9.0989e-05,-9.9559e-05,-0.00010856,-0.00011802,-0.00012794,-0.00013833,-0.00014922,-0.0001606,-0.0001725,-0.00018492,-0.00019787,-0.00021135,-0.00022536,-0.00023989,-0.00025493,-0.00027046,-0.00028646,-0.00030288,-0.00031966,-0.00033675,-0.00035404,-0.00037143,-0.00038878,-0.00040591,-0.00042264,-0.00043873,-0.00045393,-0.00046796,-0.00048051,-0.00049129,-0.00049999,-0.00050635,-0.00051008,-0.00051101,-0.00050907,-0.00050434,-0.00049702,-0.00048747,-0.00047623,-0.00046407,-0.00045222,-0.0004432
3.5729e-05,3.6159e-05,3.6674e-05,3.7156e-05,3.7563e-05,3.7881e-05,3.8104e-05,3.823e-05,3.8256e-05,3.8181e-05,3.8004e-05,3.7724e-05,3.734e-05,3.6849e-05,3.6251e-05,3.5543e-05,3.4723e-05,3.3789e-05,3.2737e-05,3.1565e-05,3.027e-05,2.8847e-05,2.7292e-05,2.5601e-05,2.3769e-05,2.1789e-05,1.9656e-05,1.7365e-05,1.4907e-05,1.2276e-05,9.4638e-06,6.4626e-06,3.2635e-06,-1.4262e-07,-3.7655e-06,-7.6151e-06,-1.1702e-05,-1.6038e-05,-2.0634e-05,-2.5503e-05,-3.0656e-05,-3.6107e-05,-4.187e-05,-4.7958e-05,-5.4385e-05,-6.1167e-05,-6.8317e-05,-7.585e-05,-8.3782e-05,-9.2128e-05,-0.0001009,-0.00011012,-0.00011979,-0.00012993,-0.00014056,-0.00015168,-0.0001633,-0.00017544,-0.00018809,-0.00020125,-0.00021494,-0.00022913,-0.00024382,-0.00025898,-0.00027459,-0.0002906,-0.00030695,-0.00032358,-0.0003404,-0.00035729,-0.00037412,-0.00039072,-0.0004069,-0.00042244,-0.0004371,-0.00045061,-0.00046268,-0.00047303,-0.00048141,-0.00048753,-0.00049115,-0.00049213,-0.00049042,-0.00048609,-0.00047936,-0.00047058,-0.00046023,-0.00044904,-0.00043814,-0.00042984
3.9054e-05,3.9452e-05,3.9929e-05,4.0373e-05,4.0748e-05,4.1038e-05,4.1238e-05,4.1347e-05,4.1361e-05,4.1281e-05,4.1104e-05,4.0829e-05,4.0456e-05,3.9982e-05,3.9406e-05,3.8726e-05,3.7941e-05,3.7046e-05,3.604e-05,3.492e-05,3.3682e-05,3.2323e-05,3.0837e-05,2.9221e-05,2.747e-05,2.5577e-05,2.3538e-05,2.1346e-05,1.8993e-05,1.6474e-05,1.3779e-05,1.0902e-05,7.8326e-06,4.5624e-06,1.0815e-06,-2.6201e-06,-6.5531e-06,-1.0729e-05,-1.5159e-05,-1.9855e-05,-2.483e-05,-3.0098e-05,-3.5671e-05,-4.1563e-05,-4.779e-05,-5.4364e-05,-6.1301e-05,-6.8616e-05,-7.6324e-05,-8.4439e-05,-9.2977e-05,-0.00010195,-0.00011138,-0.00012126,-0.00013163,-0.00014248,-0.00015382,-0.00016567,-0.00017802,-0.00019089,-0.00020425,-0.00021811,-0.00023246,-0.00024726,-0.00026249,-0.00027811,-0.00029405,-0.00031025,-0.00032661,-0.00034303,-0.00035936,-0.00037546,-0.00039113,-0.00040616,-0.00042032,-0.00043335,-0.00044498,-0.00045495,-0.00046303,-0.00046894,-0.00047247,-0.0004735,-0.00047201,-0.00046807,-0.00046189,-0.00045381,-0.00044428,-0.00043397,-0.00042393,-0.00041628
4.2469e-05,4.2834e-05,4.3272e-05,4.3679e-05,4.402e-05,4.4281e-05,4.4459e-05,4.455e-05,4.4553e-05,4.4467e-05,4.429e-05,4.4022e-05,4.3661e-05,4.3205e-05,4.2653e-05,4.2003e-05,4.1252e-05,4.04e-05,3.9442e-05,3.8375e-05,3.7197e-05,3.5903e-05,3.449e-05,3.2952e-05,3.1285e-05,2.9484e-05,2.7541e-05,2.5452e-05,2.321e-05,2.0806e-05,1.8234e-05,1.5485e-05,1.255e-05,9.4212e-06,6.0878e-06,2.54e-06,-1.2331e-06,-5.2425e-06,-9.5001e-06,-1.4018e-05,-1.8809e-05,-2.3886e-05,-2.9263e-05,-3.4953e-05,-4.0971e-05,-4.7332e-05,-5.405e-05,-6.114e-05,-6.8618e-05,-7.6498e-05,-8.4794e-05,-9.3521e-05,-0.00010269,-0.00011232,-0.00012242,-0.000133,-0.00014407,-0.00015563,-0.00016769,-0.00018025,-0.0001933,-0.00020684,-0.00022085,-0.0002353,-0.00025017,-0.0002654,-0.00028095,-0.00029674,-0.00031267,-0.00032865,-0.00034452,-0.00036015,-0.00037534,-0.0003899,-0.00040359,-0.00041618,-0.00042741,-0.00043703,-0.00044483,-0.00045056,-0.00045402,-0.00045512,-0.00045383,-0.00045026,-0.00044459,-0.00043715,-0.00042837,-0.00041886,-0.0004096,-0.00040255
4.5967e-05,4.63e-05,4.6698e-05,4.7066e-05,4.7373e-05,4.7606e-05,4.776e-05,4.7834e-05,4.7826e-05,4.7735e-05,4.7559e-05,4.7297e-05,4.6949e-05,4.6512e-05,4.5985e-05,4.5366e-05,4.4653e-05,4.3844e-05,4.2936e-05,4.1925e-05,4.0809e-05,3.9584e-05,3.8246e-05,3.6789e-05,3.521e-05,3.3503e-05,3.1661e-05,2.9679e-05,2.755e-05,2.5267e-05,2.2821e-05,2.0205e-05,1.7411e-05,1.4428e-05,1.1248e-05,7.8595e-06,4.2523e-06,4.1513e-07,-3.6638e-06,-7.9968e-06,-1.2597e-05,-1.7477e-05,-2.265e-05,-2.8132e-05,-3.3935e-05,-4.0076e-05,-4.6568e-05,-5.3427e-05,-6.0668e-05,-6.8306e-05,-7.6356e-05,-8.4831e-05,-9.3746e-05,-0.00010311,-0.00011294,-0.00012325,-0.00013404,-0.00014531,-0.00015708,-0.00016934,-0.00018209,-0.00019531,-0.00020899,-0.00022311,-0.00023763,-0.0002525,-0.00026767,-0.00028306,-0.00029859,-0.00031415,-0.00032959,-0.00034478,-0.00035953,-0.00037364,-0.00038691,-0.00039909,-0.00040996,-0.00041927,-0.00042682,-0.00043238,-0.00043579,-0.00043695,-0.00043587,-0.00043263,-0.00042744,-0.00042059,-0.00041249,-0.00040372,-0.00039518,-0.00038866
4.9544e-05,4.9844e-05,5.02e-05,5.0529e-05,5.0801e-05,5.1005e-05,5.1136e-05,5.1193e-05,5.1174e-05,5.1078e-05,5.0904e-05,5.065e-05,5.0315e-05,4.9898e-05,4.9398e-05,4.8811e-05,4.8137e-05,4.7373e-05,4.6517e-05,4.5564e-05,4.4513e-05,4.3359e-05,4.2098e-05,4.0726e-05,3.9238e-05,3.7628e-05,3.5891e-05,3.402e-05,3.2009e-05,2.985e-05,2.7536e-05,2.5058e-05,2.2409e-05,1.9578e-05,1.6556e-05,1.3332e-05,9.8972e-06,6.2385e-06,2.3445e-06,-1.7972e-06,-6.1993e-06,-1.0875e-05,-1.5839e-05,-2.1104e-05,-2.6686e-05,-3.26e-05,-3.8859e-05,-4.5481e-05,-5.2479e-05,-5.9869e-05,-6.7666e-05,-7.5885e-05,-8.4538e-05,-9.3639e-05,-0.0001032,-0.00011323,-0.00012374,-0.00013473,-0.00014621,-0.00015817,-0.00017062,-0.00018353,-0.00019689,-0.00021068,-0.00022486,-0.00023939,-0.0002542,-0.00026923,-0.00028437,-0.00029953,-0.00031458,-0.00032936,-0.00034369,-0.0003574,-0.00037028,-0.00038209,-0.00039262,-0.00040165,-0.00040897,-0.00041439,-0.00041775,-0.00041899,-0.0004181,-0.00041519,-0.00041043,-0.00040413,-0.00039666,-0.00038857,-0.00038067,-0.00037465
5.3192e-05,5.3458e-05,5.3773e-05,5.4063e-05,5.4299e-05,5.4474e-05,5.4582e-05,5.4622e-05,5.4592e-05,5.4492e-05,5.4319e-05,5.4074e-05,5.3754e-05,5.3358e-05,5.2885e-05,5.2332e-05,5.1699e-05,5.0982e-05,5.0179e-05,4.9287e-05,4.8303e-05,4.7223e-05,4.6042e-05,4.4757e-05,4.3363e-05,4.1854e-05,4.0225e-05,3.8469e-05,3.658e-05,3.455e-05,3.2371e-05,3.0037e-05,2.7537e-05,2.4863e-05,2.2005e-05,1.8953e-05,1.5695e-05,1.2221e-05,8.5188e-06,4.5752e-06,3.7756e-07,-4.0876e-06,-8.8342e-06,-1.3877e-05,-1.923e-05,-2.4909e-05,-3.0929e-05,-3.7306e-05,-4.4054e-05,-5.119e-05,-5.8729e-05,-6.6685e-05,-7.5072e-05,-8.3903e-05,-9.319e-05,-0.00010294,-0.00011317,-0.00012388,-0.00013507,-0.00014674,-0.00015889,-0.0001715,-0.00018455,-0.00019803,-0.00021188,-0.00022608,-0.00024055,-0.00025523,-0.00027002,-0.00028481,-0.00029948,-0.00031388,-0.00032784,-0.00034117,-0.00035368,-0.00036516,-0.00037539,-0.00038416,-0.00039128,-0.00039658,-0.00039991,-0.00040122,-0.00040052,-0.00039791,-0.00039356,-0.00038776,-0.00038088,-0.0003734,-0.00036609,-0.00036052
5.6905e-05,5.7137e-05,5.7411e-05,5.766e-05,5.7861e-05,5.8006e-05,5.809e-05,5.8113e-05,5.8073e-05,5.7969e-05,5.7799e-05,5.7562e-05,5.7258e-05,5.6884e-05,5.644e-05,5.5923e-05,5.5332e-05,5.4664e-05,5.3917e-05,5.3087e-05,5.2172e-05,5.1168e-05,5.0071e-05,4.8876e-05,4.7579e-05,4.6175e-05,4.4657e-05,4.302e-05,4.1256e-05,3.9359e-05,3.7321e-05,3.5135e-05,3.279e-05,3.0278e-05,2.759e-05,2.4714e-05,2.1641e-05,1.8358e-05,1.4853e-05,1.1114e-05,7.1278e-06,2.8806e-06,-1.6418e-06,-6.454e-06,-1.1571e-05,-1.7008e-05,-2.2781e-05,-2.8906e-05,-3.5398e-05,-4.2274e-05,-4.9548e-05,-5.7235e-05,-6.5351e-05,-7.3907e-05,-8.2917e-05,-9.2391e-05,-0.00010234,-0.00011276,-0.00012366,-0.00013504,-0.0001469,-0.00015921,-0.00017197,-0.00018514,-0.00019869,-0.00021257,-0.00022672,-0.00024107,-0.00025552,-0.00026997,-0.00028429,-0.00029834,-0.00031195,-0.00032495,-0.00033713,-0.0003483,-0.00035825,-0.00036679,-0.00037374,-0.00037893,-0.00038225,-0.00038364,-0.00038311,-0.00038078,-0.00037682,-0.00037149,-0.00036513,-0.00035822,-0.00035146,-0.0003463
6.0678e-05,6.0875e-05,6.1105e-05,6.1314e-05,6.1479e-05,6.1594e-05,6.1656e-05,6.1662e-05,6.1612e-05,6.1504e-05,6.1337e-05,6.111e-05,6.0823e-05,6.0472e-05,6.0058e-05,5.9578e-05,5.903e-05,5.8413e-05,5.7723e-05,5.6958e-05,5.6115e-05,5.5189e-05,5.4178e-05,5.3076e-05,5.188e-05,5.0583e-05,4.918e-05,4.7665e-05,4.6031e-05,4.4272e-05,4.2379e-05,4.0345e-05,3.816e-05,3.5816e-05,3.3302e-05,3.0609e-05,2.7726e-05,2.464e-05,2.134e-05,1.7813e-05,1.4045e-05,1.0023e-05,5.7322e-06,1.158e-06,-3.7153e-06,-8.9031e-06,-1.4422e-05,-2.0287e-05,-2.6515e-05,-3.3123e-05,-4.0125e-05,-4.7538e-05,-5.5376e-05,-6.3653e-05,-7.2382e-05,-8.1573e-05,-9.1234e-05,-0.00010137,-0.00011199,-0.00012308,-0.00013465,-0.00014668,-0.00015914,-0.00017202,-0.00018527,-0.00019885,-0.0002127,-0.00022674,-0.00024088,-0.00025502,-0.00026902,-0.00028275,-0.00029604,-0.00030873,-0.00032061,-0.0003315,-0.00034121,-0.00034954,-0.00035634,-0.00036144,-0.00036475,-0.00036622,-0.00036587,-0.0003638,-0.00036019,-0.00035529,-0.00034943,-0.00034304,-0.00033678,-0.000332
6.4502e-05,6.4663e-05,6.4851e-05,6.5018e-05,6.5147e-05,6.5233e-05,6.5271e-05,6.5261e-05,6.5201e-05,6.509e-05,6.4927e-05,6.4711e-05,6.444e-05,6.4115e-05,6.3732e-05,6.329e-05,6.2787e-05,6.2222e-05,6.1592e-05,6.0894e-05,6.0124e-05,5.928e-05,5.8357e-05,5.7351e-05,5.6257e-05,5.5071e-05,5.3787e-05,5.2398e-05,5.0898e-05,4.928e-05,4.7537e-05,4.5659e-05,4.364e-05,4.1469e-05,3.9136e-05,3.6631e-05,3.3944e-05,3.1062e-05,2.7973e-05,2.4664e-05,2.1122e-05,1.7333e-05,1.3281e-05,8.9529e-06,4.3315e-06,-5.9893e-07,-5.8548e-06,-1.1453e-05,-1.7409e-05,-2.3741e-05,-3.0465e-05,-3.7597e-05,-4.5151e-05,-5.3144e-05,-6.1587e-05,-7.0491e-05,-7.9866e-05,-8.9718e-05,-0.00010005,-0.00011086,-0.00012214,-0.00013389,-0.00014607,-0.00015867,-0.00017164,-0.00018493,-0.0001985,-0.00021225,-0.0002261,-0.00023995,-0.00025366,-0.00026709,-0.0002801,-0.0002925,-0.00030412,-0.00031477,-0.00032425,-0.0003324,-0.00033907,-0.0003441,-0.00034741,-0.00034895,-0.00034877,-0.00034695,-0.00034367,-0.00033917,-0.00033377,-0.00032786,-0.00032207,-0.00031764
6.8371e-05,6.8497e-05,6.8641e-05,6.8766e-05,6.8859e-05,6.8915e-05,6.893e-05,6.8903e-05,6.8834e-05,6.872e-05,6.8562e-05,6.8357e-05,6.8105e-05,6.7805e-05,6.7454e-05,6.7052e-05,6.6597e-05,6.6085e-05,6.5516e-05,6.4886e-05,6.4193e-05,6.3432e-05,6.26e-05,6.1692e-05,6.0705e-05,5.9633e-05,5.847e-05,5.7211e-05,5.5849e-05,5.4377e-05,5.2787e-05,5.1072e-05,4.9222e-05,4.7229e-05,4.5082e-05,4.2772e-05,4.0287e-05,3.7615e-05,3.4744e-05,3.1661e-05,2.8352e-05,2.4803e-05,2.0999e-05,1.6924e-05,1.2563e-05,7.8984e-06,2.9137e-06,-2.4083e-06,-8.0849e-06,-1.4133e-05,-2.0571e-05,-2.7414e-05,-3.4678e-05,-4.238e-05,-5.0531e-05,-5.9145e-05,-6.8231e-05,-7.7796e-05,-8.7843e-05,-9.8371e-05,-0.00010937,-0.00012084,-0.00013275,-0.00014507,-0.00015777,-0.0001708,-0.0001841,-0.00019759,-0.00021117,-0.00022475,-0.0002382,-0.00025137,-0.00026412,-0.00027627,-0.00028765,-0.00029808,-0.00030737,-0.00031537,-0.00032192,-0.0003269,-0.00033021,-0.00033184,-0.00033181,-0.00033022,-0.00032725,-0.00032312,-0.00031814,-0.00031267,-0.00030731,-0.00030321
7.2278e-05,7.2367e-05,7.2468e-05,7.2551e-05,7.2608e-05,7.2633e-05,7.2625e-05,7.2582e-05,7.2504e-05,7.2388e-05,7.2235e-05,7.2043e-05,7.181e-05,7.1536e-05,7.1219e-05,7.0858e-05,7.0451e-05,6.9995e-05,6.9489e-05,6.8929e-05,6.8314e-05,6.7638e-05,6.69e-05,6.6094e-05,6.5215e-05,6.426e-05,6.3223e-05,6.2097e-05,6.0876e-05,5.9554e-05,5.8122e-05,5.6573e-05,5.4898e-05,5.3088e-05,5.1134e-05,4.9024e-05,4.6747e-05,4.4292e-05,4.1646e-05,3.8796e-05,3.5727e-05,3.2427e-05,2.8878e-05,2.5066e-05,2.0973e-05,1.6583e-05,1.1878e-05,6.8407e-06,1.453e-06,-4.3032e-06,-1.0446e-05,-1.6992e-05,-2.3959e-05,-3.1362e-05,-3.9217e-05,-4.7536e-05,-5.6329e-05,-6.5604e-05,-7.5365e-05,-8.5611e-05,-9.6338e-05,-0.00010753,-0.00011917,-0.00013124,-0.00014368,-0.00015646,-0.00016951,-0.00018275,-0.00019609,-0.00020943,-0.00022264,-0.00023558,-0.0002481,-0.00026003,-0.0002712,-0.00028144,-0.00029057,-0.00029843,-0.00030489,-0.00030982,-0.00031314,-0.00031485,-0.00031497,-0.0003136,-0.00031092,-0.00030714,-0.00030254,-0.00029749,-0.00029253,-0.00028873
7.6215e-05,7.6268e-05,7.6325e-05,7.6366e-05,7.6386e-05,7.6381e-05,7.635e-05,7.6292e-05,7.6204e-05,7.6087e-05,7.594e-05,7.576e-05,7.5548e-05,7.5301e-05,7.5019e-05,7.47e-05,7.4342e-05,7.3944e-05,7.3502e-05,7.3015e-05,7.2479e-05,7.1892e-05,7.1249e-05,7.0547e-05,6.978e-05,6.8945e-05,6.8036e-05,6.7047e-05,6.5971e-05,6.4802e-05,6.3533e-05,6.2155e-05,6.066e-05,5.9038e-05,5.7281e-05,5.5377e-05,5.3315e-05,5.1083e-05,4.8669e-05,4.6059e-05,4.324e-05,4.0195e-05,3.691e-05,3.3369e-05,2.9554e-05,2.5447e-05,2.1032e-05,1.6289e-05,1.1199e-05,5.7449e-06,-9.3415e-08,-6.3341e-06,-1.2995e-05,-2.0093e-05,-2.7644e-05,-3.5661e-05,-4.4157e-05,-5.3139e-05,-6.2613e-05,-7.2578e-05,-8.3031e-05,-9.3959e-05,-0.00010534,-0.00011715,-0.00012935,-0.0001419,-0.00015471,-0.00016773,-0.00018085,-0.00019397,-0.00020697,-0.00021971,-0.00023203,-0.00024377,-0.00025476,-0.00026484,-0.00027382,-0.00028157,-0.00028795,-0.00029285,-0.0002962,-0.00029798,-0.00029824,-0.00029708,-0.00029466,-0.0002912,-0.00028696,-0.00028229,-0.0002777,-0.00027419
8.0175e-05,8.0192e-05,8.0204e-05,8.0203e-05,8.0186e-05,8.0151e-05,8.0097e-05,8.0023e-05,7.9928e-05,7.981e-05,7.9669e-05,7.9503e-05,7.9311e-05,7.9093e-05,7.8847e-05,7.8571e-05,7.8265e-05,7.7925e-05,7.7549e-05,7.7136e-05,7.6682e-05,7.6185e-05,7.564e-05,7.5043e-05,7.4391e-05,7.3679e-05,7.2901e-05,7.2052e-05,7.1125e-05,7.0113e-05,6.9011e-05,6.7808e-05,6.6498e-05,6.507e-05,6.3515e-05,6.1823e-05,5.9982e-05,5.7981e-05,5.5806e-05,5.3444e-05,5.088e-05,4.81e-05,4.5088e-05,4.1826e-05,3.8298e-05,3.4485e-05,3.0369e-05,2.593e-05,2.1149e-05,1.6006e-05,1.0482e-05,4.5568e-06,-1.7888e-06,-8.5728e-06,-1.5812e-05,-2.3522e-05,-3.1714e-05,-4.0399e-05,-4.9583e-05,-5.9267e-05,-6.9447e-05,-8.0112e-05,-9.1243e-05,-0.00010281,-0.00011478,-0.0001271,-0.0001397,-0.00015251,-0.00016544,-0.00017837,-0.00019119,-0.00020375,-0.0002159,-0.00022748,-0.00023832,-0.00024826,-0.00025713,-0.00026478,-0.0002711,-0.00027598,-0.00027935,-0.00028121,-0.00028161,-0.00028064,-0.00027847,-0.0002753,-0.00027139,-0.00026708,-0.00026284,-0.00025959
8.4151e-05,8.413e-05,8.4097e-05,8.4054e-05,8.4e-05,8.3936e-05,8.386e-05,8.377e-05,8.3667e-05,8.3548e-05,8.3414e-05,8.3263e-05,8.3093e-05,8.2904e-05,8.2695e-05,8.2464e-05,8.2209e-05,8.1929e-05,8.1622e-05,8.1284e-05,8.0914e-05,8.0508e-05,8.0063e-05,7.9575e-05,7.904e-05,7.8453e-05,7.781e-05,7.7103e-05,7.6328e-05,7.5478e-05,7.4546e-05,7.3523e-05,7.2402e-05,7.1173e-05,6.9827e-05,6.8352e-05,6.6739e-05,6.4974e-05,6.3045e-05,6.0939e-05,5.8639e-05,5.6133e-05,5.3402e-05,5.043e-05,4.7198e-05,4.3689e-05,3.9882e-05,3.5758e-05,3.1297e-05,2.6477e-05,2.1277e-05,1.5678e-05,9.6578e-06,3.1975e-06,-3.7213e-06,-1.1115e-05,-1.8998e-05,-2.738e-05,-3.6271e-05,-4.5672e-05,-5.558e-05,-6.5985e-05,-7.6869e-05,-8.8204e-05,-9.9952e-05,-0.00011206,-0.00012447,-0.0001371,-0.00014985,-0.00016262,-0.00017528,-0.00018769,-0.00019969,-0.00021114,-0.00022186,-0.00023169,-0.00024047,-0.00024805,-0.00025432,-0.00025919,-0.00026259,-0.00026453,-0.00026505,-0.00026426,-0.00026232,-0.00025942,-0.00025582,-0.00025184,-0.00024792,-0.00024492
8.8133e-05,8.8076e-05,8.7998e-05,8.7912e-05,8.7822e-05,8.7728e-05,8.7629e-05,8.7525e-05,8.7414e-05,8.7296e-05,8.7169e-05,8.7032e-05,8.6886e-05,8.6727e-05,8.6556e-05,8.637e-05,8.6169e-05,8.595e-05,8.5711e-05,8.5451e-05,8.5166e-05,8.4854e-05,8.4511e-05,8.4133e-05,8.3717e-05,8.3258e-05,8.2751e-05,8.2191e-05,8.1572e-05,8.0886e-05,8.0128e-05,7.929e-05,7.8362e-05,7.7337e-05,7.6204e-05,7.4954e-05,7.3574e-05,7.2053e-05,7.0378e-05,6.8534e-05,6.6508e-05,6.4283e-05,6.1843e-05,5.917e-05,5.6245e-05,5.305e-05,4.9564e-05,4.5767e-05,4.1636e-05,3.7151e-05,3.2288e-05,2.7026e-05,2.1343e-05,1.5218e-05,8.6292e-06,1.5607e-06,-6.004e-06,-1.4078e-05,-2.267e-05,-3.1785e-05,-4.1421e-05,-5.1568e-05,-6.2209e-05,-7.3318e-05,-8.4856e-05,-9.6771e-05,-0.000109,-0.00012146,-0.00013406,-0.00014669,-0.00015922,-0.00017151,-0.00018341,-0.00019475,-0.00020538,-0.00021512,-0.00022383,-0.00023136,-0.0002376,-0.00024246,-0.0002459,-0.00024791,-0.00024855,-0.00024793,-0.00024619,-0.00024354,-0.00024023,-0.00023655,-0.00023294,-0.00023018
9.2115e-05,9.2021e-05,9.1898e-05,9.177e-05,9.1643e-05,9.1519e-05,9.1398e-05,9.1279e-05,9.1161e-05,9.1044e-05,9.0925e-05,9.0804e-05,9.0681e-05,9.0553e-05,9.0421e-05,9.0281e-05,9.0134e-05,8.9978e-05,8.9809e-05,8.9628e-05,8.9429e-05,8.9212e-05,8.8973e-05,8.8708e-05,8.8413e-05,8.8084e-05,8.7717e-05,8.7305e-05,8.6844e-05,8.6327e-05,8.5747e-05,8.5096e-05,8.4367e-05,8.355e-05,8.2636e-05,8.1615e-05,8.0475e-05,7.9204e-05,7.7789e-05,7.6217e-05,7.4472e-05,7.2538e-05,7.0398e-05,6.8035e-05,6.5429e-05,6.256e-05,5.9407e-05,5.5949e-05,5.2163e-05,4.8025e-05,4.3512e-05,3.8601e-05,3.3266e-05,2.7487e-05,2.1241e-05,1.4509e-05,7.2715e-06,-4.851e-07,-8.7734e-06,-1.7599e-05,-2.696e-05,-3.685e-05,-4.7253e-05,-5.8142e-05,-6.9479e-05,-8.1213e-05,-9.3278e-05,-0.0001056,-0.00011807,-0.00013058,-0.00014301,-0.0001552,-0.00016702,-0.00017829,-0.00018885,-0.00019853,-0.00020719,-0.00021469,-0.00022091,-0.00022578,-0.00022925,-0.00023134,-0.00023208,-0.00023161,-0.00023005,-0.00022763,-0.00022458,-0.00022119,-0.00021787,-0.00021533
9.6089e-05,9.5957e-05,9.5789e-05,9.5618e-05,9.5455e-05,9.5302e-05,9.5159e-05,9.5026e-05,9.4901e-05,9.4785e-05,9.4675e-05,9.457e-05,9.4471e-05,9.4375e-05,9.4282e-05,9.419e-05,9.4098e-05,9.4005e-05,9.3908e-05,9.3806e-05,9.3696e-05,9.3575e-05,9.3441e-05,9.329e-05,9.3118e-05,9.2922e-05,9.2696e-05,9.2436e-05,9.2136e-05,9.1789e-05,9.1391e-05,9.0931e-05,9.0404e-05,8.9801e-05,8.911e-05,8.8324e-05,8.7429e-05,8.6415e-05,8.5268e-05,8.3974e-05,8.2519e-05,8.0885e-05,7.9055e-05,7.7012e-05,7.4735e-05,7.2204e-05,6.9397e-05,6.6291e-05,6.2863e-05,5.9088e-05,5.494e-05,5.0395e-05,4.5426e-05,4.0009e-05,3.4121e-05,2.7738e-05,2.0839e-05,1.3407e-05,5.4296e-06,-3.1004e-06,-1.2184e-05,-2.1816e-05,-3.1983e-05,-4.2659e-05,-5.3804e-05,-6.5369e-05,-7.7288e-05,-8.9478e-05,-0.00010184,-0.00011427,-0.00012662,-0.00013875,-0.00015051,-0.00016174,-0.00017226,-0.00018191,-0.00019054,-0.00019802,-0.00020424,-0.00020912,-0.00021263,-0.00021478,-0.00021562,-0.00021527,-0.00021389,-0.00021167,-0.00020886,-0.00020574,-0.00020268,-0.00020037
0.00010005,9.9876e-05,9.9663e-05,9.945e-05,9.925e-05,9.9068e-05,9.8904e-05,9.8757e-05,9.8626e-05,9.8511e-05,9.841e-05,9.8323e-05,9.8248e-05,9.8185e-05,9.8132e-05,9.8088e-05,9.8052e-05,9.8023e-05,9.7998e-05,9.7977e-05,9.7955e-05,9.7932e-05,9.7905e-05,9.7869e-05,9.7822e-05,9.776e-05,9.7678e-05,9.7571e-05,9.7435e-05,9.7263e-05,9.7048e-05,9.6784e-05,9.6463e-05,9.6076e-05,9.5614e-05,9.5068e-05,9.4424e-05,9.3673e-05,9.2801e-05,9.1793e-05,9.0635e-05,8.931e-05,8.7801e-05,8.6088e-05,8.4152e-05,8.1971e-05,7.9522e-05,7.6783e-05,7.3727e-05,7.0329e-05,6.6562e-05,6.2399e-05,5.7812e-05,5.2775e-05,4.726e-05,4.1242e-05,3.4698e-05,2.7607e-05,1.9955e-05,1.1729e-05,2.9274e-06,-6.4483e-06,-1.6383e-05,-2.6849e-05,-3.7812e-05,-4.922e-05,-6.1007e-05,-7.309e-05,-8.5369e-05,-9.7726e-05,-0.00011003,-0.00012213,-0.00013387,-0.00014507,-0.00015558,-0.00016522,-0.00017385,-0.00018133,-0.00018755,-0.00019245,-0.00019599,-0.0001982,-0.00019912,-0.00019889,-0.00019765,-0.00019562,-0.00019302,-0.00019015,-0.00018735,-0.00018524
0.00010398,0.00010377,0.00010351,0.00010326,0.00010302,0.00010281,0.00010262,0.00010246,0.00010233,0.00010221,0.00010212,0.00010205,0.000102,0.00010197,0.00010196,0.00010197,0.00010199,0.00010202,0.00010207,0.00010213,0.0001022,0.00010228,0.00010236,0.00010244,0.00010252,0.00010259,0.00010265,0.0001027,0.00010273,0.00010273,0.00010271,0.00010264,0.00010253,0.00010236,0.00010214,0.00010183,0.00010145,0.00010096,0.00010037,9.966e-05,9.8807e-05,9.78e-05,9.6621e-05,9.5249e-05,9.3665e-05,9.1846e-05,8.977e-05,8.741e-05,8.4742e-05,8.1737e-05,7.8368e-05,7.4605e-05,7.0418e-05,6.5777e-05,6.0654e-05,5.502e-05,4.8848e-05,4.2115e-05,3.4802e-05,2.6895e-05,1.8386e-05,9.2764e-06,-4.2174e-07,-1.0684e-05,-2.1475e-05,-3.2741e-05,-4.4412e-05,-5.6407e-05,-6.8622e-05,-8.0938e-05,-9.3219e-05,-0.00010531,-0.00011705,-0.00012827,-0.0001388,-0.00014845,-0.00015709,-0.00016458,-0.00017082,-0.00017574,-0.00017932,-0.00018156,-0.00018256,-0.00018241,-0.0001813,-0.00017942,-0.00017702,-0.00017437,-0.00017181,-0.00016991
0.00010788,0.00010763,0.00010733,0.00010703,0.00010676,0.00010652,0.00010631,0.00010614,0.000106,0.00010589,0.00010581,0.00010575,0.00010573,0.00010573,0.00010576,0.00010582,0.0001059,0.000106,0.00010612,0.00010626,0.00010642,0.00010659,0.00010678,0.00010698,0.00010719,0.0001074,0.00010761,0.00010782,0.00010801,0.00010819,0.00010836,0.00010849,0.00010859,0.00010865,0.00010866,0.00010861,0.00010848,0.00010828,0.00010797,0.00010756,0.00010702,0.00010634,0.0001055,0.00010448,0.00010326,0.00010182,0.00010013,9.8162e-05,9.5897e-05,9.3303e-05,9.0349e-05,8.7004e-05,8.3236e-05,7.9012e-05,7.4301e-05,6.9071e-05,6.3291e-05,5.6935e-05,4.9979e-05,4.2406e-05,3.4204e-05,2.5371e-05,1.5915e-05,5.8593e-06,-4.7618e-06,-1.5895e-05,-2.747e-05,-3.9398e-05,-5.1574e-05,-6.3873e-05,-7.6159e-05,-8.8273e-05,-0.00010005,-0.00011131,-0.00012187,-0.00013157,-0.00014024,-0.00014775,-0.00015401,-0.00015895,-0.00016255,-0.00016483,-0.00016587,-0.00016579,-0.00016477,-0.00016303,-0.0001608,-0.00015835,-0.00015603,-0.00015433
0.00011173,0.00011145,0.0001111,0.00011076,0.00011046,0.00011019,0.00010996,0.00010978,0.00010963,0.00010952,0.00010945,0.00010942,0.00010942,0.00010946,0.00010953,0.00010963,0.00010977,0.00010993,0.00011013,0.00011035,0.0001106,0.00011088,0.00011118,0.0001115,0.00011183,0.00011218,0.00011254,0.0001129,0.00011327,0.00011363,0.00011398,0.00011432,0.00011464,0.00011493,0.00011517,0.00011538,0.00011552,0.00011559,0.00011558,0.00011548,0.00011526,0.00011491,0.00011442,0.00011377,0.00011292,0.00011187,0.00011058,0.00010902,0.00010718,0.00010501,0.00010249,9.9585e-05,9.6257e-05,9.2473e-05,8.8196e-05,8.3392e-05,7.8027e-05,7.2069e-05,6.5492e-05,5.8272e-05,5.0394e-05,4.1852e-05,3.265e-05,2.2807e-05,1.2357e-05,1.3508e-06,-1.014e-05,-2.2024e-05,-3.419e-05,-4.6505e-05,-5.8822e-05,-7.0983e-05,-8.2822e-05,-9.4146e-05,-0.00010478,-0.00011453,-0.00012325,-0.0001308,-0.00013708,-0.00014204,-0.00014565,-0.00014794,-0.000149,-0.00014896,-0.00014801,-0.00014636,-0.00014428,-0.00014202,-0.00013992,-0.00013842
0.00011554,0.00011522,0.00011483,0.00011445,0.00011411,0.00011381,0.00011356,0.00011336,0.00011321,0.00011311,0.00011305,0.00011303,0.00011306,0.00011313,0.00011325,0.0001134,0.00011359,0.00011383,0.0001141,0.0001144,0.00011475,0.00011512,0.00011553,0.00011596,0.00011643,0.00011691,0.00011742,0.00011795,0.00011848,0.00011903,0.00011957,0.00012012,0.00012065,0.00012117,0.00012166,0.00012212,0.00012254,0.00012289,0.00012318,0.00012339,0.00012351,0.0001235,0.00012337,0.00012309,0.00012263,0.00012198,0.0001211,0.00011997,0.00011857,0.00011685,0.00011478,0.00011234,0.00010947,0.00010615,0.00010233,9.7981e-05,9.3056e-05,8.7523e-05,8.1348e-05,7.4505e-05,6.6972e-05,5.8739e-05,4.9806e-05,4.0187e-05,2.9913e-05,1.9035e-05,7.6219e-06,-4.2318e-06,-1.6411e-05,-2.8776e-05,-4.1172e-05,-5.3423e-05,-6.5344e-05,-7.6757e-05,-8.7476e-05,-9.7311e-05,-0.00010609,-0.00011368,-0.00011999,-0.00012495,-0.00012855,-0.00013084,-0.00013189,-0.00013185,-0.00013093,-0.00012935,-0.00012738,-0.0001253,-0.00012341,-0.00012211
0.00011928,0.00011893,0.0001185,0.00011807,0.0001177,0.00011737,0.00011711,0.0001169,0.00011674,0.00011664,0.00011659,0.0001166,0.00011665,0.00011676,0.00011691,0.00011711,0.00011737,0.00011766,0.00011801,0.0001184,0.00011883,0.00011931,0.00011983,0.00012038,0.00012097,0.0001216,0.00012225,0.00012294,0.00012365,0.00012437,0.00012512,0.00012587,0.00012662,0.00012737,0.00012811,0.00012883,0.00012952,0.00013017,0.00013076,0.00013129,0.00013174,0.00013209,0.00013233,0.00013243,0.00013237,0.00013213,0.00013168,0.000131,0.00013005,0.0001288,0.00012721,0.00012525,0.00012287,0.00012004,0.0001167,0.00011283,0.00010838,0.0001033,9.7553e-05,9.1114e-05,8.3953e-05,7.6053e-05,6.7408e-05,5.8029e-05,4.7943e-05,3.7196e-05,2.586e-05,1.4029e-05,1.8208e-06,-1.0619e-05,-2.3124e-05,-3.551e-05,-4.7578e-05,-5.9127e-05,-6.995e-05,-7.9868e-05,-8.8714e-05,-9.6349e-05,-0.00010266,-0.00010761,-0.00011119,-0.00011343,-0.00011443,-0.00011436,-0.00011342,-0.00011187,-0.00010999,-0.00010806,-0.00010638,-0.00010528
0.00012296,0.00012257,0.0001221,0.00012163,0.00012122,0.00012087,0.00012059,0.00012037,0.00012021,0.00012011,0.00012007,0.0001201,0.00012018,0.00012032,0.00012051,0.00012077,0.00012108,0.00012144,0.00012186,0.00012233,0.00012286,0.00012343,0.00012406,0.00012473,0.00012545,0.00012622,0.00012702,0.00012787,0.00012875,0.00012966,0.00013059,0.00013155,0.00013253,0.00013351,0.0001345,0.00013548,0.00013645,0.00013739,0.0001383,0.00013916,0.00013995,0.00014066,0.00014127,0.00014176,0.00014212,0.00014231,0.0001423,0.00014208,0.0001416,0.00014084,0.00013975,0.00013829,0.00013643,0.00013411,0.0001313,0.00012794,0.00012398,0.00011939,0.00011411,0.00010811,0.00010135,9.3812e-05,8.5482e-05,7.6365e-05,6.6482e-05,5.5879e-05,4.4623e-05,3.2811e-05,2.0564e-05,8.0334e-06,-4.6065e-06,-1.7159e-05,-2.941e-05,-4.1143e-05,-5.2136e-05,-6.2187e-05,-7.1111e-05,-7.876e-05,-8.5063e-05,-8.9972e-05,-9.3485e-05,-9.5638e-05,-9.6545e-05,-9.6385e-05,-9.5386e-05,-9.3821e-05,-9.1989e-05,-9.0194e-05,-8.8718e-05,-8.7834e-05
0.00012657,0.00012614,0.00012562,0.00012512,0.00012467,0.0001243,0.000124,0.00012376,0.0001236,0.00012351,0.00012348,0.00012352,0.00012363,0.00012381,0.00012404,0.00012435,0.00012471,0.00012514,0.00012564,0.00012619,0.00012681,0.00012748,0.00012822,0.00012901,0.00012986,0.00013076,0.00013171,0.00013272,0.00013377,0.00013486,0.000136,0.00013716,0.00013836,0.00013958,0.00014082,0.00014207,0.00014332,0.00014455,0.00014577,0.00014696,0.0001481,0.00014918,0.00015018,0.00015108,0.00015185,0.00015248,0.00015294,0.00015319,0.0001532,0.00015295,0.00015238,0.00015146,0.00015014,0.00014837,0.0001461,0.00014329,0.00013987,0.0001358,0.00013103,0.0001255,0.00011918,0.00011204,0.00010405,9.5226e-05,8.5571e-05,7.5128e-05,6.3964e-05,5.2174e-05,3.9884e-05,2.725e-05,1.4457e-05,1.714e-06,-1.0751e-05,-2.27e-05,-3.3897e-05,-4.4116e-05,-5.3158e-05,-6.0866e-05,-6.7155e-05,-7.1987e-05,-7.5363e-05,-7.7362e-05,-7.811e-05,-7.7798e-05,-7.6678e-05,-7.5046e-05,-7.3226e-05,-7.1542e-05,-7.0281e-05,-6.9632e-05
0.00013009,0.00012963,0.00012906,0.00012852,0.00012805,0.00012764,0.00012732,0.00012708,0.00012691,0.00012682,0.00012681,0.00012687,0.00012701,0.00012721,0.00012749,0.00012785,0.00012827,0.00012877,0.00012933,0.00012997,0.00013067,0.00013145,0.00013229,0.0001332,0.00013417,0.00013521,0.00013632,0.00013748,0.0001387,0.00013998,0.0001413,0.00014268,0.0001441,0.00014556,0.00014705,0.00014856,0.00015009,0.00015163,0.00015317,0.00015469,0.00015618,0.00015763,0.00015902,0.00016033,0.00016154,0.00016263,0.00016356,0.0001643,0.00016483,0.0001651,0.00016508,0.00016472,0.00016397,0.00016278,0.0001611,0.00015887,0.00015603,0.00015252,0.00014829,0.00014328,0.00013745,0.00013075,0.00012315,0.00011465,0.00010525,9.4994e-05,8.394e-05,7.2183e-05,5.9851e-05,4.7108e-05,3.4149e-05,2.1196e-05,8.4942e-06,-3.698e-06,-1.5122e-05,-2.5532e-05,-3.4709e-05,-4.2481e-05,-4.8752e-05,-5.3492e-05,-5.6715e-05,-5.8508e-05,-5.9023e-05,-5.8479e-05,-5.716e-05,-5.5401e-05,-5.3558e-05,-5.1976e-05,-5.0929e-05,-5.0525e-05
0.00013352,0.00013302,0.00013241,0.00013184,0.00013133,0.0001309,0.00013056,0.00013031,0.00013014,0.00013005,0.00013005,0.00013013,0.00013029,0.00013054,0.00013086,0.00013126,0.00013174,0.0001323,0.00013293,0.00013365,0.00013444,0.00013532,0.00013626,0.00013729,0.00013839,0.00013957,0.00014082,0.00014214,0.00014353,0.00014498,0.0001465,0.00014809,0.00014973,0.00015142,0.00015316,0.00015494,0.00015676,0.0001586,0.00016045,0.00016231,0.00016417,0.000166,0.00016779,0.00016952,0.00017117,0.00017272,0.00017413,0.00017539,0.00017644,0.00017727,0.00017781,0.00017804,0.00017789,0.00017732,0.00017626,0.00017465,0.00017243,0.00016954,0.00016591,0.00016147,0.00015616,0.00014995,0.00014279,0.00013466,0.00012556,0.00011553,0.00010461,9.2908e-05,8.0546e-05,6.7696e-05,5.4563e-05,4.1387e-05,2.8431e-05,1.5975e-05,4.3037e-06,-6.3121e-06,-1.5631e-05,-2.3462e-05,-2.9699e-05,-3.4318e-05,-3.7346e-05,-3.888e-05,-3.9097e-05,-3.8252e-05,-3.6668e-05,-3.4721e-05,-3.281e-05,-3.1303e-05,-3.0469e-05,-3.0323e-05
0.00013684,0.00013631,0.00013567,0.00013505,0.00013451,0.00013406,0.0001337,0.00013344,0.00013327,0.00013319,0.0001332,0.0001333,0.00013349,0.00013376,0.00013412,0.00013457,0.00013511,0.00013573,0.00013644,0.00013723,0.00013811,0.00013908,0.00014013,0.00014127,0.0001425,0.00014381,0.0001452,0.00014668,0.00014823,0.00014987,0.00015158,0.00015337,0.00015523,0.00015716,0.00015915,0.0001612,0.0001633,0.00016544,0.00016762,0.00016982,0.00017203,0.00017424,0.00017644,0.00017859,0.0001807,0.00018272,0.00018463,0.00018641,0.00018802,0.00018941,0.00019056,0.0001914,0.00019188,0.00019196,0.00019156,0.00019062,0.00018907,0.00018684,0.00018385,0.00018004,0.00017533,0.00016967,0.000163,0.0001553,0.00014655,0.00013679,0.00012605,0.00011443,0.00010206,8.9111e-05,7.5808e-05,6.2403e-05,4.9181e-05,3.6448e-05,2.4516e-05,1.3685e-05,4.2237e-06,-3.6545e-06,-9.8291e-06,-1.4286e-05,-1.7062e-05,-1.827e-05,-1.8115e-05,-1.689e-05,-1.4964e-05,-1.2763e-05,-1.0732e-05,-9.275e-06,-8.654e-06,-8.788e-06
0.00014006,0.00013949,0.00013881,0.00013816,0.00013759,0.00013711,0.00013674,0.00013647,0.00013629,0.00013622,0.00013624,0.00013636,0.00013657,0.00013688,0.00013728,0.00013778,0.00013837,0.00013905,0.00013983,0.0001407,0.00014167,0.00014273,0.00014388,0.00014513,0.00014648,0.00014792,0.00014946,0.00015109,0.00015281,0.00015462,0.00015652,0.00015852,0.00016059,0.00016275,0.00016499,0.0001673,0.00016969,0.00017213,0.00017463,0.00017717,0.00017974,0.00018234,0.00018494,0.00018754,0.0001901,0.0001926,0.00019503,0.00019735,0.00019952,0.0002015,0.00020326,0.00020475,0.0002059,0.00020666,0.00020696,0.00020674,0.00020591,0.0002044,0.00020212,0.00019899,0.00019494,0.0001899,0.00018379,0.00017659,0.00016826,0.00015882,0.00014831,0.00013682,0.00012448,0.00011146,9.8007e-05,8.4379e-05,7.0889e-05,5.7873e-05,4.5674e-05,3.4626e-05,2.5031e-05,1.7127e-05,1.1053e-05,6.8139e-06,4.362e-06,3.5634e-06,4.1825e-06,5.8831e-06,8.2421e-06,1.0775e-05,1.2982e-05,1.4416e-05,1.4816e-05,1.4373e-05
0.00014316,0.00014256,0.00014184,0.00014115,0.00014055,0.00014005,0.00013966,0.00013938,0.00013921,0.00013914,0.00013917,0.00013931,0.00013955,0.00013989,0.00014033,0.00014087,0.00014151,0.00014225,0.0001431,0.00014405,0.0001451,0.00014625,0.00014751,0.00014887,0.00015033,0.0001519,0.00015357,0.00015535,0.00015723,0.00015922,0.00016131,0.0001635,0.00016579,0.00016818,0.00017067,0.00017324,0.0001759,0.00017865,0.00018146,0.00018434,0.00018728,0.00019027,0.00019328,0.00019631,0.00019933,0.00020233,0.00020528,0.00020814,0.0002109,0.00021349,0.00021589,0.00021805,0.0002199,0.00022138,0.00022243,0.00022296,0.00022291,0.00022218,0.00022067,0.00021831,0.00021499,0.00021064,0.00020518,0.00019855,0.00019072,0.00018169,0.00017148,0.00016018,0.00014792,0.00013488,0.0001213,0.00010747,9.3724e-05,8.0431e-05,6.7971e-05,5.6716e-05,4.7004e-05,3.9107e-05,3.3188e-05,2.9237e-05,2.7198e-05,2.6912e-05,2.8107e-05,3.0398e-05,3.3298e-05,3.6255e-05,3.87e-05,4.0137e-05,4.0303e-05,3.9512e-05
0.00014613,0.0001455,0.00014474,0.00014402,0.00014339,0.00014287,0.00014247,0.00014218,0.00014201,0.00014194,0.00014199,0.00014214,0.0001424,0.00014277,0.00014325,0.00014384,0.00014453,0.00014533,0.00014624,0.00014726,0.00014839,0.00014963,0.00015099,0.00015245,0.00015403,0.00015573,0.00015754,0.00015946,0.0001615,0.00016366,0.00016593,0.00016832,0.00017082,0.00017343,0.00017616,0.00017899,0.00018193,0.00018496,0.0001881,0.00019132,0.00019462,0.00019799,0.00020141,0.00020488,0.00020837,0.00021187,0.00021534,0.00021877,0.00022211,0.00022534,0.0002284,0.00023125,0.00023383,0.00023607,0.0002379,0.00023925,0.00024003,0.00024013,0.00023948,0.00023795,0.00023545,0.00023189,0.00022717,0.00022121,0.00021398,0.00020544,0.00019563,0.00018461,0.0001725,0.0001595,0.00014584,0.00013185,0.00011788,0.00010434,9.1636e-05,8.0196e-05,7.0401e-05,6.256e-05,5.6864e-05,5.3292e-05,5.1774e-05,5.2126e-05,5.4033e-05,5.705e-05,6.0619e-05,6.4106e-05,6.6861e-05,6.8327e-05,6.8237e-05,6.7051e-05
0.00014897,0.00014831,0.00014751,0.00014676,0.0001461,0.00014557,0.00014515,0.00014485,0.00014468,0.00014462,0.00014467,0.00014485,0.00014513,0.00014553,0.00014605,0.00014668,0.00014742,0.00014828,0.00014925,0.00015034,0.00015155,0.00015287,0.00015432,0.00015589,0.00015758,0.0001594,0.00016134,0.0001634,0.00016559,0.00016791,0.00017036,0.00017294,0.00017565,0.00017848,0.00018144,0.00018453,0.00018773,0.00019106,0.00019451,0.00019806,0.00020172,0.00020547,0.0002093,0.00021321,0.00021717,0.00022117,0.00022517,0.00022917,0.00023312,0.00023699,0.00024073,0.0002443,0.00024763,0.00025067,0.00025333,0.00025554,0.0002572,0.00025822,0.00025848,0.00025788,0.00025629,0.00025362,0.00024974,0.00024457,0.00023805,0.00023013,0.00022082,0.00021018,0.00019833,0.00018546,0.00017181,0.00015773,0.00014359,0.00012984,0.00011694,0.00010536,9.5529e-05,8.7812e-05,8.2427e-05,7.9348e-05,7.8486e-05,7.9628e-05,8.241e-05,8.6315e-05,9.0702e-05,9.484e-05,9.7985e-05,9.9507e-05,9.9132e-05,9.7491e-05
0.00015166,0.00015098,0.00015015,0.00014936,0.00014868,0.00014812,0.00014769,0.00014739,0.00014721,0.00014716,0.00014723,0.00014742,0.00014773,0.00014816,0.00014871,0.00014937,0.00015016,0.00015108,0.00015211,0.00015327,0.00015455,0.00015596,0.0001575,0.00015916,0.00016096,0.00016289,0.00016496,0.00016716,0.0001695,0.00017198,0.0001746,0.00017736,0.00018026,0.00018331,0.0001865,0.00018983,0.0001933,0.00019692,0.00020067,0.00020455,0.00020856,0.00021269,0.00021693,0.00022127,0.00022569,0.00023019,0.00023473,0.0002393,0.00024386,0.00024838,0.00025282,0.00025713,0.00026125,0.00026511,0.00026865,0.00027177,0.00027437,0.00027637,0.00027763,0.00027804,0.00027746,0.00027578,0.00027287,0.00026862,0.00026294,0.00025578,0.00024712,0.00023701,0.00022555,0.00021292,0.0001994,0.00018532,0.0001711,0.00015722,0.0001442,0.00013254,0.00012275,0.00011524,0.00011029,0.00010785,0.00010781,0.00010993,0.00011377,0.00011876,0.00012414,0.00012907,0.00013269,0.00013429,0.0001336,0.00013142
0.00015421,0.0001535,0.00015264,0.00015182,0.00015112,0.00015054,0.0001501,0.00014979,0.00014961,0.00014956,0.00014964,0.00014985,0.00015018,0.00015064,0.00015122,0.00015193,0.00015276,0.00015373,0.00015482,0.00015604,0.00015739,0.00015888,0.0001605,0.00016226,0.00016416,0.0001662,0.00016839,0.00017072,0.0001732,0.00017583,0.00017862,0.00018155,0.00018465,0.0001879,0.00019131,0.00019488,0.00019861,0.0002025,0.00020655,0.00021075,0.0002151,0.0002196,0.00022424,0.00022901,0.0002339,0.00023889,0.00024397,0.00024911,0.00025429,0.00025947,0.00026462,0.00026968,0.00027461,0.00027933,0.00028377,0.00028785,0.00029146,0.00029449,0.00029684,0.00029835,0.0002989,0.00029834,0.00029653,0.00029334,0.00028866,0.00028242,0.00027458,0.00026516,0.00025426,0.00024205,0.00022881,0.00021488,0.00020071,0.00018682,0.00017378,0.00016215,0.00015251,0.00014532,0.00014095,0.00013932,0.00014031,0.00014362,0.00014876,0.00015505,0.00016162,0.0001675,0.00017171,0.00017342,0.00017234,0.00016955
0.0001566,0.00015586,0.00015497,0.00015413,0.0001534,0.00015281,0.00015236,0.00015204,0.00015187,0.00015182,0.00015191,0.00015213,0.00015249,0.00015297,0.00015358,0.00015433,0.00015521,0.00015622,0.00015736,0.00015864,0.00016006,0.00016162,0.00016333,0.00016518,0.00016717,0.00016932,0.00017162,0.00017408,0.00017669,0.00017947,0.00018241,0.00018551,0.00018879,0.00019224,0.00019586,0.00019966,0.00020364,0.00020779,0.00021212,0.00021663,0.00022132,0.00022618,0.00023121,0.0002364,0.00024174,0.00024722,0.00025283,0.00025854,0.00026434,0.00027018,0.00027605,0.00028188,0.00028763,0.00029323,0.00029861,0.00030369,0.00030836,0.00031251,0.00031601,0.00031873,0.00032051,0.00032119,0.00032063,0.00031867,0.00031518,0.00031005,0.00030323,0.00029472,0.00028459,0.00027301,0.00026024,0.00024666,0.00023272,0.000219,0.0002061,0.00019466,0.00018531,0.00017861,0.000175,0.0001744,0.00017666,0.00018142,0.00018813,0.00019598,0.00020398,0.000211,0.0002159,0.00021774,0.00021623,0.0002127
0.00015882,0.00015806,0.00015714,0.00015628,0.00015553,0.00015493,0.00015446,0.00015415,0.00015397,0.00015393,0.00015403,0.00015427,0.00015464,0.00015515,0.00015579,0.00015657,0.00015749,0.00015854,0.00015974,0.00016108,0.00016256,0.00016419,0.00016597,0.0001679,0.00016999,0.00017223,0.00017464,0.00017721,0.00017995,0.00018286,0.00018595,0.00018922,0.00019267,0.0001963,0.00020013,0.00020414,0.00020836,0.00021276,0.00021737,0.00022218,0.00022719,0.0002324,0.0002378,0.0002434,0.00024918,0.00025514,0.00026127,0.00026755,0.00027395,0.00028046,0.00028703,0.00029364,0.00030022,0.00030673,0.00031308,0.00031919,0.00032497,0.00033029,0.00033504,0.00033905,0.00034218,0.00034425,0.0003451,0.00034454,0.00034243,0.00033864,0.00033308,0.00032572,0.00031662,0.00030593,0.00029391,0.00028093,0.00026748,0.00025415,0.00024162,0.00023059,0.00022175,0.00021575,0.0002131,0.0002138,0.00021763,0.00022416,0.00023275,0.00024248,0.00025219,0.00026056,0.00026628,0.00026827,0.00026624,0.00026185
0.00016087,0.00016009,0.00015915,0.00015826,0.0001575,0.00015688,0.00015641,0.00015609,0.00015592,0.00015588,0.00015599,0.00015624,0.00015663,0.00015716,0.00015783,0.00015865,0.0001596,0.0001607,0.00016194,0.00016333,0.00016487,0.00016656,0.00016841,0.00017042,0.00017259,0.00017493,0.00017744,0.00018012,0.00018298,0.00018602,0.00018924,0.00019266,0.00019627,0.00020008,0.00020409,0.00020832,0.00021275,0.0002174,0.00022227,0.00022736,0.00023267,0.00023821,0.00024398,0.00024997,0.00025618,0.0002626,0.00026924,0.00027606,0.00028307,0.00029022,0.00029751,0.00030489,0.00031231,0.00031973,0.00032707,0.00033425,0.00034117,0.00034773,0.00035379,0.00035919,0.00036378,0.00036738,0.0003698,0.00037084,0.00037033,0.00036812,0.00036409,0.00035819,0.00035043,0.00034096,0.00033,0.00031795,0.00030531,0.00029269,0.00028084,0.00027051,0.00026248,0.00025747,0.00025603,0.00025837,0.00026413,0.00027281,0.00028367,0.00029564,0.00030738,0.00031735,0.00032404,0.00032621,0.00032355,0.00031813
0.00016274,0.00016194,0.00016098,0.00016008,0.0001593,0.00015867,0.0001582,0.00015787,0.0001577,0.00015768,0.00015779,0.00015806,0.00015846,0.00015902,0.00015971,0.00016055,0.00016154,0.00016267,0.00016396,0.0001654,0.00016699,0.00016874,0.00017066,0.00017274,0.00017498,0.00017741,0.00018,0.00018279,0.00018575,0.00018891,0.00019226,0.00019582,0.00019958,0.00020355,0.00020774,0.00021216,0.0002168,0.00022167,0.00022679,0.00023214,0.00023775,0.0002436,0.00024971,0.00025607,0.00026269,0.00026956,0.00027668,0.00028403,0.00029162,0.00029941,0.0003074,0.00031554,0.0003238,0.00033212,0.00034046,0.00034873,0.00035683,0.00036467,0.00037211,0.00037899,0.00038515,0.00039041,0.00039457,0.00039741,0.00039874,0.00039839,0.00039619,0.00039207,0.00038602,0.00037815,0.00036868,0.00035797,0.00034654,0.00033506,0.00032427,0.00031503,0.00030819,0.00030454,0.00030471,0.00030909,0.0003172,0.00032849,0.00034208,0.00035673,0.00037088,0.00038276,0.00039059,0.00039296,0.00038954,0.00038289
0.00016443,0.00016361,0.00016264,0.00016172,0.00016093,0.0001603,0.00015982,0.00015949,0.00015932,0.0001593,0.00015943,0.0001597,0.00016013,0.0001607,0.00016141,0.00016228,0.0001633,0.00016447,0.00016579,0.00016727,0.00016891,0.00017072,0.00017269,0.00017483,0.00017715,0.00017965,0.00018233,0.0001852,0.00018827,0.00019154,0.00019501,0.00019869,0.00020259,0.00020671,0.00021106,0.00021565,0.00022049,0.00022557,0.00023091,0.00023651,0.00024238,0.00024853,0.00025496,0.00026167,0.00026867,0.00027596,0.00028354,0.0002914,0.00029955,0.00030796,0.00031661,0.0003255,0.00033458,0.00034381,0.00035314,0.0003625,0.00037181,0.00038096,0.00038983,0.00039826,0.0004061,0.00041315,0.00041921,0.00042406,0.00042748,0.00042926,0.00042923,0.00042728,0.00042335,0.00041754,0.00041002,0.00040117,0.00039148,0.00038163,0.00037243,0.00036478,0.00035962,0.00035781,0.00036011,0.000367,0.00037801,0.00039246,0.00040933,0.00042719,0.00044423,0.00045838,0.00046756,0.00047015,0.00046583,0.00045772
0.00016593,0.0001651,0.00016411,0.00016318,0.00016239,0.00016175,0.00016127,0.00016094,0.00016078,0.00016076,0.0001609,0.00016118,0.00016162,0.0001622,0.00016294,0.00016383,0.00016487,0.00016607,0.00016743,0.00016895,0.00017063,0.00017248,0.00017451,0.00017671,0.00017909,0.00018165,0.00018441,0.00018736,0.00019052,0.00019388,0.00019746,0.00020126,0.00020528,0.00020954,0.00021404,0.00021879,0.00022379,0.00022907,0.00023461,0.00024044,0.00024656,0.00025298,0.0002597,0.00026674,0.00027409,0.00028178,0.00028979,0.00029813,0.00030679,0.00031578,0.00032509,0.00033469,0.00034457,0.00035468,0.00036499,0.00037544,0.00038595,0.00039643,0.00040676,0.00041681,0.00042641,0.00043537,0.00044349,0.00045054,0.00045628,0.0004605,0.000463,0.00046362,0.00046229,0.00045904,0.00045405,0.00044764,0.00044032,0.00043276,0.0004258,0.00042039,0.00041752,0.00041816,0.00042315,0.00043322,0.0004478,0.00046611,0.00048697,0.0005087,0.0005292,0.00054606,0.00055687,0.00055973,0.00055433,0.00054447
0.00016723,0.00016639,0.0001654,0.00016446,0.00016366,0.00016302,0.00016254,0.00016222,0.00016206,0.00016205,0.00016219,0.00016249,0.00016293,0.00016353,0.00016429,0.00016519,0.00016626,0.00016748,0.00016887,0.00017042,0.00017214,0.00017403,0.0001761,0.00017835,0.00018079,0.00018341,0.00018624,0.00018926,0.0001925,0.00019594,0.00019961,0.00020351,0.00020764,0.00021202,0.00021665,0.00022155,0.00022671,0.00023215,0.00023788,0.00024391,0.00025025,0.00025692,0.00026391,0.00027124,0.00027892,0.00028696,0.00029537,0.00030414,0.0003133,0.00032284,0.00033275,0.00034303,0.00035366,0.00036462,0.00037588,0.00038739,0.00039909,0.0004109,0.00042271,0.00043441,0.00044583,0.0004568,0.00046711,0.00047654,0.00048485,0.00049181,0.00049719,0.00050081,0.00050258,0.00050248,0.00050065,0.00049739,0.00049318,0.00048868,0.00048477,0.00048241,0.00048266,0.00048656,0.00049503,0.00050898,0.00052796,0.00055101,0.00057672,0.00060314,0.00062784,0.00064799,0.00066076,0.00066396,0.00065729,0.00064535
0.00016832,0.00016749,0.00016649,0.00016556,0.00016476,0.00016412,0.00016365,0.00016333,0.00016317,0.00016316,0.00016331,0.00016362,0.00016407,0.00016468,0.00016545,0.00016637,0.00016746,0.0001687,0.00017011,0.00017169,0.00017344,0.00017536,0.00017747,0.00017976,0.00018225,0.00018492,0.0001878,0.00019089,0.00019419,0.00019771,0.00020146,0.00020545,0.00020968,0.00021416,0.0002189,0.00022392,0.00022922,0.00023481,0.0002407,0.00024691,0.00025345,0.00026033,0.00026755,0.00027515,0.00028312,0.00029148,0.00030024,0.00030942,0.00031902,0.00032906,0.00033953,0.00035043,0.00036177,0.00037354,0.0003857,0.00039823,0.00041108,0.00042419,0.00043748,0.00045082,0.0004641,0.00047714,0.00048975,0.00050172,0.00051281,0.00052278,0.0005314,0.00053847,0.00054385,0.00054751,0.00054955,0.00055022,0.00054997,0.00054947,0.00054956,0.00055126,0.00055566,0.00056388,0.0005769,0.00059552,0.00061996,0.00064882,0.00068046,0.00071263,0.00074246,0.00076665,0.00078187,0.00078555,0.00077739,0.00076297
0.00016922,0.00016839,0.0001674,0.00016647,0.00016568,0.00016505,0.00016457,0.00016426,0.00016411,0.00016411,0.00016426,0.00016457,0.00016503,0.00016565,0.00016643,0.00016736,0.00016846,0.00016972,0.00017115,0.00017275,0.00017452,0.00017647,0.00017861,0.00018094,0.00018346,0.00018618,0.0001891,0.00019224,0.0001956,0.00019918,0.000203,0.00020706,0.00021137,0.00021594,0.00022078,0.0002259,0.00023131,0.00023703,0.00024306,0.00024943,0.00025613,0.00026319,0.00027062,0.00027844,0.00028666,0.00029531,0.00030438,0.00031391,0.00032391,0.00033439,0.00034536,0.00035684,0.00036882,0.00038132,0.00039432,0.00040781,0.00042176,0.00043612,0.00045083,0.00046581,0.00048094,0.00049607,0.00051105,0.00052567,0.00053972,0.00055294,0.00056513,0.00057606,0.00058558,0.00059363,0.00060027,0.00060572,0.0006104,0.00061494,0.00062018,0.00062713,0.00063692,0.00065071,0.00066954,0.00069424,0.00072532,0.00076131,0.00080026,0.00083952,0.00087571,0.00090495,0.0009233,0.0009277,0.00091785,0.00090048
0.00016991,0.00016909,0.00016811,0.0001672,0.00016642,0.00016579,0.00016533,0.00016502,0.00016487,0.00016488,0.00016503,0.00016535,0.00016581,0.00016644,0.00016722,0.00016816,0.00016927,0.00017054,0.00017198,0.00017359,0.00017539,0.00017736,0.00017952,0.00018187,0.00018442,0.00018718,0.00019014,0.00019332,0.00019672,0.00020035,0.00020422,0.00020834,0.00021271,0.00021736,0.00022227,0.00022748,0.00023299,0.00023881,0.00024496,0.00025144,0.00025828,0.0002655,0.0002731,0.00028111,0.00028954,0.00029842,0.00030776,0.00031759,0.00032793,0.00033879,0.0003502,0.00036218,0.00037474,0.00038789,0.00040165,0.00041602,0.00043098,0.00044651,0.00046258,0.00047912,0.00049606,0.00051327,0.00053063,0.00054796,0.00056507,0.00058174,0.00059776,0.00061292,0.00062707,0.00064013,0.00065212,0.00066325,0.00067388,0.00068462,0.00069628,0.00070987,0.00072653,0.00074743,0.00077362,0.00080597,0.00084531,0.00089017,0.00093821,0.00098634,0.0010306,0.0010663,0.0010887,0.0010943,0.0010826,0.0010617
0.0001704,0.00016959,0.00016863,0.00016774,0.00016698,0.00016637,0.00016591,0.00016561,0.00016547,0.00016547,0.00016563,0.00016595,0.00016641,0.00016704,0.00016782,0.00016877,0.00016988,0.00017116,0.0001726,0.00017423,0.00017603,0.00017802,0.0001802,0.00018257,0.00018514,0.00018791,0.0001909,0.00019411,0.00019754,0.00020121,0.00020512,0.00020929,0.00021371,0.00021841,0.00022339,0.00022866,0.00023424,0.00024014,0.00024637,0.00025296,0.00025991,0.00026724,0.00027498,0.00028314,0.00029174,0.00030081,0.00031037,0.00032044,0.00033105,0.00034223,0.00035401,0.0003664,0.00037945,0.00039318,0.0004076,0.00042274,0.00043861,0.00045521,0.00047252,0.00049053,0.00050918,0.0005284,0.00054808,0.00056811,0.00058833,0.00060855,0.00062859,0.00064828,0.00066747,0.00068608,0.00070414,0.00072181,0.00073944,0.00075761,0.0007771,0.00079889,0.00082413,0.00085399,0.00088956,0.00093168,0.00098109,0.001037,0.0010965,0.0011558,0.0012103,0.0012544,0.0012825,0.00129,0.0012764,0.0012515
0.00017068,0.0001699,0.00016897,0.0001681,0.00016736,0.00016677,0.00016633,0.00016603,0.00016589,0.0001659,0.00016606,0.00016637,0.00016684,0.00016746,0.00016824,0.00016918,0.00017029,0.00017157,0.00017302,0.00017465,0.00017646,0.00017845,0.00018064,0.00018302,0.0001856,0.00018839,0.0001914,0.00019462,0.00019808,0.00020177,0.00020571,0.0002099,0.00021436,0.0002191,0.00022412,0.00022943,0.00023507,0.00024102,0.00024732,0.00025397,0.000261,0.00026842,0.00027626,0.00028453,0.00029325,0.00030246,0.00031218,0.00032244,0.00033326,0.00034469,0.00035675,0.00036949,0.00038293,0.00039712,0.00041209,0.00042789,0.00044453,0.00046206,0.00048048,0.00049981,0.00052003,0.00054112,0.00056301,0.00058565,0.00060891,0.00063269,0.00065684,0.00068123,0.00070576,0.00073036,0.00075509,0.0007801,0.00080574,0.00083256,0.00086133,0.00089302,0.00092875,0.00096972,0.001017,0.0010715,0.0011336,0.0012032,0.001277,0.0013507,0.0014186,0.001474,0.0015099,0.0015206,0.0015053,0.0014757
0.00017076,0.00017002,0.00016913,0.0001683,0.00016758,0.00016701,0.00016658,0.00016629,0.00016615,0.00016616,0.00016632,0.00016662,0.00016708,0.0001677,0.00016847,0.00016941,0.00017051,0.00017178,0.00017323,0.00017486,0.00017666,0.00017866,0.00018084,0.00018323,0.00018581,0.00018861,0.00019162,0.00019486,0.00019832,0.00020203,0.00020598,0.00021019,0.00021467,0.00021942,0.00022446,0.00022981,0.00023547,0.00024146,0.00024779,0.00025449,0.00026156,0.00026904,0.00027693,0.00028527,0.00029408,0.00030338,0.00031321,0.00032359,0.00033456,0.00034616,0.00035843,0.0003714,0.00038514,0.00039968,0.00041508,0.00043139,0.00044867,0.00046696,0.00048631,0.00050677,0.00052837,0.00055113,0.00057504,0.0006001,0.00062626,0.00065347,0.00068167,0.00071079,0.00074078,0.00077165,0.00080348,0.00083648,0.000871,0.00090761,0.00094706,0.00099035,0.0010386,0.001093,0.0011547,0.0012245,0.0013026,0.0013893,0.0014814,0.0015736,0.0016592,0.00173,0.0017771,0.0017933,0.001777,0.0017422
0.00017066,0.00016996,0.00016912,0.00016833,0.00016764,0.00016709,0.00016667,0.0001664,0.00016626,0.00016626,0.00016641,0.0001667,0.00016715,0.00016776,0.00016852,0.00016944,0.00017054,0.0001718,0.00017324,0.00017485,0.00017665,0.00017864,0.00018082,0.0001832,0.00018578,0.00018857,0.00019158,0.00019482,0.00019828,0.00020199,0.00020594,0.00021015,0.00021463,0.00021939,0.00022444,0.00022979,0.00023545,0.00024145,0.0002478,0.00025451,0.0002616,0.0002691,0.00027702,0.00028538,0.00029423,0.00030357,0.00031345,0.00032389,0.00033494,0.00034664,0.00035903,0.00037215,0.00038608,0.00040085,0.00041654,0.00043322,0.00045096,0.00046983,0.00048991,0.00051128,0.00053401,0.00055817,0.00058383,0.00061103,0.00063982,0.00067021,0.00070223,0.00073592,0.00077131,0.00080849,0.00084763,0.000889,0.00093304,0.00098034,0.0010317,0.0010882,0.001151,0.0012213,0.0013004,0.001389,0.0014874,0.0015953,0.0017105,0.0018268,0.0019361,0.0020283,0.002092,0.0021175,0.0021019,0.0020615
0.00017039,0.00016973,0.00016895,0.00016821,0.00016756,0.00016703,0.00016662,0.00016635,0.00016621,0.0001662,0.00016634,0.00016662,0.00016705,0.00016764,0.00016838,0.00016929,0.00017037,0.00017161,0.00017303,0.00017464,0.00017642,0.0001784,0.00018056,0.00018293,0.0001855,0.00018828,0.00019128,0.0001945,0.00019796,0.00020165,0.00020559,0.00020979,0.00021426,0.000219,0.00022404,0.00022938,0.00023503,0.00024102,0.00024735,0.00025405,0.00026113,0.00026861,0.00027652,0.00028488,0.00029371,0.00030305,0.00031293,0.00032337,0.00033443,0.00034615,0.00035857,0.00037175,0.00038575,0.00040063,0.00041648,0.00043336,0.00045138,0.00047062,0.00049119,0.00051321,0.00053679,0.00056205,0.00058911,0.00061809,0.0006491,0.00068228,0.00071774,0.00075562,0.00079609,0.00083935,0.00088569,0.00093551,0.00098933,0.0010479,0.0011121,0.0011831,0.0012622,0.0013508,0.0014501,0.0015613,0.0016846,0.0018193,0.0019637,0.0021115,0.0022528,0.0023751,0.0024637,0.0025051,0.0024937,0.002448
0.00016996,0.00016937,0.00016864,0.00016795,0.00016734,0.00016683,0.00016644,0.00016616,0.00016601,0.00016599,0.0001661,0.00016637,0.00016678,0.00016734,0.00016806,0.00016895,0.00017,0.00017123,0.00017263,0.00017421,0.00017598,0.00017793,0.00018008,0.00018243,0.00018498,0.00018774,0.00019072,0.00019392,0.00019735,0.00020102,0.00020494,0.00020911,0.00021355,0.00021827,0.00022328,0.00022859,0.00023421,0.00024016,0.00024646,0.00025312,0.00026016,0.0002676,0.00027546,0.00028377,0.00029255,0.00030184,0.00031166,0.00032205,0.00033306,0.00034472,0.00035709,0.00037022,0.00038419,0.00039905,0.0004149,0.00043183,0.00044993,0.00046934,0.00049016,0.00051254,0.00053665,0.00056263,0.00059068,0.00062098,0.00065373,0.00068916,0.00072749,0.00076899,0.00081396,0.00086276,0.00091583,0.00097373,0.0010372,0.001107,0.0011845,0.0012707,0.0013674,0.0014762,0.0015987,0.0017362,0.0018894,0.0020576,0.0022386,0.0024271,0.0026117,0.0027768,0.0029032,0.0029716,0.0029714,0.002922
0.0001694,0.00016888,0.00016823,0.00016759,0.00016701,0.00016652,0.00016612,0.00016584,0.00016567,0.00016563,0.00016572,0.00016595,0.00016634,0.00016687,0.00016757,0.00016843,0.00016945,0.00017065,0.00017203,0.00017358,0.00017532,0.00017725,0.00017938,0.0001817,0.00018422,0.00018695,0.0001899,0.00019307,0.00019647,0.00020011,0.00020399,0.00020813,0.00021253,0.00021721,0.00022217,0.00022743,0.000233,0.0002389,0.00024514,0.00025174,0.00025871,0.00026608,0.00027386,0.00028209,0.00029078,0.00029997,0.00030969,0.00031997,0.00033085,0.00034239,0.00035463,0.00036762,0.00038144,0.00039617,0.00041188,0.00042868,0.00044668,0.00046602,0.00048683,0.00050928,0.00053356,0.00055987,0.00058845,0.00061955,0.00065345,0.00069047,0.00073094,0.00077528,0.00082392,0.0008774,0.00093634,0.0010015,0.0010739,0.0011545,0.0012448,0.0013464,0.0014613,0.0015914,0.001739,0.001906,0.0020936,0.0023021,0.0025291,0.0027698,0.0030126,0.0032387,0.0034229,0.0035371,0.0035617,0.0035136
0.00016875,0.0001683,0.00016772,0.00016713,0.00016658,0.0001661,0.0001657,0.00016539,0.0001652,0.00016512,0.00016518,0.00016538,0.00016573,0.00016623,0.0001669,0.00016772,0.00016872,0.00016989,0.00017123,0.00017276,0.00017447,0.00017636,0.00017846,0.00018074,0.00018323,0.00018593,0.00018884,0.00019198,0.00019534,0.00019893,0.00020277,0.00020686,0.0002112,0.00021583,0.00022073,0.00022592,0.00023143,0.00023725,0.00024341,0.00024992,0.0002568,0.00026407,0.00027175,0.00027986,0.00028843,0.00029748,0.00030704,0.00031716,0.00032787,0.00033921,0.00035124,0.000364,0.00037758,0.00039204,0.00040748,0.00042399,0.0004417,0.00046075,0.00048128,0.00050349,0.00052759,0.00055381,0.00058243,0.00061376,0.00064816,0.00068601,0.00072778,0.00077399,0.00082524,0.00088225,0.00094583,0.001017,0.0010969,0.0011871,0.0012892,0.0014052,0.0015377,0.0016892,0.0018627,0.0020611,0.002287,0.0025418,0.0028246,0.0031311,0.0034509,0.0037629,0.0040352,0.0042271,0.0043024,0.0042675
0.00016806,0.00016768,0.00016717,0.00016662,0.00016609,0.00016559,0.00016517,0.00016484,0.0001646,0.00016449,0.00016451,0.00016466,0.00016497,0.00016543,0.00016606,0.00016685,0.0001678,0.00016894,0.00017025,0.00017174,0.00017341,0.00017527,0.00017733,0.00017958,0.00018203,0.00018469,0.00018755,0.00019064,0.00019395,0.00019749,0.00020127,0.0002053,0.00020959,0.00021414,0.00021897,0.00022409,0.00022951,0.00023524,0.00024131,0.00024771,0.00025448,0.00026162,0.00026917,0.00027713,0.00028553,0.00029441,0.00030379,0.00031369,0.00032417,0.00033525,0.000347,0.00035946,0.0003727,0.00038679,0.00040182,0.00041789,0.00043513,0.00045367,0.00047367,0.00049534,0.0005189,0.00054461,0.00057277,0.00060375,0.00063794,0.00067582,0.00071795,0.00076496,0.0008176,0.00087673,0.00094341,0.0010189,0.0011046,0.0012023,0.0013142,0.0014427,0.0015909,0.0017623,0.0019608,0.0021907,0.0024564,0.0027615,0.0031083,0.003495,0.0039133,0.0043437,0.0047483,0.0050707,0.0052462,0.0052522
0.00016737,0.00016706,0.0001666,0.00016608,0.00016554,0.00016503,0.00016456,0.00016418,0.0001639,0.00016373,0.00016369,0.0001638,0.00016406,0.00016448,0.00016506,0.00016581,0.00016672,0.00016782,0.00016909,0.00017054,0.00017218,0.000174,0.00017601,0.00017822,0.00018063,0.00018324,0.00018605,0.00018909,0.00019234,0.00019582,0.00019954,0.0002035,0.00020771,0.00021219,0.00021693,0.00022196,0.00022728,0.00023291,0.00023886,0.00024514,0.00025178,0.00025878,0.00026616,0.00027395,0.00028217,0.00029084,0.00029999,0.00030965,0.00031984,0.00033062,0.00034203,0.00035411,0.00036693,0.00038055,0.00039506,0.00041056,0.00042716,0.000445,0.00046425,0.0004851,0.00050778,0.00053257,0.0005598,0.00058985,0.00062316,0.00066027,0.0007018,0.00074848,0.00080118,0.00086093,0.00092894,0.0010067,0.0010959,0.0011987,0.0013176,0.0014557,0.0016165,0.0018046,0.0020251,0.0022839,0.0025876,0.0029435,0.003358,0.0038353,0.0043738,0.0049596,0.0055564,0.0060929,0.0064618,0.0065722
0.00016677,0.00016651,0.00016608,0.00016555,0.00016499,0.00016442,0.0001639,0.00016345,0.0001631,0.00016287,0.00016278,0.00016283,0.00016303,0.0001634,0.00016393,0.00016464,0.00016551,0.00016657,0.0001678,0.00016921,0.0001708,0.00017258,0.00017455,0.00017672,0.00017907,0.00018163,0.0001844,0.00018737,0.00019056,0.00019398,0.00019763,0.00020151,0.00020564,0.00021003,0.00021468,0.00021961,0.00022483,0.00023034,0.00023616,0.00024231,0.0002488,0.00025564,0.00026285,0.00027046,0.00027847,0.00028691,0.00029581,0.00030518,0.00031507,0.00032551,0.00033653,0.00034818,0.00036052,0.0003736,0.00038751,0.00040233,0.00041816,0.00043516,0.00045346,0.00047326,0.00049479,0.00051833,0.00054421,0.00057283,0.00060465,0.00064026,0.00068031,0.00072561,0.00077711,0.00083597,0.00090355,0.00098148,0.0010718,0.0011768,0.0012994,0.0014433,0.0016126,0.0018126,0.0020498,0.0023319,0.0026681,0.0030696,0.0035486,0.0041183,0.004789,0.0055628,0.0064189,0.0072877,0.0080168,0.0083788
0.00016631,0.00016608,0.00016565,0.00016509,0.00016447,0.00016384,0.00016324,0.00016271,0.00016228,0.00016198,0.00016182,0.00016181,0.00016196,0.00016228,0.00016277,0.00016343,0.00016427,0.00016528,0.00016647,0.00016784,0.0001694,0.00017114,0.00017306,0.00017518,0.00017749,0.00018,0.00018271,0.00018562,0.00018875,0.0001921,0.00019568,0.00019949,0.00020354,0.00020784,0.0002124,0.00021723,0.00022234,0.00022773,0.00023343,0.00023945,0.00024579,0.00025247,0.00025951,0.00026692,0.00027472,0.00028293,0.00029158,0.00030067,0.00031025,0.00032034,0.00033097,0.00034218,0.00035403,0.00036655,0.00037982,0.00039393,0.00040896,0.00042503,0.0004423,0.00046095,0.00048118,0.00050328,0.00052757,0.00055445,0.0005844,0.000618,0.00065594,0.00069908,0.00074843,0.0008052,0.00087085,0.00094717,0.0010363,0.0011408,0.001264,0.0014097,0.0015827,0.001789,0.002036,0.0023331,0.0026921,0.0031277,0.0036586,0.0043077,0.0051018,0.0060686,0.0072254,0.0085476,0.0098883,0.010833
0.00016608,0.00016584,0.00016539,0.00016478,0.00016409,0.00016338,0.00016271,0.00016211,0.00016162,0.00016125,0.00016104,0.00016098,0.00016109,0.00016137,0.00016182,0.00016245,0.00016325,0.00016424,0.0001654,0.00016674,0.00016826,0.00016997,0.00017186,0.00017394,0.00017622,0.00017868,0.00018135,0.00018422,0.0001873,0.0001906,0.00019412,0.00019787,0.00020186,0.00020609,0.00021057,0.00021532,0.00022034,0.00022565,0.00023125,0.00023715,0.00024337,0.00024993,0.00025683,0.00026409,0.00027173,0.00027976,0.0002882,0.00029708,0.00030641,0.00031622,0.00032654,0.00033741,0.00034885,0.00036093,0.00037369,0.00038721,0.00040158,0.0004169,0.00043331,0.00045097,0.0004701,0.00049096,0.00051385,0.00053918,0.00056742,0.00059915,0.00063507,0.00067605,0.00072312,0.00077753,0.0008408,0.00091475,0.0010016,0.0011041,0.0012256,0.0013702,0.001543,0.0017503,0.0020003,0.0023033,0.0026725,0.0031255,0.0036852,0.0043823,0.0052573,0.0063626,0.0077625,0.0095205,0.011633,0.013716
