1.0602e-16,1.6556e-07,5.9101e-07,1.2802e-06,2.1991e-06,3.2993e-06,4.53e-06,5.8426e-06,7.1923e-06,8.5393e-06,9.8477e-06,1.1086e-05,1.2225e-05,1.3239e-05,1.4104e-05,1.4798e-05,1.5302e-05,1.5596e-05,1.5661e-05,1.5482e-05,1.5039e-05,1.4319e-05,1.3305e-05,1.1981e-05,1.0334e-05,8.3485e-06,6.0108e-06,3.3071e-06,2.2425e-07,-3.2505e-06,-7.1295e-06,-1.1424e-05,-1.6147e-05,-2.1307e-05,-2.6914e-05,-3.2979e-05,-3.9509e-05,-4.6512e-05,-5.3994e-05,-6.1962e-05,-7.042e-05,-7.9372e-05,-8.8822e-05,-9.8771e-05,-0.00010922,-0.00012017,-0.00013163,-0.00014358,-0.00015604,-0.000169,-0.00018245,-0.00019641,-0.00021087,-0.00022583,-0.0002413,-0.00025728,-0.0002738,-0.00029085,-0.00030848,-0.00032669,-0.00034555,-0.00036509,-0.00038539,-0.00040653,-0.00042862,-0.00045179,-0.00047623,-0.00050215,-0.00052985,-0.00055967,-0.00059208,-0.00062768,-0.00066722,-0.0007117,-0.00076243,-0.00082113,-0.00089012,-0.00097253,-0.0010727,-0.0011965,-0.0013525,-0.0015527,-0.0018145,-0.0021633,-0.0026364,-0.0032874,-0.0041912,-0.0054387,-0.0070834,-0.0088648
-1.6541e-07,-1.8361e-10,4.0653e-07,1.0517e-06,1.903e-06,2.9173e-06,4.0493e-06,5.2548e-06,6.4929e-06,7.726e-06,8.9202e-06,1.0045e-05,1.1072e-05,1.1976e-05,1.2734e-05,1.3323e-05,1.3724e-05,1.3918e-05,1.3886e-05,1.3611e-05,1.3076e-05,1.2265e-05,1.1163e-05,9.7533e-06,8.0225e-06,5.9557e-06,3.539e-06,7.5881e-07,-2.3981e-06,-5.9444e-06,-9.8922e-06,-1.4253e-05,-1.9039e-05,-2.426e-05,-2.9925e-05,-3.6044e-05,-4.2626e-05,-4.9677e-05,-5.7205e-05,-6.5216e-05,-7.3714e-05,-8.2703e-05,-9.2188e-05,-0.00010217,-0.00011265,-0.00012363,-0.00013512,-0.0001471,-0.00015959,-0.00017258,-0.00018607,-0.00020007,-0.00021457,-0.00022959,-0.00024513,-0.00026119,-0.0002778,-0.00029497,-0.00031273,-0.00033111,-0.00035016,-0.00036994,-0.00039051,-0.00041198,-0.00043446,-0.0004581,-0.00048308,-0.00050965,-0.00053809,-0.00056879,-0.00060222,-0.00063899,-0.0006799,-0.00072594,-0.00077842,-0.00083908,-0.00091017,-0.00099474,-0.0010968,-0.001222,-0.0013778,-0.0015746,-0.0018267,-0.0021535,-0.0025803,-0.0031378,-0.0038545,-0.0047308,-0.0056685,-0.0063361
-5.8941e-07,-4.0718e-07,-2.3667e-09,6.1088e-07,1.4006e-06,2.3287e-06,3.3558e-06,4.4434e-06,5.5548e-06,6.6561e-06,7.7159e-06,8.7054e-06,9.5978e-06,1.0369e-05,1.0995e-05,1.1456e-05,1.1731e-05,1.1801e-05,1.1648e-05,1.1255e-05,1.0605e-05,9.6821e-06,8.4701e-06,6.9542e-06,5.1194e-06,2.9516e-06,4.3676e-07,-2.4387e-06,-5.6878e-06,-9.3233e-06,-1.3357e-05,-1.7801e-05,-2.2666e-05,-2.7963e-05,-3.3701e-05,-3.9889e-05,-4.6536e-05,-5.3649e-05,-6.1236e-05,-6.9301e-05,-7.7851e-05,-8.6889e-05,-9.642e-05,-0.00010645,-0.00011697,-0.00012799,-0.00013952,-0.00015154,-0.00016407,-0.0001771,-0.00019064,-0.00020469,-0.00021926,-0.00023434,-0.00024996,-0.00026611,-0.00028283,-0.00030014,-0.00031806,-0.00033663,-0.0003559,-0.00037594,-0.00039683,-0.00041866,-0.00044156,-0.00046569,-0.00049124,-0.00051846,-0.00054765,-0.0005792,-0.0006136,-0.00065144,-0.00069352,-0.0007408,-0.00079455,-0.00085639,-0.00092842,-0.0010134,-0.0011147,-0.0012372,-0.0013866,-0.0015708,-0.0017991,-0.0020827,-0.0024327,-0.0028556,-0.0033419,-0.0038439,-0.0042441,-0.004376
-1.2735e-06,-1.0503e-06,-6.1961e-07,-1.0641e-08,7.4373e-07,1.6096e-06,2.5531e-06,3.541e-06,4.5414e-06,5.5238e-06,6.4599e-06,7.3229e-06,8.0878e-06,8.7313e-06,9.2313e-06,9.5671e-06,9.719e-06,9.6682e-06,9.3969e-06,8.8877e-06,8.1241e-06,7.09e-06,5.7697e-06,4.148e-06,2.2104e-06,-5.7681e-08,-2.67e-06,-5.6401e-06,-8.981e-06,-1.2705e-05,-1.6825e-05,-2.1352e-05,-2.6296e-05,-3.1669e-05,-3.7481e-05,-4.3739e-05,-5.0452e-05,-5.7629e-05,-6.5276e-05,-7.3398e-05,-8.2002e-05,-9.1092e-05,-0.00010067,-0.00011074,-0.00012131,-0.00013238,-0.00014395,-0.00015601,-0.00016859,-0.00018166,-0.00019525,-0.00020935,-0.00022398,-0.00023913,-0.00025482,-0.00027107,-0.00028789,-0.00030531,-0.00032336,-0.00034209,-0.00036154,-0.0003818,-0.00040292,-0.00042504,-0.00044826,-0.00047274,-0.0004987,-0.00052637,-0.00055605,-0.00058811,-0.00062304,-0.0006614,-0.00070394,-0.00075154,-0.00080537,-0.00086684,-0.00093777,-0.0010204,-0.0011175,-0.0012326,-0.0013697,-0.0015334,-0.0017287,-0.0019591,-0.0022246,-0.0025165,-0.0028083,-0.0030465,-0.0031484,-0.0030715
-2.1804e-06,-1.8947e-06,-1.4109e-06,-7.7768e-07,-3.0024e-08,8.0165e-07,1.6883e-06,2.6017e-06,3.5142e-06,4.3991e-06,5.2309e-06,5.9851e-06,6.6387e-06,7.1694e-06,7.5564e-06,7.7796e-06,7.82e-06,7.6591e-06,7.2794e-06,6.6638e-06,5.7958e-06,4.6594e-06,3.2391e-06,1.5197e-06,-5.1334e-07,-2.8744e-06,-5.5773e-06,-8.6354e-06,-1.2062e-05,-1.5869e-05,-2.0069e-05,-2.4674e-05,-2.9694e-05,-3.5139e-05,-4.102e-05,-4.7346e-05,-5.4124e-05,-6.1362e-05,-6.9068e-05,-7.7247e-05,-8.5904e-05,-9.5046e-05,-0.00010467,-0.00011479,-0.00012541,-0.00013652,-0.00014813,-0.00016024,-0.00017286,-0.00018598,-0.00019961,-0.00021376,-0.00022844,-0.00024364,-0.0002594,-0.00027571,-0.00029261,-0.00031011,-0.00032826,-0.00034709,-0.00036667,-0.00038705,-0.00040832,-0.00043059,-0.00045397,-0.00047863,-0.00050476,-0.00053259,-0.0005624,-0.00059455,-0.00062947,-0.00066769,-0.00070986,-0.00075677,-0.00080939,-0.00086892,-0.00093678,-0.0010147,-0.0011046,-0.0012088,-0.0013295,-0.0014688,-0.0016277,-0.0018047,-0.0019933,-0.0021784,-0.0023313,-0.0024083,-0.0023637,-0.002215
-3.2586e-06,-2.8944e-06,-2.336e-06,-1.6545e-06,-8.8839e-07,-6.5469e-08,7.8956e-07,1.6528e-06,2.5007e-06,3.31e-06,4.058e-06,4.7227e-06,5.2826e-06,5.7172e-06,6.0067e-06,6.1319e-06,6.0744e-06,5.8162e-06,5.3403e-06,4.6297e-06,3.6682e-06,2.44e-06,9.2965e-07,-8.779e-07,-2.9972e-06,-5.4426e-06,-8.2279e-06,-1.1366e-05,-1.4871e-05,-1.8755e-05,-2.3029e-05,-2.7706e-05,-3.2796e-05,-3.8309e-05,-4.4256e-05,-5.0645e-05,-5.7484e-05,-6.4782e-05,-7.2545e-05,-8.0779e-05,-8.949e-05,-9.8683e-05,-0.00010836,-0.00011853,-0.00012919,-0.00014034,-0.000152,-0.00016415,-0.00017681,-0.00018997,-0.00020365,-0.00021784,-0.00023256,-0.0002478,-0.0002636,-0.00027996,-0.0002969,-0.00031445,-0.00033264,-0.00035152,-0.00037114,-0.00039156,-0.00041286,-0.00043514,-0.00045853,-0.00048315,-0.0005092,-0.00053689,-0.00056648,-0.00059827,-0.00063266,-0.00067009,-0.00071112,-0.00075641,-0.00080673,-0.00086298,-0.00092623,-0.00099762,-0.0010784,-0.0011696,-0.0012722,-0.0013862,-0.00151,-0.0016392,-0.0017647,-0.0018702,-0.0019319,-0.0019182,-0.0018087,-0.001644
-4.4545e-06,-4.0022e-06,-3.354e-06,-2.6061e-06,-1.8016e-06,-9.6643e-07,-1.2168e-07,7.1269e-07,1.5167e-06,2.2704e-06,2.9537e-06,3.5467e-06,4.03e-06,4.3845e-06,4.5915e-06,4.6328e-06,4.4907e-06,4.1479e-06,3.5877e-06,2.7934e-06,1.7493e-06,4.3946e-07,-1.1512e-06,-3.0378e-06,-5.2346e-06,-7.7561e-06,-1.0616e-05,-1.3827e-05,-1.7404e-05,-2.1357e-05,-2.57e-05,-3.0443e-05,-3.5599e-05,-4.1176e-05,-4.7185e-05,-5.3634e-05,-6.0533e-05,-6.7888e-05,-7.5708e-05,-8.3996e-05,-9.2761e-05,-0.000102,-0.00011173,-0.00012195,-0.00013266,-0.00014386,-0.00015556,-0.00016775,-0.00018045,-0.00019365,-0.00020736,-0.00022159,-0.00023633,-0.00025161,-0.00026743,-0.0002838,-0.00030075,-0.00031831,-0.00033649,-0.00035535,-0.00037494,-0.0003953,-0.00041652,-0.00043868,-0.00046189,-0.00048629,-0.00051203,-0.00053929,-0.00056831,-0.00059935,-0.00063273,-0.00066882,-0.00070807,-0.00075098,-0.00079812,-0.00085014,-0.00090772,-0.00097152,-0.0010421,-0.0011198,-0.0012042,-0.0012942,-0.0013868,-0.0014763,-0.0015532,-0.0016034,-0.0016077,-0.0015461,-0.0014131,-0.0012545
-5.7179e-06,-5.1728e-06,-4.4259e-06,-3.5993e-06,-2.7418e-06,-1.8781e-06,-1.0265e-06,-2.0343e-07,5.7428e-07,1.2895e-06,1.9247e-06,2.4621e-06,2.884e-06,3.1728e-06,3.311e-06,3.2814e-06,3.0669e-06,2.6511e-06,2.0174e-06,1.1499e-06,3.2862e-08,-1.3492e-06,-3.0115e-06,-4.9687e-06,-7.2353e-06,-9.8255e-06,-1.2753e-05,-1.6031e-05,-1.9673e-05,-2.3691e-05,-2.8098e-05,-3.2904e-05,-3.8121e-05,-4.3759e-05,-4.9827e-05,-5.6336e-05,-6.3293e-05,-7.0705e-05,-7.858e-05,-8.6924e-05,-9.5742e-05,-0.00010504,-0.00011482,-0.00012509,-0.00013584,-0.00014709,-0.00015883,-0.00017107,-0.0001838,-0.00019704,-0.00021078,-0.00022503,-0.0002398,-0.00025508,-0.0002709,-0.00028727,-0.0003042,-0.00032172,-0.00033985,-0.00035863,-0.0003781,-0.00039832,-0.00041934,-0.00044125,-0.00046414,-0.00048812,-0.00051333,-0.00053992,-0.00056807,-0.00059802,-0.00063,-0.0006643,-0.00070126,-0.00074123,-0.00078461,-0.00083178,-0.0008831,-0.00093883,-0.00099903,-0.0010634,-0.0011308,-0.0011995,-0.0012656,-0.0013235,-0.0013645,-0.0013773,-0.0013475,-0.0012631,-0.0011265,-0.00098219
-7.0037e-06,-6.3654e-06,-5.516e-06,-4.6036e-06,-3.6831e-06,-2.7792e-06,-1.9075e-06,-1.0818e-06,-3.1615e-07,3.7493e-07,9.761e-07,1.4716e-06,1.8454e-06,2.0811e-06,2.1625e-06,2.0734e-06,1.7975e-06,1.3188e-06,6.2144e-07,-3.1017e-07,-1.4915e-06,-2.9378e-06,-4.6639e-06,-6.6846e-06,-9.0143e-06,-1.1667e-05,-1.4657e-05,-1.7996e-05,-2.1699e-05,-2.5778e-05,-3.0244e-05,-3.511e-05,-4.0386e-05,-4.6083e-05,-5.221e-05,-5.8777e-05,-6.5791e-05,-7.3261e-05,-8.1193e-05,-8.9594e-05,-9.8468e-05,-0.00010782,-0.00011765,-0.00012797,-0.00013878,-0.00015007,-0.00016186,-0.00017414,-0.00018691,-0.00020018,-0.00021395,-0.00022822,-0.00024299,-0.00025828,-0.00027408,-0.00029042,-0.0003073,-0.00032474,-0.00034276,-0.0003614,-0.00038069,-0.00040068,-0.00042141,-0.00044295,-0.00046538,-0.00048878,-0.00051327,-0.00053897,-0.00056602,-0.00059459,-0.00062487,-0.00065705,-0.00069136,-0.00072803,-0.00076729,-0.00080929,-0.00085416,-0.00090184,-0.000952,-0.0010039,-0.0010562,-0.0011065,-0.0011511,-0.0011848,-0.0012002,-0.0011884,-0.0011391,-0.001046,-0.00091525,-0.00078709
-8.2732e-06,-7.5442e-06,-6.5924e-06,-5.5913e-06,-4.6021e-06,-3.65e-06,-2.7487e-06,-1.9099e-06,-1.1449e-06,-4.6644e-07,1.1234e-07,5.7738e-07,9.1411e-07,1.1076e-06,1.1426e-06,1.0038e-06,6.7573e-07,1.4307e-07,-6.0955e-07,-1.5974e-06,-2.8356e-06,-4.3391e-06,-6.1227e-06,-8.201e-06,-1.0588e-05,-1.3299e-05,-1.6346e-05,-1.9743e-05,-2.3503e-05,-2.7639e-05,-3.2163e-05,-3.7087e-05,-4.2421e-05,-4.8176e-05,-5.4361e-05,-6.0987e-05,-6.806e-05,-7.5589e-05,-8.358e-05,-9.2039e-05,-0.00010097,-0.00011038,-0.00012027,-0.00013065,-0.00014151,-0.00015285,-0.00016469,-0.00017701,-0.00018982,-0.00020312,-0.00021691,-0.00023119,-0.00024597,-0.00026124,-0.00027701,-0.00029329,-0.00031009,-0.00032742,-0.00034529,-0.00036374,-0.00038279,-0.00040247,-0.00042282,-0.00044388,-0.00046573,-0.00048843,-0.00051205,-0.00053669,-0.00056244,-0.00058943,-0.00061778,-0.00064762,-0.00067907,-0.00071224,-0.00074722,-0.00078401,-0.00082252,-0.00086247,-0.0009033,-0.00094404,-0.00098311,-0.0010181,-0.0010457,-0.0010611,-0.0010587,-0.0010312,-0.00097192,-0.00087777,-0.00075669,-0.00064405
-9.4936e-06,-8.6785e-06,-7.6275e-06,-6.5379e-06,-5.4778e-06,-4.4728e-06,-3.5356e-06,-2.6758e-06,-1.9032e-06,-1.2283e-06,-6.6263e-07,-2.1875e-07,9.0158e-08,2.5032e-07,2.4756e-07,6.7402e-08,-3.0484e-07,-8.8398e-07,-1.6848e-06,-2.7223e-06,-4.0112e-06,-5.5662e-06,-7.402e-06,-9.533e-06,-1.1973e-05,-1.4737e-05,-1.7838e-05,-2.129e-05,-2.5106e-05,-2.9297e-05,-3.3878e-05,-3.8858e-05,-4.425e-05,-5.0063e-05,-5.6308e-05,-6.2993e-05,-7.0127e-05,-7.7718e-05,-8.5771e-05,-9.4292e-05,-0.00010329,-0.00011276,-0.00012271,-0.00013314,-0.00014406,-0.00015546,-0.00016735,-0.00017972,-0.00019257,-0.0002059,-0.00021971,-0.000234,-0.00024876,-0.00026401,-0.00027973,-0.00029594,-0.00031263,-0.00032982,-0.00034752,-0.00036573,-0.00038448,-0.00040379,-0.00042368,-0.00044419,-0.00046536,-0.00048724,-0.00050987,-0.00053332,-0.00055765,-0.00058292,-0.0006092,-0.00063656,-0.00066504,-0.00069465,-0.00072537,-0.00075708,-0.00078953,-0.00082231,-0.00085472,-0.00088567,-0.00091357,-0.00093618,-0.00095047,-0.00095258,-0.00093778,-0.00090077,-0.00083714,-0.00074602,-0.00063571,-0.00053696
-1.0638e-05,-9.7422e-06,-8.5974e-06,-7.4223e-06,-6.2915e-06,-5.2318e-06,-4.2549e-06,-3.3693e-06,-2.5829e-06,-1.9048e-06,-1.3452e-06,-9.151e-07,-6.2666e-07,-4.9252e-07,-5.2596e-07,-7.4065e-07,-1.1506e-06,-1.77e-06,-2.6133e-06,-3.695e-06,-5.0295e-06,-6.6315e-06,-8.5152e-06,-1.0695e-05,-1.3185e-05,-1.6e-05,-1.9153e-05,-2.2657e-05,-2.6526e-05,-3.0773e-05,-3.5409e-05,-4.0447e-05,-4.5897e-05,-5.177e-05,-5.8076e-05,-6.4824e-05,-7.2021e-05,-7.9677e-05,-8.7796e-05,-9.6384e-05,-0.00010545,-0.00011498,-0.000125,-0.0001355,-0.00014648,-0.00015794,-0.00016988,-0.0001823,-0.00019519,-0.00020856,-0.00022239,-0.00023668,-0.00025144,-0.00026665,-0.00028231,-0.00029843,-0.000315,-0.00033202,-0.0003495,-0.00036744,-0.00038585,-0.00040474,-0.00042412,-0.00044401,-0.00046443,-0.00048541,-0.00050697,-0.00052913,-0.00055194,-0.00057541,-0.00059956,-0.0006244,-0.0006499,-0.00067601,-0.0007026,-0.00072948,-0.00075632,-0.00078259,-0.00080755,-0.0008301,-0.00084872,-0.00086138,-0.00086548,-0.00085793,-0.00083486,-0.00079246,-0.00072798,-0.00064181,-0.00054206,-0.00045535
-1.1682e-05,-1.0714e-05,-9.4821e-06,-8.2263e-06,-7.0273e-06,-5.9131e-06,-4.8952e-06,-3.9807e-06,-3.1767e-06,-2.4907e-06,-1.9319e-06,-1.5102e-06,-1.2365e-06,-1.1227e-06,-1.1812e-06,-1.425e-06,-1.8674e-06,-2.5222e-06,-3.4033e-06,-4.5248e-06,-5.9011e-06,-7.5463e-06,-9.4749e-06,-1.1701e-05,-1.4239e-05,-1.7102e-05,-2.0305e-05,-2.3861e-05,-2.7784e-05,-3.2085e-05,-3.6777e-05,-4.1873e-05,-4.7383e-05,-5.3318e-05,-5.9688e-05,-6.6502e-05,-7.3767e-05,-8.1492e-05,-8.9682e-05,-9.8342e-05,-0.00010748,-0.00011709,-0.00012718,-0.00013775,-0.0001488,-0.00016033,-0.00017233,-0.0001848,-0.00019774,-0.00021114,-0.00022499,-0.00023929,-0.00025403,-0.0002692,-0.0002848,-0.00030082,-0.00031725,-0.00033409,-0.00035133,-0.00036896,-0.000387,-0.00040543,-0.00042425,-0.00044347,-0.00046309,-0.00048312,-0.00050355,-0.00052439,-0.00054563,-0.00056726,-0.00058927,-0.0006116,-0.00063419,-0.00065693,-0.00067963,-0.00070203,-0.00072375,-0.00074423,-0.00076272,-0.00077816,-0.00078918,-0.00079399,-0.00079045,-0.00077594,-0.00074751,-0.00070246,-0.00063915,-0.00055871,-0.00046873,-0.00039227
-1.261e-05,-1.1576e-05,-1.0265e-05,-8.9344e-06,-7.6712e-06,-6.5047e-06,-5.4461e-06,-4.5019e-06,-3.6781e-06,-2.9815e-06,-2.42e-06,-2.0026e-06,-1.7397e-06,-1.642e-06,-1.7213e-06,-1.99e-06,-2.4608e-06,-3.1471e-06,-4.0624e-06,-5.2205e-06,-6.6355e-06,-8.3214e-06,-1.0292e-05,-1.2563e-05,-1.5147e-05,-1.8058e-05,-2.1311e-05,-2.4918e-05,-2.8894e-05,-3.325e-05,-3.8001e-05,-4.3157e-05,-4.8729e-05,-5.4729e-05,-6.1167e-05,-6.805e-05,-7.5388e-05,-8.3188e-05,-9.1454e-05,-0.00010019,-0.00010941,-0.0001191,-0.00012927,-0.00013992,-0.00015105,-0.00016265,-0.00017471,-0.00018725,-0.00020024,-0.00021368,-0.00022755,-0.00024186,-0.00025659,-0.00027172,-0.00028725,-0.00030316,-0.00031944,-0.00033608,-0.00035306,-0.00037038,-0.00038801,-0.00040596,-0.0004242,-0.00044272,-0.00046151,-0.00048055,-0.00049983,-0.00051931,-0.00053899,-0.0005588,-0.0005787,-0.0005986,-0.00061841,-0.00063795,-0.00065703,-0.00067534,-0.00069248,-0.00070789,-0.00072083,-0.00073034,-0.0007352,-0.00073389,-0.00072463,-0.00070525,-0.00067355,-0.00062763,-0.00056662,-0.00049203,-0.00041081,-0.00034304
-1.3406e-05,-1.2313e-05,-1.0931e-05,-9.5338e-06,-8.2118e-06,-6.9964e-06,-5.899e-06,-4.9257e-06,-4.0816e-06,-3.3729e-06,-2.8067e-06,-2.3914e-06,-2.1362e-06,-2.0517e-06,-2.1488e-06,-2.4393e-06,-2.9357e-06,-3.6507e-06,-4.5976e-06,-5.7899e-06,-7.2415e-06,-8.9662e-06,-1.0978e-05,-1.3292e-05,-1.5921e-05,-1.888e-05,-2.2182e-05,-2.5841e-05,-2.9871e-05,-3.4285e-05,-3.9095e-05,-4.4314e-05,-4.9952e-05,-5.6021e-05,-6.253e-05,-6.9488e-05,-7.6904e-05,-8.4784e-05,-9.3134e-05,-0.00010196,-0.00011126,-0.00012104,-0.0001313,-0.00014203,-0.00015325,-0.00016493,-0.00017707,-0.00018967,-0.00020272,-0.00021621,-0.00023012,-0.00024443,-0.00025915,-0.00027424,-0.0002897,-0.0003055,-0.00032163,-0.00033806,-0.00035478,-0.00037177,-0.00038899,-0.00040644,-0.00042407,-0.00044188,-0.00045982,-0.00047788,-0.000496,-0.00051415,-0.00053227,-0.0005503,-0.00056817,-0.00058576,-0.00060293,-0.00061952,-0.00063528,-0.00064991,-0.00066299,-0.000674,-0.00068225,-0.00068687,-0.00068679,-0.00068076,-0.00066725,-0.00064457,-0.00061106,-0.00056543,-0.00050729,-0.00043833,-0.00036485,-0.00030442
-1.4058e-05,-1.2915e-05,-1.1471e-05,-1.0014e-05,-8.6392e-06,-7.3795e-06,-6.2465e-06,-5.2458e-06,-4.3823e-06,-3.6615e-06,-3.0899e-06,-2.6753e-06,-2.4265e-06,-2.3533e-06,-2.4662e-06,-2.7767e-06,-3.2965e-06,-4.0384e-06,-5.0151e-06,-6.2401e-06,-7.7269e-06,-9.4894e-06,-1.1542e-05,-1.3898e-05,-1.6572e-05,-1.9578e-05,-2.2931e-05,-2.6644e-05,-3.073e-05,-3.5203e-05,-4.0075e-05,-4.536e-05,-5.1067e-05,-5.7209e-05,-6.3795e-05,-7.0833e-05,-7.8333e-05,-8.63e-05,-9.474e-05,-0.00010366,-0.00011305,-0.00012293,-0.00013329,-0.00014412,-0.00015543,-0.0001672,-0.00017943,-0.00019211,-0.00020522,-0.00021876,-0.00023271,-0.00024705,-0.00026176,-0.00027682,-0.00029221,-0.0003079,-0.00032388,-0.0003401,-0.00035656,-0.0003732,-0.00039002,-0.00040696,-0.00042399,-0.00044108,-0.00045818,-0.00047525,-0.00049224,-0.00050908,-0.0005257,-0.00054203,-0.00055796,-0.00057337,-0.00058811,-0.00060198,-0.00061475,-0.0006261,-0.00063564,-0.00064287,-0.00064717,-0.00064779,-0.00064381,-0.00063415,-0.00061756,-0.00059273,-0.00055843,-0.00051379,-0.00045875,-0.00039505,-0.00032835,-0.00027413
-1.4558e-05,-1.3371e-05,-1.1875e-05,-1.0366e-05,-8.9454e-06,-7.6469e-06,-6.4822e-06,-5.4572e-06,-4.5761e-06,-3.8442e-06,-3.2677e-06,-2.8537e-06,-2.6107e-06,-2.548e-06,-2.6758e-06,-3.005e-06,-3.5472e-06,-4.3148e-06,-5.3204e-06,-6.5771e-06,-8.0985e-06,-9.8983e-06,-1.1991e-05,-1.4389e-05,-1.7109e-05,-2.0164e-05,-2.3568e-05,-2.7336e-05,-3.148e-05,-3.6015e-05,-4.0953e-05,-4.6306e-05,-5.2087e-05,-5.8307e-05,-6.4974e-05,-7.2099e-05,-7.9689e-05,-8.7751e-05,-9.6289e-05,-0.00010531,-0.00011481,-0.00012479,-0.00013525,-0.00014619,-0.0001576,-0.00016948,-0.0001818,-0.00019457,-0.00020777,-0.00022137,-0.00023537,-0.00024973,-0.00026445,-0.00027948,-0.00029481,-0.0003104,-0.00032623,-0.00034226,-0.00035845,-0.00037476,-0.00039116,-0.00040761,-0.00042405,-0.00044043,-0.00045671,-0.00047283,-0.00048871,-0.00050429,-0.00051949,-0.0005342,-0.00054831,-0.0005617,-0.0005742,-0.00058561,-0.00059569,-0.00060415,-0.00061062,-0.00061464,-0.00061566,-0.00061301,-0.00060595,-0.00059355,-0.0005748,-0.00054868,-0.00051429,-0.00047106,-0.00041916,-0.00036027,-0.00029949,-0.00025056
-1.4898e-05,-1.3676e-05,-1.2135e-05,-1.0583e-05,-9.124e-06,-7.7925e-06,-6.6011e-06,-5.5553e-06,-4.6595e-06,-3.9185e-06,-3.3383e-06,-2.9258e-06,-2.6889e-06,-2.6368e-06,-2.7792e-06,-3.1269e-06,-3.6911e-06,-4.484e-06,-5.5181e-06,-6.8063e-06,-8.3621e-06,-1.0199e-05,-1.2332e-05,-1.4774e-05,-1.754e-05,-2.0645e-05,-2.4102e-05,-2.7926e-05,-3.2131e-05,-3.6731e-05,-4.1737e-05,-4.7165e-05,-5.3024e-05,-5.9326e-05,-6.6081e-05,-7.3299e-05,-8.0986e-05,-8.915e-05,-9.7795e-05,-0.00010692,-0.00011654,-0.00012664,-0.00013722,-0.00014827,-0.0001598,-0.00017179,-0.00018422,-0.00019709,-0.00021038,-0.00022406,-0.00023811,-0.00025252,-0.00026725,-0.00028226,-0.00029754,-0.00031305,-0.00032873,-0.00034457,-0.00036051,-0.0003765,-0.00039251,-0.00040847,-0.00042433,-0.00044004,-0.00045553,-0.00047073,-0.00048556,-0.00049994,-0.00051378,-0.00052698,-0.00053942,-0.00055095,-0.00056141,-0.00057061,-0.00057832,-0.00058425,-0.00058808,-0.00058939,-0.0005877,-0.00058247,-0.00057298,-0.00055852,-0.00053829,-0.00051149,-0.00047749,-0.00043591,-0.00038706,-0.00033253,-0.00027693,-0.00023251
-1.5073e-05,-1.3823e-05,-1.2246e-05,-1.066e-05,-9.1696e-06,-7.8117e-06,-6.5987e-06,-5.5366e-06,-4.6295e-06,-3.8822e-06,-3.3004e-06,-2.8909e-06,-2.6613e-06,-2.6205e-06,-2.7781e-06,-3.1446e-06,-3.7311e-06,-4.5494e-06,-5.6121e-06,-6.9321e-06,-8.5227e-06,-1.0398e-05,-1.2571e-05,-1.5058e-05,-1.7872e-05,-2.1028e-05,-2.454e-05,-2.8423e-05,-3.2691e-05,-3.7358e-05,-4.2438e-05,-4.7943e-05,-5.3885e-05,-6.0275e-05,-6.7125e-05,-7.4442e-05,-8.2234e-05,-9.0508e-05,-9.9267e-05,-0.00010852,-0.00011825,-0.00012848,-0.00013919,-0.00015038,-0.00016203,-0.00017414,-0.0001867,-0.00019968,-0.00021307,-0.00022684,-0.00024097,-0.00025543,-0.00027019,-0.0002852,-0.00030045,-0.00031587,-0.00033144,-0.0003471,-0.0003628,-0.00037849,-0.00039412,-0.00040962,-0.00042494,-0.00044,-0.00045473,-0.00046905,-0.0004829,-0.00049616,-0.00050874,-0.00052054,-0.00053143,-0.00054127,-0.0005499,-0.00055713,-0.00056275,-0.00056649,-0.00056806,-0.00056709,-0.00056317,-0.00055583,-0.0005445,-0.00052857,-0.00050739,-0.00048038,-0.00044707,-0.00040725,-0.00036129,-0.0003107,-0.00025962,-0.00021908
-1.508e-05,-1.3808e-05,-1.2205e-05,-1.0592e-05,-9.0782e-06,-7.7004e-06,-6.4717e-06,-5.3981e-06,-4.4838e-06,-3.7335e-06,-3.1529e-06,-2.7485e-06,-2.528e-06,-2.4999e-06,-2.6738e-06,-3.0599e-06,-3.6693e-06,-4.5138e-06,-5.6058e-06,-6.9581e-06,-8.5843e-06,-1.0498e-05,-1.2714e-05,-1.5246e-05,-1.8109e-05,-2.1318e-05,-2.4887e-05,-2.8832e-05,-3.3166e-05,-3.7905e-05,-4.3061e-05,-4.8648e-05,-5.4678e-05,-6.1162e-05,-6.8112e-05,-7.5535e-05,-8.344e-05,-9.1832e-05,-0.00010072,-0.00011009,-0.00011997,-0.00013033,-0.00014118,-0.00015251,-0.00016431,-0.00017656,-0.00018925,-0.00020236,-0.00021587,-0.00022975,-0.00024397,-0.00025849,-0.00027329,-0.00028833,-0.00030355,-0.00031891,-0.00033437,-0.00034988,-0.00036536,-0.00038078,-0.00039605,-0.00041112,-0.00042592,-0.00044037,-0.0004544,-0.00046791,-0.00048083,-0.00049305,-0.00050448,-0.00051499,-0.00052448,-0.00053279,-0.00053978,-0.00054527,-0.00054906,-0.00055092,-0.00055058,-0.00054773,-0.00054202,-0.00053301,-0.00052026,-0.00050328,-0.00048156,-0.00045466,-0.00042223,-0.0003842,-0.00034095,-0.0002939,-0.00024679,-0.0002096
-1.4915e-05,-1.3629e-05,-1.2007e-05,-1.0376e-05,-8.8466e-06,-7.4558e-06,-6.2174e-06,-5.1374e-06,-4.2203e-06,-3.4709e-06,-2.8946e-06,-2.4981e-06,-2.2888e-06,-2.2753e-06,-2.467e-06,-2.8741e-06,-3.5076e-06,-4.3793e-06,-5.5015e-06,-6.8872e-06,-8.5498e-06,-1.0503e-05,-1.2762e-05,-1.5341e-05,-1.8255e-05,-2.1519e-05,-2.5148e-05,-2.9157e-05,-3.356e-05,-3.8374e-05,-4.361e-05,-4.9284e-05,-5.5407e-05,-6.1991e-05,-6.9047e-05,-7.6584e-05,-8.461e-05,-9.3129e-05,-0.00010215,-0.00011166,-0.00012168,-0.0001322,-0.0001432,-0.00015468,-0.00016664,-0.00017904,-0.00019189,-0.00020514,-0.00021878,-0.00023279,-0.00024711,-0.00026173,-0.00027659,-0.00029166,-0.00030688,-0.00032221,-0.00033758,-0.00035295,-0.00036825,-0.00038341,-0.00039836,-0.00041304,-0.00042736,-0.00044125,-0.00045462,-0.00046738,-0.00047945,-0.00049071,-0.00050108,-0.00051043,-0.00051865,-0.0005256,-0.00053114,-0.00053511,-0.00053731,-0.00053756,-0.00053561,-0.0005312,-0.00052402,-0.00051372,-0.00049993,-0.00048225,-0.00046029,-0.00043372,-0.0004023,-0.00036603,-0.00032531,-0.00028143,-0.00023782,-0.00020354
-1.4578e-05,-1.3283e-05,-1.1651e-05,-1.001e-05,-8.4724e-06,-7.0755e-06,-5.8335e-06,-4.7527e-06,-3.8377e-06,-3.0932e-06,-2.5248e-06,-2.1392e-06,-1.9438e-06,-1.9471e-06,-2.1585e-06,-2.5882e-06,-3.2473e-06,-4.1474e-06,-5.301e-06,-6.7212e-06,-8.4216e-06,-1.0416e-05,-1.272e-05,-1.5347e-05,-1.8313e-05,-2.1634e-05,-2.5325e-05,-2.9401e-05,-3.3877e-05,-3.8768e-05,-4.409e-05,-4.9855e-05,-5.6076e-05,-6.2766e-05,-6.9935e-05,-7.7593e-05,-8.5747e-05,-9.4403e-05,-0.00010356,-0.00011323,-0.00012341,-0.00013408,-0.00014525,-0.0001569,-0.00016903,-0.00018161,-0.00019461,-0.00020803,-0.00022183,-0.00023597,-0.00025042,-0.00026515,-0.00028009,-0.00029521,-0.00031046,-0.00032577,-0.00034109,-0.00035635,-0.00037149,-0.00038642,-0.00040109,-0.00041541,-0.0004293,-0.00044268,-0.00045545,-0.00046753,-0.00047882,-0.00048922,-0.00049863,-0.00050693,-0.00051402,-0.00051976,-0.00052402,-0.00052666,-0.00052751,-0.00052639,-0.0005231,-0.00051741,-0.00050906,-0.00049776,-0.00048322,-0.00046512,-0.00044315,-0.00041706,-0.00038671,-0.00035214,-0.00031375,-0.00027273,-0.00023221,-0.00020048
-1.4067e-05,-1.277e-05,-1.1135e-05,-9.4925e-06,-7.9539e-06,-6.5579e-06,-5.3186e-06,-4.2425e-06,-3.3345e-06,-2.5993e-06,-2.0427e-06,-1.6713e-06,-1.4926e-06,-1.5152e-06,-1.7486e-06,-2.2028e-06,-2.889e-06,-3.8191e-06,-5.0055e-06,-6.4615e-06,-8.2009e-06,-1.0238e-05,-1.2587e-05,-1.5265e-05,-1.8285e-05,-2.1665e-05,-2.542e-05,-2.9565e-05,-3.4117e-05,-3.909e-05,-4.45e-05,-5.0361e-05,-5.6686e-05,-6.3487e-05,-7.0776e-05,-7.8562e-05,-8.6853e-05,-9.5654e-05,-0.00010497,-0.0001148,-0.00012514,-0.00013599,-0.00014734,-0.00015918,-0.00017149,-0.00018425,-0.00019744,-0.00021104,-0.00022501,-0.00023931,-0.00025391,-0.00026876,-0.00028382,-0.00029902,-0.00031431,-0.00032963,-0.00034492,-0.0003601,-0.00037511,-0.00038986,-0.00040428,-0.00041829,-0.00043179,-0.00044471,-0.00045694,-0.0004684,-0.000479,-0.00048862,-0.00049717,-0.00050454,-0.00051063,-0.00051531,-0.00051846,-0.00051995,-0.00051964,-0.00051737,-0.00051298,-0.00050624,-0.00049697,-0.00048493,-0.00046987,-0.00045155,-0.00042974,-0.00040425,-0.00037499,-0.00034204,-0.0003058,-0.00026736,-0.00022957,-0.00020008
-1.3381e-05,-1.2088e-05,-1.0459e-05,-8.822e-06,-7.2901e-06,-5.9018e-06,-4.6715e-06,-3.6058e-06,-2.7098e-06,-1.9885e-06,-1.4476e-06,-1.094e-06,-9.3515e-07,-9.7975e-07,-1.2373e-06,-1.7181e-06,-2.4333e-06,-3.3949e-06,-4.6156e-06,-6.1087e-06,-7.8883e-06,-9.9691e-06,-1.2366e-05,-1.5095e-05,-1.8172e-05,-2.1612e-05,-2.5433e-05,-2.965e-05,-3.428e-05,-3.9339e-05,-4.4841e-05,-5.0802e-05,-5.7236e-05,-6.4155e-05,-7.157e-05,-7.9492e-05,-8.7927e-05,-9.6882e-05,-0.00010636,-0.00011636,-0.00012688,-0.00013792,-0.00014946,-0.0001615,-0.00017401,-0.00018698,-0.00020037,-0.00021417,-0.00022833,-0.00024282,-0.00025759,-0.00027259,-0.00028777,-0.00030308,-0.00031845,-0.00033381,-0.0003491,-0.00036424,-0.00037915,-0.00039375,-0.00040797,-0.0004217,-0.00043487,-0.00044738,-0.00045914,-0.00047006,-0.00048003,-0.00048896,-0.00049676,-0.00050331,-0.00050852,-0.00051227,-0.00051446,-0.00051497,-0.00051367,-0.00051044,-0.00050513,-0.00049757,-0.00048759,-0.00047501,-0.00045962,-0.00044125,-0.00041972,-0.00039489,-0.00036672,-0.00033531,-0.00030104,-0.00026492,-0.00022958,-0.00020207
-1.2523e-05,-1.1239e-05,-9.6218e-06,-7.9984e-06,-6.4804e-06,-5.1066e-06,-3.8915e-06,-2.8419e-06,-1.9631e-06,-1.2602e-06,-7.3919e-07,-4.0686e-07,-2.7101e-07,-3.4035e-07,-6.2449e-07,-1.1339e-06,-1.8799e-06,-2.8747e-06,-4.1311e-06,-5.6627e-06,-7.4839e-06,-9.6097e-06,-1.2055e-05,-1.4837e-05,-1.7971e-05,-2.1474e-05,-2.5363e-05,-2.9655e-05,-3.4366e-05,-3.9513e-05,-4.5112e-05,-5.1178e-05,-5.7725e-05,-6.4767e-05,-7.2315e-05,-8.0379e-05,-8.8967e-05,-9.8085e-05,-0.00010774,-0.00011792,-0.00012863,-0.00013987,-0.00015162,-0.00016387,-0.0001766,-0.00018979,-0.00020341,-0.00021742,-0.0002318,-0.00024649,-0.00026145,-0.00027663,-0.00029197,-0.00030741,-0.00032288,-0.00033831,-0.00035364,-0.00036876,-0.00038362,-0.00039812,-0.00041217,-0.00042568,-0.00043857,-0.00045073,-0.00046208,-0.00047252,-0.00048195,-0.00049028,-0.00049741,-0.00050325,-0.00050769,-0.00051065,-0.00051202,-0.00051169,-0.00050958,-0.00050556,-0.0004995,-0.00049129,-0.00048077,-0.00046781,-0.00045225,-0.00043395,-0.00041278,-0.00038865,-0.00036156,-0.0003316,-0.00029914,-0.00026512,-0.00023196,-0.00020621
-1.1491e-05,-1.0222e-05,-8.6243e-06,-7.0217e-06,-5.5247e-06,-4.1721e-06,-2.9783e-06,-1.9505e-06,-1.094e-06,-4.1409e-07,8.3055e-08,3.9044e-07,5.0014e-07,4.0329e-07,9.0124e-08,-4.5002e-07,-1.2286e-06,-2.2581e-06,-3.5516e-06,-5.123e-06,-6.9869e-06,-9.1587e-06,-1.1654e-05,-1.449e-05,-1.7683e-05,-2.125e-05,-2.5209e-05,-2.9577e-05,-3.4372e-05,-3.961e-05,-4.5309e-05,-5.1483e-05,-5.8149e-05,-6.5319e-05,-7.3006e-05,-8.122e-05,-8.9969e-05,-9.9259e-05,-0.00010909,-0.00011947,-0.00013039,-0.00014184,-0.00015382,-0.0001663,-0.00017926,-0.00019269,-0.00020655,-0.0002208,-0.00023541,-0.00025033,-0.00026551,-0.00028089,-0.00029642,-0.00031202,-0.00032762,-0.00034316,-0.00035855,-0.0003737,-0.00038854,-0.00040297,-0.00041691,-0.00043025,-0.00044291,-0.00045478,-0.00046578,-0.00047582,-0.00048478,-0.00049259,-0.00049915,-0.00050437,-0.00050816,-0.00051044,-0.0005111,-0.00051008,-0.00050728,-0.00050261,-0.00049598,-0.00048726,-0.00047636,-0.00046316,-0.00044754,-0.00042941,-0.00040866,-0.00038525,-0.00035919,-0.00033059,-0.0002998,-0.00026768,-0.00023648,-0.00021231
-1.0287e-05,-9.038e-06,-7.4671e-06,-5.8924e-06,-4.4235e-06,-3.0985e-06,-1.9321e-06,-9.3156e-07,-1.0229e-07,5.501e-07,1.0193e-06,1.2982e-06,1.3787e-06,1.2516e-06,9.0708e-07,3.3422e-07,-4.7871e-07,-1.5443e-06,-2.8761e-06,-4.4883e-06,-6.396e-06,-8.6148e-06,-1.1161e-05,-1.4052e-05,-1.7305e-05,-2.0937e-05,-2.4968e-05,-2.9414e-05,-3.4295e-05,-3.9627e-05,-4.5428e-05,-5.1715e-05,-5.8503e-05,-6.5807e-05,-7.3638e-05,-8.2009e-05,-9.0926e-05,-0.0001004,-0.00011042,-0.00012101,-0.00013214,-0.00014382,-0.00015603,-0.00016876,-0.00018198,-0.00019566,-0.00020978,-0.0002243,-0.00023917,-0.00025434,-0.00026976,-0.00028537,-0.00030111,-0.0003169,-0.00033268,-0.00034835,-0.00036384,-0.00037906,-0.00039392,-0.00040833,-0.0004222,-0.00043542,-0.0004479,-0.00045955,-0.00047026,-0.00047996,-0.00048853,-0.0004959,-0.00050198,-0.00050668,-0.00050992,-0.00051162,-0.0005117,-0.0005101,-0.00050675,-0.00050156,-0.00049447,-0.00048538,-0.00047421,-0.00046088,-0.0004453,-0.0004274,-0.00040712,-0.00038443,-0.00035936,-0.00033203,-0.00030277,-0.00027238,-0.00024295,-0.00022019
-8.9124e-06,-7.6891e-06,-6.1513e-06,-4.6116e-06,-3.1774e-06,-1.8864e-06,-7.5327e-07,2.1468e-07,1.0118e-06,1.6323e-06,2.0697e-06,2.3167e-06,2.3649e-06,2.205e-06,1.827e-06,1.2195e-06,3.7077e-07,-7.3229e-07,-2.1034e-06,-3.7573e-06,-5.7094e-06,-7.9758e-06,-1.0574e-05,-1.352e-05,-1.6834e-05,-2.0533e-05,-2.4636e-05,-2.9162e-05,-3.4129e-05,-3.9558e-05,-4.5465e-05,-5.1867e-05,-5.8782e-05,-6.6223e-05,-7.4205e-05,-8.2738e-05,-9.1832e-05,-0.00010149,-0.00011172,-0.00012252,-0.00013389,-0.00014581,-0.00015827,-0.00017126,-0.00018475,-0.00019871,-0.00021311,-0.00022791,-0.00024306,-0.00025851,-0.0002742,-0.00029007,-0.00030605,-0.00032207,-0.00033804,-0.00035389,-0.00036952,-0.00038485,-0.00039978,-0.00041421,-0.00042805,-0.0004412,-0.00045356,-0.00046504,-0.00047553,-0.00048495,-0.00049321,-0.00050022,-0.0005059,-0.00051016,-0.00051294,-0.00051416,-0.00051377,-0.0005117,-0.00050791,-0.00050232,-0.00049488,-0.00048552,-0.00047418,-0.00046081,-0.00044534,-0.00042772,-0.00040793,-0.00038595,-0.00036183,-0.00033569,-0.00030784,-0.00027902,-0.00025119,-0.00022971
-7.3694e-06,-6.1766e-06,-4.6786e-06,-3.1805e-06,-1.7876e-06,-5.3678e-07,5.5743e-07,1.4876e-06,2.2478e-06,2.8322e-06,3.2341e-06,3.4459e-06,3.459e-06,3.264e-06,2.8504e-06,2.2068e-06,1.3209e-06,1.7936e-07,-1.2319e-06,-2.9281e-06,-4.9249e-06,-7.2394e-06,-9.8888e-06,-1.2891e-05,-1.6266e-05,-2.0031e-05,-2.4208e-05,-2.8814e-05,-3.3871e-05,-3.9397e-05,-4.5412e-05,-5.1933e-05,-5.8977e-05,-6.6561e-05,-7.4698e-05,-8.34e-05,-9.2677e-05,-0.00010253,-0.00011298,-0.000124,-0.00013561,-0.00014778,-0.00016051,-0.00017378,-0.00018755,-0.00020181,-0.00021651,-0.00023162,-0.00024708,-0.00026283,-0.00027882,-0.00029498,-0.00031124,-0.00032751,-0.00034372,-0.00035978,-0.00037559,-0.00039106,-0.0004061,-0.0004206,-0.00043446,-0.00044759,-0.00045989,-0.00047125,-0.00048159,-0.0004908,-0.00049881,-0.00050553,-0.00051088,-0.0005148,-0.0005172,-0.00051804,-0.00051726,-0.00051482,-0.00051069,-0.0005048,-0.00049711,-0.00048757,-0.00047614,-0.0004628,-0.00044749,-0.00043019,-0.0004109,-0.00038961,-0.00036639,-0.00034136,-0.0003148,-0.00028742,-0.00026104,-0.00024072
-5.6599e-06,-4.5027e-06,-3.0508e-06,-1.601e-06,-2.5571e-07,9.4899e-07,1.9988e-06,2.8861e-06,3.605e-06,4.1494e-06,4.5122e-06,4.6858e-06,4.6613e-06,4.4289e-06,3.978e-06,3.2969e-06,2.3728e-06,1.1921e-06,-2.5982e-07,-1.9984e-06,-4.0403e-06,-6.4026e-06,-9.1035e-06,-1.2162e-05,-1.5597e-05,-1.943e-05,-2.3679e-05,-2.8367e-05,-3.3513e-05,-3.9138e-05,-4.5262e-05,-5.1904e-05,-5.9081e-05,-6.6811e-05,-7.5108e-05,-8.3984e-05,-9.3451e-05,-0.00010351,-0.00011418,-0.00012544,-0.00013729,-0.00014973,-0.00016275,-0.00017631,-0.00019039,-0.00020496,-0.00021999,-0.00023542,-0.00025121,-0.0002673,-0.00028361,-0.00030009,-0.00031665,-0.00033322,-0.0003497,-0.000366,-0.00038203,-0.00039769,-0.00041288,-0.00042749,-0.00044143,-0.0004546,-0.00046688,-0.00047819,-0.00048842,-0.0004975,-0.00050533,-0.00051183,-0.00051693,-0.00052056,-0.00052267,-0.00052321,-0.00052213,-0.00051942,-0.00051502,-0.00050891,-0.00050105,-0.0004914,-0.00047996,-0.00046669,-0.00045159,-0.00043463,-0.00041584,-0.00039523,-0.00037285,-0.00034885,-0.00032348,-0.00029741,-0.00027237,-0.0002531
-3.7867e-06,-2.6698e-06,-1.2703e-06,1.247e-07,1.4162e-06,2.5691e-06,3.5692e-06,4.409e-06,5.0824e-06,5.5829e-06,5.9034e-06,6.036e-06,5.9716e-06,5.7e-06,5.2104e-06,4.4906e-06,3.5276e-06,2.3074e-06,8.1475e-07,-9.6623e-07,-3.0526e-06,-5.4624e-06,-8.2143e-06,-1.1328e-05,-1.4824e-05,-1.8722e-05,-2.3045e-05,-2.7814e-05,-3.3049e-05,-3.8774e-05,-4.5008e-05,-5.1772e-05,-5.9084e-05,-6.6963e-05,-7.5424e-05,-8.4479e-05,-9.4141e-05,-0.00010442,-0.00011531,-0.00012681,-0.00013893,-0.00015165,-0.00016496,-0.00017883,-0.00019324,-0.00020815,-0.00022352,-0.0002393,-0.00025545,-0.00027189,-0.00028856,-0.00030539,-0.00032229,-0.00033918,-0.00035597,-0.00037255,-0.00038884,-0.00040473,-0.00042012,-0.0004349,-0.00044896,-0.0004622,-0.00047453,-0.00048583,-0.00049603,-0.00050502,-0.00051273,-0.00051908,-0.000524,-0.00052743,-0.00052931,-0.00052962,-0.00052833,-0.00052541,-0.00052083,-0.00051457,-0.0005066,-0.00049691,-0.0004855,-0.00047236,-0.00045748,-0.00044089,-0.00042258,-0.00040261,-0.00038104,-0.00035799,-0.00033372,-0.00030886,-0.00028503,-0.00026673
-1.7528e-06,-6.8104e-07,6.5992e-07,1.994e-06,3.2258e-06,4.3213e-06,5.2668e-06,6.0546e-06,6.6783e-06,7.1316e-06,7.4069e-06,7.496e-06,7.3896e-06,7.0774e-06,6.5479e-06,5.7888e-06,4.7865e-06,3.5267e-06,1.9937e-06,1.7093e-07,-1.9593e-06,-4.4155e-06,-7.2172e-06,-1.0385e-05,-1.394e-05,-1.7904e-05,-2.2298e-05,-2.7147e-05,-3.2472e-05,-3.8296e-05,-4.4641e-05,-5.1527e-05,-5.8977e-05,-6.7006e-05,-7.5634e-05,-8.4873e-05,-9.4734e-05,-0.00010523,-0.00011636,-0.00012812,-0.00014051,-0.00015352,-0.00016714,-0.00018133,-0.00019608,-0.00021135,-0.00022708,-0.00024324,-0.00025977,-0.00027659,-0.00029365,-0.00031086,-0.00032813,-0.00034538,-0.00036251,-0.00037942,-0.00039601,-0.00041217,-0.0004278,-0.00044278,-0.00045702,-0.00047039,-0.00048281,-0.00049417,-0.00050438,-0.00051335,-0.000521,-0.00052726,-0.00053206,-0.00053535,-0.00053708,-0.00053723,-0.00053579,-0.00053274,-0.00052804,-0.00052168,-0.00051366,-0.00050398,-0.00049265,-0.00047966,-0.00046503,-0.0004488,-0.00043097,-0.00041161,-0.00039079,-0.00036862,-0.00034537,-0.00032162,-0.0002989,-0.00028149
4.3832e-07,1.4602e-06,2.7366e-06,4.0037e-06,5.17e-06,6.203e-06,7.089e-06,7.8206e-06,8.3911e-06,8.7939e-06,9.0214e-06,9.0649e-06,8.9149e-06,8.5607e-06,7.9907e-06,7.1919e-06,6.1505e-06,4.8515e-06,3.2789e-06,1.4153e-06,-7.5736e-07,-3.2585e-06,-6.1085e-06,-9.3286e-06,-1.2941e-05,-1.6968e-05,-2.1433e-05,-2.636e-05,-3.1773e-05,-3.7696e-05,-4.4151e-05,-5.116e-05,-5.8747e-05,-6.6929e-05,-7.5725e-05,-8.515e-05,-9.5217e-05,-0.00010593,-0.0001173,-0.00012933,-0.00014201,-0.00015532,-0.00016926,-0.0001838,-0.0001989,-0.00021454,-0.00023066,-0.00024722,-0.00026415,-0.00028139,-0.00029885,-0.00031647,-0.00033415,-0.00035179,-0.0003693,-0.00038658,-0.00040351,-0.00041999,-0.0004359,-0.00045114,-0.00046559,-0.00047915,-0.00049171,-0.00050318,-0.00051346,-0.00052246,-0.00053011,-0.00053634,-0.00054108,-0.00054428,-0.00054592,-0.00054598,-0.00054446,-0.00054132,-0.00053655,-0.00053016,-0.00052214,-0.0005125,-0.00050127,-0.00048846,-0.00047409,-0.00045821,-0.00044085,-0.00042206,-0.00040194,-0.00038059,-0.00035828,-0.00033555,-0.00031387,-0.00029728
2.7825e-06,3.7499e-06,4.956e-06,6.1501e-06,7.2454e-06,8.2108e-06,9.033e-06,9.7043e-06,1.0218e-05,1.0568e-05,1.0745e-05,1.0741e-05,1.0547e-05,1.015e-05,9.5387e-06,8.7003e-06,7.6203e-06,6.283e-06,4.6719e-06,2.7692e-06,5.5576e-07,-1.9884e-06,-4.8844e-06,-8.1545e-06,-1.1822e-05,-1.591e-05,-2.0443e-05,-2.5447e-05,-3.0945e-05,-3.6964e-05,-4.3528e-05,-5.066e-05,-5.8383e-05,-6.6718e-05,-7.5685e-05,-8.5298e-05,-9.5573e-05,-0.00010652,-0.00011814,-0.00013043,-0.0001434,-0.00015703,-0.0001713,-0.00018619,-0.00020167,-0.0002177,-0.00023423,-0.00025121,-0.00026857,-0.00028624,-0.00030415,-0.00032221,-0.00034032,-0.0003584,-0.00037633,-0.000394,-0.00041132,-0.00042815,-0.00044439,-0.00045993,-0.00047465,-0.00048844,-0.0005012,-0.00051282,-0.00052322,-0.00053231,-0.00054001,-0.00054626,-0.00055099,-0.00055417,-0.00055577,-0.0005558,-0.00055424,-0.00055107,-0.00054629,-0.00053989,-0.00053191,-0.00052235,-0.00051124,-0.00049862,-0.00048452,-0.00046898,-0.00045206,-0.00043382,-0.00041434,-0.00039375,-0.0003723,-0.00035052,-0.0003298,-0.00031397
5.2751e-06,6.1834e-06,7.3134e-06,8.4289e-06,9.448e-06,1.0341e-05,1.1095e-05,1.1703e-05,1.2157e-05,1.2451e-05,1.2576e-05,1.2524e-05,1.2283e-05,1.1843e-05,1.1191e-05,1.0314e-05,9.1962e-06,7.8221e-06,6.1743e-06,4.2343e-06,1.9826e-06,-6.0188e-07,-3.5411e-06,-6.8581e-06,-1.0577e-05,-1.4723e-05,-1.9321e-05,-2.4398e-05,-2.998e-05,-3.6092e-05,-4.2762e-05,-5.0015e-05,-5.7873e-05,-6.6361e-05,-7.5497e-05,-8.5301e-05,-9.5785e-05,-0.00010696,-0.00011883,-0.00013141,-0.00014468,-0.00015863,-0.00017324,-0.0001885,-0.00020437,-0.0002208,-0.00023776,-0.00025518,-0.00027299,-0.00029113,-0.00030951,-0.00032804,-0.00034662,-0.00036516,-0.00038355,-0.00040166,-0.0004194,-0.00043663,-0.00045325,-0.00046913,-0.00048416,-0.00049823,-0.00051123,-0.00052306,-0.00053364,-0.00054286,-0.00055066,-0.00055698,-0.00056176,-0.00056497,-0.00056658,-0.00056662,-0.00056507,-0.00056191,-0.00055714,-0.00055079,-0.00054286,-0.0005334,-0.00052244,-0.00051001,-0.00049617,-0.00048096,-0.00046446,-0.00044672,-0.00042784,-0.00040796,-0.00038731,-0.0003664,-0.00034657,-0.00033146
7.9106e-06,8.7554e-06,9.8038e-06,1.0835e-05,1.1773e-05,1.2589e-05,1.3271e-05,1.3812e-05,1.4204e-05,1.444e-05,1.4512e-05,1.441e-05,1.4123e-05,1.364e-05,1.2948e-05,1.2032e-05,1.0878e-05,9.4692e-06,7.787e-06,5.8125e-06,3.5253e-06,9.0374e-07,-2.0751e-06,-5.4355e-06,-9.2024e-06,-1.3402e-05,-1.8061e-05,-2.3207e-05,-2.8868e-05,-3.5071e-05,-4.1844e-05,-4.9214e-05,-5.7205e-05,-6.5843e-05,-7.5149e-05,-8.5141e-05,-9.5836e-05,-0.00010725,-0.00011938,-0.00013223,-0.0001458,-0.00016008,-0.00017506,-0.00019069,-0.00020696,-0.00022382,-0.00024122,-0.0002591,-0.00027739,-0.00029602,-0.00031489,-0.00033393,-0.00035301,-0.00037205,-0.00039093,-0.00040952,-0.00042772,-0.00044539,-0.00046242,-0.00047869,-0.00049408,-0.00050848,-0.00052177,-0.00053386,-0.00054464,-0.00055405,-0.00056201,-0.00056844,-0.00057331,-0.00057659,-0.00057826,-0.00057836,-0.00057686,-0.00057374,-0.00056902,-0.00056273,-0.00055489,-0.00054555,-0.00053473,-0.0005225,-0.00050891,-0.00049401,-0.00047789,-0.00046062,-0.0004423,-0.00042306,-0.00040315,-0.00038306,-0.00036406,-0.00034963
1.0683e-05,1.146e-05,1.2421e-05,1.3363e-05,1.4215e-05,1.495e-05,1.5557e-05,1.6028e-05,1.6356e-05,1.6532e-05,1.6549e-05,1.6397e-05,1.6064e-05,1.5538e-05,1.4807e-05,1.3855e-05,1.2666e-05,1.1225e-05,9.5106e-06,7.5047e-06,5.1856e-06,2.5309e-06,-4.8355e-07,-3.8827e-06,-7.6929e-06,-1.1942e-05,-1.6657e-05,-2.1867e-05,-2.7602e-05,-3.3891e-05,-4.0762e-05,-4.8245e-05,-5.6366e-05,-6.5151e-05,-7.4623e-05,-8.4803e-05,-9.5708e-05,-0.00010735,-0.00011974,-0.00013288,-0.00014676,-0.00016138,-0.00017671,-0.00019274,-0.00020943,-0.00022672,-0.00024458,-0.00026294,-0.00028173,-0.00030087,-0.00032027,-0.00033983,-0.00035945,-0.00037902,-0.00039842,-0.00041753,-0.00043623,-0.00045438,-0.00047187,-0.00048857,-0.00050436,-0.00051913,-0.00053276,-0.00054514,-0.00055619,-0.00056583,-0.00057398,-0.00058057,-0.00058557,-0.00058896,-0.00059075,-0.00059093,-0.0005895,-0.00058646,-0.00058182,-0.00057561,-0.00056787,-0.00055865,-0.00054798,-0.00053594,-0.00052259,-0.00050798,-0.00049221,-0.00047537,-0.00045756,-0.00043892,-0.00041969,-0.00040036,-0.00038215,-0.00036835
1.3586e-05,1.429e-05,1.516e-05,1.6007e-05,1.6769e-05,1.7419e-05,1.7947e-05,1.8346e-05,1.8607e-05,1.8723e-05,1.8684e-05,1.8481e-05,1.8103e-05,1.7535e-05,1.6766e-05,1.5779e-05,1.4559e-05,1.3087e-05,1.1345e-05,9.3116e-06,6.9648e-06,4.2813e-06,1.2363e-06,-2.1966e-06,-6.0447e-06,-1.0337e-05,-1.5102e-05,-2.0371e-05,-2.6174e-05,-3.2542e-05,-3.9507e-05,-4.7097e-05,-5.5342e-05,-6.4269e-05,-7.3904e-05,-8.4268e-05,-9.538e-05,-0.00010726,-0.0001199,-0.00013333,-0.00014752,-0.00016248,-0.00017819,-0.00019461,-0.00021172,-0.00022947,-0.00024781,-0.00026666,-0.00028597,-0.00030564,-0.00032559,-0.00034571,-0.00036589,-0.00038602,-0.00040598,-0.00042564,-0.00044488,-0.00046355,-0.00048154,-0.00049872,-0.00051495,-0.00053013,-0.00054413,-0.00055686,-0.00056822,-0.00057812,-0.0005865,-0.0005933,-0.00059847,-0.00060201,-0.00060394,-0.00060424,-0.00060291,-0.00059997,-0.00059542,-0.00058931,-0.00058168,-0.00057257,-0.00056206,-0.00055019,-0.00053705,-0.00052272,-0.00050727,-0.00049082,-0.00047347,-0.00045538,-0.00043679,-0.00041817,-0.00040069,-0.0003875
1.6611e-05,1.7239e-05,1.8011e-05,1.876e-05,1.9426e-05,1.9989e-05,2.0436e-05,2.0759e-05,2.0953e-05,2.1007e-05,2.0913e-05,2.0659e-05,2.0236e-05,1.9628e-05,1.8823e-05,1.7804e-05,1.6555e-05,1.5057e-05,1.329e-05,1.1233e-05,8.8634e-06,6.1564e-06,3.0862e-06,-3.745e-07,-4.2543e-06,-8.5831e-06,-1.3392e-05,-1.8712e-05,-2.4576e-05,-3.1017e-05,-3.8067e-05,-4.5758e-05,-5.4121e-05,-6.3185e-05,-7.2976e-05,-8.3519e-05,-9.4835e-05,-0.00010694,-0.00011984,-0.00013355,-0.00014806,-0.00016336,-0.00017944,-0.00019627,-0.00021381,-0.00023203,-0.00025085,-0.00027022,-0.00029006,-0.00031029,-0.00033081,-0.00035151,-0.00037228,-0.00039301,-0.00041356,-0.00043381,-0.00045361,-0.00047285,-0.00049137,-0.00050906,-0.00052578,-0.00054141,-0.00055583,-0.00056894,-0.00058065,-0.00059086,-0.00059951,-0.00060654,-0.00061192,-0.00061564,-0.00061773,-0.00061818,-0.00061697,-0.00061414,-0.0006097,-0.00060369,-0.00059617,-0.00058719,-0.00057681,-0.00056511,-0.00055216,-0.00053806,-0.0005229,-0.00050679,-0.00048987,-0.00047228,-0.00045428,-0.00043633,-0.00041955,-0.00040694
1.9749e-05,2.0298e-05,2.0968e-05,2.1613e-05,2.2181e-05,2.2652e-05,2.3015e-05,2.3263e-05,2.3387e-05,2.3379e-05,2.3229e-05,2.2926e-05,2.2459e-05,2.1813e-05,2.0974e-05,1.9926e-05,1.8651e-05,1.713e-05,1.5344e-05,1.3268e-05,1.0881e-05,8.1563e-06,5.0673e-06,1.5855e-06,-2.3188e-06,-6.6771e-06,-1.1521e-05,-1.6885e-05,-2.2803e-05,-2.9308e-05,-3.6435e-05,-4.4219e-05,-5.2691e-05,-6.1883e-05,-7.1824e-05,-8.2539e-05,-9.4052e-05,-0.00010638,-0.00011953,-0.00013352,-0.00014835,-0.00016399,-0.00018045,-0.00019768,-0.00021567,-0.00023435,-0.00025367,-0.00027357,-0.00029396,-0.00031476,-0.00033587,-0.00035718,-0.00037857,-0.00039992,-0.00042109,-0.00044195,-0.00046237,-0.00048219,-0.00050129,-0.00051953,-0.00053677,-0.00055289,-0.00056777,-0.0005813,-0.00059339,-0.00060394,-0.0006129,-0.0006202,-0.00062581,-0.00062973,-0.00063202,-0.00063262,-0.00063156,-0.00062885,-0.00062453,-0.00061863,-0.00061121,-0.00060234,-0.00059208,-0.00058052,-0.00056774,-0.00055385,-0.00053894,-0.00052314,-0.00050659,-0.00048946,-0.00047201,-0.00045469,-0.00043858,-0.00042653
2.2992e-05,2.3457e-05,2.4021e-05,2.4558e-05,2.5024e-05,2.5401e-05,2.5678e-05,2.5848e-05,2.5902e-05,2.5832e-05,2.5627e-05,2.5276e-05,2.4767e-05,2.4085e-05,2.3215e-05,2.2141e-05,2.0844e-05,1.9306e-05,1.7504e-05,1.5416e-05,1.3017e-05,1.0281e-05,7.1799e-06,3.6845e-06,-2.3662e-07,-4.6159e-06,-9.4873e-06,-1.4886e-05,-2.0847e-05,-2.7407e-05,-3.4602e-05,-4.2468e-05,-5.104e-05,-6.035e-05,-7.0431e-05,-8.131e-05,-9.3011e-05,-0.00010556,-0.00011896,-0.00013322,-0.00014835,-0.00016434,-0.00018117,-0.00019881,-0.00021724,-0.00023639,-0.00025622,-0.00027666,-0.00029761,-0.000319,-0.00034072,-0.00036266,-0.00038469,-0.00040668,-0.0004285,-0.00045001,-0.00047107,-0.00049152,-0.00051123,-0.00053005,-0.00054785,-0.0005645,-0.00057987,-0.00059385,-0.00060635,-0.00061728,-0.00062657,-0.00063416,-0.00064003,-0.0006442,-0.00064669,-0.00064747,-0.00064655,-0.00064397,-0.00063976,-0.00063397,-0.00062665,-0.00061787,-0.00060772,-0.00059627,-0.00058363,-0.0005699,-0.00055521,-0.00053968,-0.00052347,-0.00050676,-0.00048981,-0.00047309,-0.00045762,-0.00044611
2.6329e-05,2.6706e-05,2.716e-05,2.7586e-05,2.7947e-05,2.8227e-05,2.8417e-05,2.8508e-05,2.8493e-05,2.836e-05,2.8101e-05,2.7704e-05,2.7154e-05,2.6439e-05,2.5541e-05,2.4445e-05,2.3131e-05,2.1579e-05,1.9767e-05,1.7672e-05,1.5268e-05,1.2528e-05,9.4232e-06,5.9223e-06,1.9932e-06,-2.3981e-06,-7.2868e-06,-1.2709e-05,-1.8704e-05,-2.5307e-05,-3.2559e-05,-4.0496e-05,-4.9156e-05,-5.8574e-05,-6.8783e-05,-7.9814e-05,-9.1694e-05,-0.00010444,-0.00011808,-0.00013261,-0.00014804,-0.00016437,-0.00018156,-0.00019962,-0.00021848,-0.00023811,-0.00025846,-0.00027943,-0.00030096,-0.00032295,-0.0003453,-0.00036788,-0.00039056,-0.00041323,-0.00043572,-0.00045791,-0.00047963,-0.00050074,-0.00052109,-0.00054053,-0.00055892,-0.00057613,-0.00059202,-0.0006065,-0.00061944,-0.00063077,-0.00064042,-0.00064833,-0.00065448,-0.00065891,-0.00066161,-0.00066257,-0.00066181,-0.00065936,-0.00065526,-0.00064955,-0.00064232,-0.00063362,-0.00062354,-0.00061218,-0.00059965,-0.00058605,-0.00057153,-0.00055623,-0.00054031,-0.00052398,-0.00050751,-0.00049135,-0.00047651,-0.00046554
2.9748e-05,3.0034e-05,3.0374e-05,3.0686e-05,3.0939e-05,3.1121e-05,3.1222e-05,3.1234e-05,3.1148e-05,3.0955e-05,3.0643e-05,3.0201e-05,2.9614e-05,2.8868e-05,2.7946e-05,2.6832e-05,2.5505e-05,2.3946e-05,2.213e-05,2.0035e-05,1.7633e-05,1.4896e-05,1.1795e-05,8.2978e-06,4.3701e-06,-2.2917e-08,-4.9182e-06,-1.0354e-05,-1.637e-05,-2.3005e-05,-3.03e-05,-3.8296e-05,-4.703e-05,-5.6542e-05,-6.6866e-05,-7.8036e-05,-9.0081e-05,-0.00010302,-0.00011688,-0.00013167,-0.00014739,-0.00016404,-0.0001816,-0.00020005,-0.00021936,-0.00023947,-0.00026032,-0.00028184,-0.00030395,-0.00032655,-0.00034953,-0.00037277,-0.00039613,-0.00041948,-0.00044267,-0.00046556,-0.00048797,-0.00050977,-0.00053079,-0.00055087,-0.00056989,-0.00058768,-0.00060413,-0.00061912,-0.00063254,-0.0006443,-0.00065433,-0.00066258,-0.00066903,-0.00067372,-0.00067663,-0.00067778,-0.00067718,-0.00067485,-0.00067085,-0.00066523,-0.00065805,-0.00064941,-0.00063938,-0.00062807,-0.00061561,-0.00060211,-0.00058772,-0.0005726,-0.00055694,-0.00054095,-0.00052492,-0.0005093,-0.00049507,-0.00048462
3.3236e-05,3.343e-05,3.3652e-05,3.3846e-05,3.399e-05,3.4072e-05,3.4084e-05,3.4016e-05,3.3861e-05,3.3608e-05,3.3245e-05,3.2759e-05,3.2138e-05,3.1365e-05,3.0423e-05,2.9295e-05,2.7961e-05,2.64e-05,2.4587e-05,2.2498e-05,2.0106e-05,1.7381e-05,1.4293e-05,1.0808e-05,6.8925e-06,2.5086e-06,-2.3816e-06,-7.818e-06,-1.3842e-05,-2.0495e-05,-2.782e-05,-3.5859e-05,-4.4654e-05,-5.4244e-05,-6.4667e-05,-7.5961e-05,-8.8154e-05,-0.00010127,-0.00011534,-0.00013037,-0.00014637,-0.00016333,-0.00018125,-0.00020009,-0.00021982,-0.0002404,-0.00026176,-0.00028383,-0.00030652,-0.00032973,-0.00035335,-0.00037725,-0.0004013,-0.00042536,-0.00044927,-0.00047287,-0.000496,-0.0005185,-0.00054021,-0.00056098,-0.00058063,-0.00059905,-0.00061608,-0.0006316,-0.00064552,-0.00065773,-0.00066816,-0.00067677,-0.00068352,-0.00068848,-0.00069162,-0.00069295,-0.0006925,-0.00069028,-0.00068637,-0.0006808,-0.00067367,-0.00066504,-0.00065503,-0.00064374,-0.00063131,-0.00061786,-0.00060356,-0.00058859,-0.00057314,-0.00055746,-0.00054184,-0.00052675,-0.0005131,-0.00050318
3.678e-05,3.6878e-05,3.6981e-05,3.7055e-05,3.7088e-05,3.7069e-05,3.699e-05,3.6844e-05,3.6621e-05,3.6309e-05,3.5897e-05,3.5371e-05,3.4718e-05,3.3922e-05,3.2964e-05,3.1828e-05,3.0492e-05,2.8934e-05,2.7131e-05,2.5056e-05,2.2681e-05,1.9978e-05,1.6912e-05,1.345e-05,9.5573e-06,5.1944e-06,3.218e-07,-5.1019e-06,-1.112e-05,-1.7776e-05,-2.5115e-05,-3.3182e-05,-4.2019e-05,-5.167e-05,-6.2175e-05,-7.3573e-05,-8.5897e-05,-9.9177e-05,-0.00011344,-0.00012869,-0.00014495,-0.00016221,-0.00018046,-0.00019967,-0.00021982,-0.00024086,-0.00026272,-0.00028533,-0.00030859,-0.00033242,-0.00035668,-0.00038126,-0.000406,-0.00043077,-0.00045541,-0.00047974,-0.00050361,-0.00052684,-0.00054926,-0.00057072,-0.00059105,-0.0006101,-0.00062773,-0.00064382,-0.00065825,-0.00067093,-0.00068178,-0.00069074,-0.00069781,-0.00070304,-0.0007064,-0.00070791,-0.00070759,-0.00070548,-0.00070162,-0.00069609,-0.00068897,-0.00068033,-0.0006703,-0.00065899,-0.00064654,-0.0006331,-0.00061884,-0.00060397,-0.00058871,-0.0005733,-0.00055807,-0.00054348,-0.00053042,-0.00052102
4.0366e-05,4.0366e-05,4.0346e-05,4.0299e-05,4.0219e-05,4.0099e-05,3.9931e-05,3.9706e-05,3.9415e-05,3.9047e-05,3.8588e-05,3.8025e-05,3.7344e-05,3.6529e-05,3.556e-05,3.4421e-05,3.3088e-05,3.1541e-05,2.9754e-05,2.7701e-05,2.5353e-05,2.2679e-05,1.9646e-05,1.6219e-05,1.236e-05,8.0307e-06,3.1893e-06,-2.2071e-06,-8.2037e-06,-1.4847e-05,-2.2184e-05,-3.0259e-05,-3.912e-05,-4.8812e-05,-5.9379e-05,-7.0861e-05,-8.3295e-05,-9.6713e-05,-0.00011114,-0.0001266,-0.00014309,-0.00016063,-0.00017919,-0.00019877,-0.00021932,-0.0002408,-0.00026315,-0.00028628,-0.00031011,-0.00033454,-0.00035945,-0.00038469,-0.00041014,-0.00043563,-0.00046099,-0.00048607,-0.00051068,-0.00053466,-0.00055781,-0.00057998,-0.000601,-0.00062071,-0.00063896,-0.00065562,-0.00067059,-0.00068375,-0.00069502,-0.00070436,-0.00071174,-0.00071723,-0.00072081,-0.00072249,-0.00072229,-0.00072025,-0.00071643,-0.0007109,-0.00070375,-0.00069506,-0.00068497,-0.00067359,-0.00066108,-0.0006476,-0.00063335,-0.00061854,-0.00060341,-0.00058825,-0.00057338,-0.00055928,-0.0005468,-0.00053792
4.3977e-05,4.3877e-05,4.3734e-05,4.3564e-05,4.337e-05,4.3149e-05,4.2891e-05,4.2589e-05,4.2233e-05,4.1809e-05,4.1306e-05,4.071e-05,4.0005e-05,3.9174e-05,3.82e-05,3.7063e-05,3.5741e-05,3.4211e-05,3.2449e-05,3.0425e-05,2.8112e-05,2.5478e-05,2.2488e-05,1.9107e-05,1.5295e-05,1.1013e-05,6.2175e-06,8.6383e-07,-5.0951e-06,-1.1708e-05,-1.9024e-05,-2.7089e-05,-3.5954e-05,-4.5665e-05,-5.6271e-05,-6.7814e-05,-8.0334e-05,-9.3865e-05,-0.00010844,-0.00012407,-0.00014078,-0.00015857,-0.00017743,-0.00019734,-0.00021827,-0.00024017,-0.00026298,-0.00028662,-0.00031101,-0.00033603,-0.00036157,-0.00038748,-0.00041361,-0.00043982,-0.00046592,-0.00049175,-0.00051712,-0.00054184,-0.00056574,-0.00058863,-0.00061035,-0.00063073,-0.00064961,-0.00066687,-0.00068237,-0.00069602,-0.00070773,-0.00071744,-0.00072514,-0.00073088,-0.00073466,-0.00073648,-0.00073638,-0.00073439,-0.00073058,-0.00072501,-0.00071779,-0.00070901,-0.00069881,-0.00068731,-0.00067469,-0.00066113,-0.00064683,-0.00063204,-0.00061702,-0.00060207,-0.00058754,-0.00057392,-0.00056202,-0.00055367
4.7596e-05,4.7395e-05,4.7127e-05,4.6833e-05,4.6526e-05,4.6203e-05,4.5857e-05,4.5479e-05,4.5059e-05,4.4583e-05,4.4038e-05,4.3411e-05,4.2686e-05,4.1844e-05,4.0869e-05,3.9739e-05,3.8434e-05,3.6929e-05,3.5198e-05,3.3214e-05,3.0946e-05,2.8363e-05,2.5429e-05,2.2108e-05,1.8359e-05,1.4139e-05,9.4056e-06,4.1096e-06,-1.7962e-06,-8.3607e-06,-1.5635e-05,-2.3669e-05,-3.2515e-05,-4.2222e-05,-5.2843e-05,-6.4423e-05,-7.7003e-05,-9.0619e-05,-0.00010531,-0.00012109,-0.00013798,-0.00015599,-0.00017512,-0.00019533,-0.00021661,-0.00023891,-0.00026216,-0.00028629,-0.00031121,-0.00033681,-0.00036296,-0.00038952,-0.00041634,-0.00044326,-0.00047009,-0.00049666,-0.00052278,-0.00054826,-0.00057291,-0.00059653,-0.00061896,-0.00064001,-0.00065954,-0.00067739,-0.00069344,-0.00070758,-0.00071972,-0.0007298,-0.00073781,-0.00074379,-0.00074775,-0.0007497,-0.00074966,-0.00074769,-0.00074384,-0.0007382,-0.00073086,-0.00072195,-0.00071158,-0.00069991,-0.00068713,-0.00067343,-0.00065904,-0.00064422,-0.00062927,-0.0006145,-0.0006003,-0.00058715,-0.00057583,-0.00056802
5.1206e-05,5.0903e-05,5.0509e-05,5.0092e-05,4.9672e-05,4.9248e-05,4.8815e-05,4.8362e-05,4.7879e-05,4.7353e-05,4.677e-05,4.6116e-05,4.5373e-05,4.4525e-05,4.3553e-05,4.2437e-05,4.1153e-05,3.9679e-05,3.7987e-05,3.605e-05,3.3837e-05,3.1316e-05,2.8449e-05,2.52e-05,2.1527e-05,1.7386e-05,1.2732e-05,7.5161e-06,1.6881e-06,-4.8031e-06,-1.2011e-05,-1.9988e-05,-2.8791e-05,-3.8475e-05,-4.9087e-05,-6.0676e-05,-7.3286e-05,-8.6959e-05,-0.00010173,-0.00011763,-0.00013468,-0.00015288,-0.00017223,-0.00019272,-0.00021432,-0.00023698,-0.00026064,-0.00028523,-0.00031065,-0.0003368,-0.00036354,-0.00039073,-0.00041821,-0.00044582,-0.00047338,-0.00050069,-0.00052756,-0.00055378,-0.00057917,-0.00060353,-0.00062667,-0.0006484,-0.00066857,-0.00068702,-0.00070362,-0.00071825,-0.00073082,-0.00074126,-0.00074956,-0.00075577,-0.00075988,-0.00076192,-0.00076191,-0.00075991,-0.00075599,-0.00075022,-0.00074272,-0.00073361,-0.00072302,-0.00071113,-0.00069813,-0.00068424,-0.0006697,-0.00065482,-0.00063989,-0.00062528,-0.00061139,-0.00059871,-0.00058798,-0.00058072
5.4788e-05,5.4384e-05,5.3864e-05,5.3324e-05,5.2791e-05,5.2268e-05,5.1749e-05,5.1224e-05,5.0681e-05,5.0108e-05,4.9489e-05,4.881e-05,4.8054e-05,4.7204e-05,4.6239e-05,4.5141e-05,4.3885e-05,4.2447e-05,4.0802e-05,3.8921e-05,3.6771e-05,3.432e-05,3.1532e-05,2.8367e-05,2.4783e-05,2.0737e-05,1.6179e-05,1.1062e-05,5.3325e-06,-1.0626e-06,-8.1787e-06,-1.6073e-05,-2.4801e-05,-3.4422e-05,-4.4988e-05,-5.655e-05,-6.9157e-05,-8.2857e-05,-9.7687e-05,-0.00011367,-0.00013084,-0.00014919,-0.00016873,-0.00018946,-0.00021134,-0.00023432,-0.00025836,-0.00028337,-0.00030926,-0.00033592,-0.00036322,-0.00039101,-0.00041914,-0.00044742,-0.00047567,-0.0005037,-0.0005313,-0.00055827,-0.0005844,-0.00060948,-0.00063332,-0.00065573,-0.00067654,-0.00069558,-0.00071272,-0.00072783,-0.00074082,-0.00075161,-0.00076019,-0.00076659,-0.00077082,-0.00077291,-0.0007729,-0.00077083,-0.00076678,-0.00076083,-0.00075311,-0.00074374,-0.00073287,-0.0007207,-0.00070742,-0.00069327,-0.00067855,-0.00066355,-0.00064862,-0.00063414,-0.00062054,-0.00060832,-0.00059819,-0.00059149
5.8326e-05,5.782e-05,5.7176e-05,5.6514e-05,5.5869e-05,5.5249e-05,5.4646e-05,5.4051e-05,5.3451e-05,5.2832e-05,5.2181e-05,5.1481e-05,5.0715e-05,4.9866e-05,4.8914e-05,4.7837e-05,4.6615e-05,4.5221e-05,4.3628e-05,4.1809e-05,3.9731e-05,3.7361e-05,3.4661e-05,3.1592e-05,2.8112e-05,2.4174e-05,1.973e-05,1.473e-05,9.1191e-06,2.8426e-06,-4.1572e-06,-1.1939e-05,-2.0564e-05,-3.0089e-05,-4.0573e-05,-5.207e-05,-6.4635e-05,-7.8314e-05,-9.3151e-05,-0.00010918,-0.00012642,-0.00014489,-0.00016459,-0.00018551,-0.00020763,-0.0002309,-0.00025527,-0.00028066,-0.00030697,-0.00033411,-0.00036193,-0.00039028,-0.00041901,-0.00044793,-0.00047686,-0.00050558,-0.00053389,-0.00056158,-0.00058842,-0.00061421,-0.00063875,-0.00066182,-0.00068326,-0.00070288,-0.00072055,-0.00073613,-0.00074952,-0.00076064,-0.00076946,-0.00077602,-0.00078034,-0.00078245,-0.00078238,-0.00078018,-0.00077595,-0.00076977,-0.00076176,-0.00075206,-0.00074085,-0.00072832,-0.0007147,-0.00070025,-0.00068527,-0.00067011,-0.00065514,-0.00064077,-0.00062745,-0.00061569,-0.00060617,-0.00060006
6.1799e-05,6.1193e-05,6.0426e-05,5.9643e-05,5.889e-05,5.8174e-05,5.749e-05,5.6827e-05,5.6172e-05,5.5512e-05,5.4831e-05,5.4113e-05,5.3341e-05,5.2497e-05,5.1561e-05,5.0512e-05,4.9328e-05,4.7982e-05,4.645e-05,4.47e-05,4.2702e-05,4.0421e-05,3.782e-05,3.4859e-05,3.1494e-05,2.768e-05,2.3366e-05,1.8501e-05,1.303e-05,6.8949e-06,3.6667e-08,-7.6058e-06,-1.6094e-05,-2.5491e-05,-3.5857e-05,-4.7251e-05,-5.973e-05,-7.3344e-05,-8.814e-05,-0.00010416,-0.00012142,-0.00013995,-0.00015976,-0.00018083,-0.00020313,-0.00022664,-0.0002513,-0.00027703,-0.00030372,-0.00033128,-0.00035958,-0.00038845,-0.00041774,-0.00044726,-0.00047682,-0.0005062,-0.00053519,-0.00056356,-0.0005911,-0.00061758,-0.00064278,-0.0006665,-0.00068854,-0.00070873,-0.0007269,-0.00074293,-0.0007567,-0.00076812,-0.00077716,-0.00078385,-0.00078821,-0.00079028,-0.00079009,-0.00078772,-0.00078323,-0.00077674,-0.00076838,-0.00075829,-0.00074666,-0.0007337,-0.00071967,-0.00070485,-0.00068957,-0.0006742,-0.00065914,-0.00064485,-0.00063181,-0.00062052,-0.00061163,-0.00060611
6.5189e-05,6.4485e-05,6.3597e-05,6.2697e-05,6.1838e-05,6.103e-05,6.0267e-05,5.9539e-05,5.8833e-05,5.8133e-05,5.7426e-05,5.6693e-05,5.5918e-05,5.5083e-05,5.4167e-05,5.315e-05,5.2008e-05,5.0717e-05,4.9249e-05,4.7576e-05,4.5665e-05,4.3483e-05,4.099e-05,3.8148e-05,3.4912e-05,3.1236e-05,2.7068e-05,2.2357e-05,1.7045e-05,1.1075e-05,4.3837e-06,-3.0906e-06,-1.1413e-05,-2.0647e-05,-3.0857e-05,-4.2107e-05,-5.4455e-05,-6.7957e-05,-8.2662e-05,-9.8614e-05,-0.00011585,-0.00013438,-0.00015422,-0.00017538,-0.00019782,-0.00022151,-0.0002464,-0.0002724,-0.00029943,-0.00032737,-0.00035609,-0.00038544,-0.00041524,-0.0004453,-0.00047545,-0.00050544,-0.00053506,-0.00056408,-0.00059228,-0.00061941,-0.00064524,-0.00066957,-0.00069219,-0.00071292,-0.00073158,-0.00074802,-0.00076214,-0.00077384,-0.00078305,-0.00078981,-0.00079416,-0.00079614,-0.00079578,-0.00079315,-0.00078835,-0.00078148,-0.00077268,-0.00076212,-0.00074999,-0.00073653,-0.00072202,-0.00070676,-0.00069111,-0.00067548,-0.00066031,-0.00064607,-0.00063329,-0.00062247,-0.00061422,-0.00060933
6.8477e-05,6.7677e-05,6.6671e-05,6.5658e-05,6.4696e-05,6.3799e-05,6.2961e-05,6.2171e-05,6.1416e-05,6.0681e-05,5.995e-05,5.9205e-05,5.8431e-05,5.7608e-05,5.6716e-05,5.5734e-05,5.4639e-05,5.3407e-05,5.201e-05,5.0419e-05,4.8603e-05,4.6526e-05,4.4152e-05,4.1439e-05,3.8344e-05,3.4819e-05,3.0814e-05,2.6274e-05,2.1143e-05,1.5359e-05,8.8616e-06,1.5842e-06,-6.5391e-06,-1.5576e-05,-2.5592e-05,-3.6654e-05,-4.8825e-05,-6.2165e-05,-7.6727e-05,-9.2558e-05,-0.0001097,-0.00012817,-0.00014799,-0.00016916,-0.00019166,-0.00021546,-0.0002405,-0.00026672,-0.00029402,-0.00032229,-0.00035138,-0.00038115,-0.00041141,-0.00044198,-0.00047264,-0.00050319,-0.00053339,-0.00056301,-0.00059181,-0.00061954,-0.00064597,-0.00067087,-0.00069404,-0.00071526,-0.00073436,-0.00075118,-0.00076561,-0.00077754,-0.00078689,-0.00079367,-0.00079795,-0.00079976,-0.00079916,-0.00079621,-0.000791,-0.00078367,-0.00077435,-0.00076323,-0.00075052,-0.00073648,-0.0007214,-0.00070563,-0.00068955,-0.00067361,-0.00065828,-0.00064408,-0.00063154,-0.00062121,-0.00061361,-0.00060938
7.1643e-05,7.0751e-05,6.9632e-05,6.8509e-05,6.7449e-05,6.6466e-05,6.5557e-05,6.4709e-05,6.3909e-05,6.314e-05,6.2388e-05,6.1636e-05,6.0865e-05,6.0056e-05,5.9191e-05,5.8248e-05,5.7204e-05,5.6035e-05,5.4713e-05,5.3211e-05,5.1495e-05,4.9532e-05,4.7284e-05,4.471e-05,4.1767e-05,3.8407e-05,3.4579e-05,3.0228e-05,2.5297e-05,1.9724e-05,1.3444e-05,6.3927e-06,-1.4998e-06,-1.0303e-05,-2.0085e-05,-3.0917e-05,-4.2863e-05,-5.5988e-05,-7.035e-05,-8.5999e-05,-0.00010298,-0.00012132,-0.00014104,-0.00016215,-0.00018464,-0.00020847,-0.00023359,-0.00025994,-0.00028743,-0.00031594,-0.00034533,-0.00037545,-0.00040612,-0.00043714,-0.00046829,-0.00049936,-0.0005301,-0.00056025,-0.00058958,-0.00061786,-0.00064481,-0.00067023,-0.00069389,-0.00071555,-0.00073504,-0.0007522,-0.00076689,-0.00077899,-0.00078843,-0.00079517,-0.0007993,-0.00080088,-0.00079995,-0.00079659,-0.0007909,-0.00078301,-0.00077308,-0.0007613,-0.00074792,-0.0007332,-0.00071748,-0.00070112,-0.00068454,-0.00066823,-0.0006527,-0.00063851,-0.00062621,-0.00061636,-0.00060947,-0.00060594
7.4669e-05,7.3688e-05,7.2462e-05,7.1234e-05,7.008e-05,6.9017e-05,6.804e-05,6.7138e-05,6.6295e-05,6.5497e-05,6.4728e-05,6.3969e-05,6.3204e-05,6.2413e-05,6.1578e-05,6.0676e-05,5.9686e-05,5.8584e-05,5.7341e-05,5.5931e-05,5.4321e-05,5.2478e-05,5.0364e-05,4.7938e-05,4.5158e-05,4.1975e-05,3.8338e-05,3.4193e-05,2.948e-05,2.4138e-05,1.8103e-05,1.1305e-05,3.6755e-06,-4.8577e-06,-1.4366e-05,-2.4922e-05,-3.6595e-05,-4.9452e-05,-6.3555e-05,-7.896e-05,-9.5713e-05,-0.00011385,-0.0001334,-0.00015437,-0.00017675,-0.00020052,-0.00022564,-0.00025203,-0.00027961,-0.00030827,-0.00033787,-0.00036825,-0.00039924,-0.00043063,-0.0004622,-0.00049372,-0.00052494,-0.00055561,-0.00058546,-0.00061424,-0.00064169,-0.00066756,-0.0006916,-0.00071364,-0.00073345,-0.00075087,-0.00076576,-0.00077798,-0.00078743,-0.00079405,-0.00079796,-0.00079921,-0.00079787,-0.00079401,-0.00078774,-0.00077919,-0.00076853,-0.000756,-0.00074183,-0.00072634,-0.00070988,-0.00069285,-0.0006757,-0.00065895,-0.00064318,-0.00062896,-0.00061688,-0.00060757,-0.00060146,-0.00059868
7.7537e-05,7.6473e-05,7.5144e-05,7.3817e-05,7.2575e-05,7.1436e-05,7.0396e-05,6.9443e-05,6.8562e-05,6.7738e-05,6.6953e-05,6.6191e-05,6.5434e-05,6.4663e-05,6.3859e-05,6.3002e-05,6.2068e-05,6.1034e-05,5.9874e-05,5.856e-05,5.7061e-05,5.5342e-05,5.3368e-05,5.1099e-05,4.849e-05,4.5495e-05,4.2062e-05,3.8137e-05,3.3661e-05,2.8572e-05,2.2804e-05,1.6288e-05,8.9524e-06,7.2438e-07,-8.4704e-06,-1.8706e-05,-3.0056e-05,-4.259e-05,-5.6374e-05,-7.1468e-05,-8.7924e-05,-0.00010578,-0.00012508,-0.00014582,-0.00016801,-0.00019163,-0.00021663,-0.00024296,-0.00027053,-0.00029924,-0.00032894,-0.00035949,-0.00039069,-0.00042235,-0.00045424,-0.00048613,-0.00051776,-0.00054885,-0.00057916,-0.00060839,-0.00063629,-0.00066258,-0.00068702,-0.0007094,-0.0007295,-0.00074711,-0.00076209,-0.00077431,-0.00078368,-0.0007901,-0.00079369,-0.00079452,-0.00079265,-0.00078819,-0.00078121,-0.00077188,-0.00076039,-0.00074697,-0.00073191,-0.00071553,-0.00069823,-0.00068043,-0.00066262,-0.00064537,-0.00062928,-0.00061503,-0.00060326,-0.00059455,-0.00058926,-0.00058726
8.023e-05,7.9087e-05,7.7662e-05,7.6243e-05,7.492e-05,7.371e-05,7.2612e-05,7.1612e-05,7.0696e-05,6.9848e-05,6.9051e-05,6.8287e-05,6.754e-05,6.6791e-05,6.602e-05,6.5208e-05,6.4332e-05,6.3369e-05,6.2294e-05,6.1078e-05,5.9692e-05,5.8103e-05,5.6274e-05,5.4166e-05,5.1737e-05,4.8939e-05,4.5722e-05,4.2031e-05,3.7808e-05,3.299e-05,2.7512e-05,2.1303e-05,1.4292e-05,6.4038e-06,-2.4378e-06,-1.2309e-05,-2.3286e-05,-3.5441e-05,-4.8845e-05,-6.3562e-05,-7.9648e-05,-9.7149e-05,-0.0001161,-0.00013653,-0.00015843,-0.00018179,-0.00020658,-0.00023274,-0.00026019,-0.00028883,-0.00031852,-0.00034911,-0.00038041,-0.00041223,-0.00044434,-0.00047648,-0.00050841,-0.00053984,-0.0005705,-0.0006001,-0.00062837,-0.00065502,-0.0006798,-0.00070246,-0.00072278,-0.00074055,-0.0007556,-0.0007678,-0.00077703,-0.00078316,-0.00078633,-0.00078662,-0.00078409,-0.00077884,-0.00077101,-0.00076077,-0.00074831,-0.00073388,-0.00071779,-0.00070039,-0.0006821,-0.0006634,-0.00064486,-0.00062708,-0.00061072,-0.00059648,-0.00058505,-0.00057698,-0.00057255,-0.00057136
8.273e-05,8.1514e-05,8.0002e-05,7.8499e-05,7.7099e-05,7.5826e-05,7.4674e-05,7.3632e-05,7.2684e-05,7.1815e-05,7.1008e-05,7.0245e-05,6.9509e-05,6.8782e-05,6.8046e-05,6.7279e-05,6.6462e-05,6.5571e-05,6.4581e-05,6.3465e-05,6.2194e-05,6.0737e-05,5.9056e-05,5.7115e-05,5.4871e-05,5.2277e-05,4.9285e-05,4.584e-05,4.1884e-05,3.7356e-05,3.2188e-05,2.6311e-05,1.9652e-05,1.2136e-05,3.6855e-06,-5.7783e-06,-1.6333e-05,-2.8056e-05,-4.1019e-05,-5.529e-05,-7.0931e-05,-8.7993e-05,-0.00010652,-0.00012653,-0.00014804,-0.00017104,-0.0001955,-0.00022138,-0.00024859,-0.00027703,-0.00030658,-0.00033709,-0.00036837,-0.00040021,-0.0004324,-0.00046469,-0.00049679,-0.00052844,-0.00055935,-0.00058922,-0.00061776,-0.00064467,-0.00066969,-0.00069255,-0.00071302,-0.00073088,-0.00074593,-0.00075804,-0.00076706,-0.00077282,-0.00077548,-0.00077512,-0.00077182,-0.0007657,-0.00075689,-0.00074558,-0.00073199,-0.0007164,-0.00069913,-0.00068058,-0.00066121,-0.00064156,-0.00062222,-0.00060388,-0.00058722,-0.000573,-0.00056191,-0.00055449,-0.00055094,-0.00055059
8.5022e-05,8.3741e-05,8.2149e-05,8.057e-05,7.9102e-05,7.777e-05,7.657e-05,7.549e-05,7.4515e-05,7.3628e-05,7.2812e-05,7.2051e-05,7.1327e-05,7.0623e-05,6.9921e-05,6.9201e-05,6.8442e-05,6.7622e-05,6.6717e-05,6.5701e-05,6.4546e-05,6.3221e-05,6.1691e-05,5.9919e-05,5.7864e-05,5.5481e-05,5.2721e-05,4.9531e-05,4.5854e-05,4.1629e-05,3.6789e-05,3.1266e-05,2.4986e-05,1.7873e-05,9.8483e-06,8.3299e-07,-9.2532e-06,-2.0489e-05,-3.2951e-05,-4.671e-05,-6.1831e-05,-7.8372e-05,-9.6378e-05,-0.00011588,-0.0001369,-0.00015943,-0.00018344,-0.00020891,-0.00023575,-0.00026386,-0.00029314,-0.00032342,-0.00035453,-0.00038627,-0.0004184,-0.00045068,-0.00048283,-0.00051457,-0.0005456,-0.00057561,-0.0006043,-0.00063137,-0.00065652,-0.00067949,-0.0007,-0.00071785,-0.00073282,-0.00074475,-0.00075347,-0.00075876,-0.00076081,-0.00075969,-0.00075551,-0.00074838,-0.00073846,-0.00072595,-0.0007111,-0.0006942,-0.00067563,-0.00065582,-0.00063527,-0.00061457,-0.00059438,-0.00057541,-0.00055843,-0.0005442,-0.00053344,-0.00052668,-0.00052405,-0.00052458
8.7093e-05,8.5754e-05,8.4092e-05,8.2445e-05,8.0917e-05,7.9533e-05,7.8291e-05,7.7177e-05,7.6177e-05,7.5274e-05,7.4452e-05,7.3694e-05,7.2983e-05,7.2302e-05,7.1633e-05,7.0958e-05,7.0256e-05,6.9506e-05,6.8685e-05,6.7768e-05,6.6728e-05,6.5534e-05,6.4154e-05,6.2552e-05,6.0688e-05,5.8518e-05,5.5995e-05,5.3068e-05,4.9679e-05,4.5769e-05,4.1273e-05,3.6122e-05,3.0243e-05,2.356e-05,1.5995e-05,7.466e-06,-2.1071e-06,-1.2805e-05,-2.4708e-05,-3.7889e-05,-5.2418e-05,-6.8356e-05,-8.5753e-05,-0.00010465,-0.00012506,-0.00014701,-0.00017046,-0.00019538,-0.00022171,-0.00024936,-0.00027821,-0.00030812,-0.00033891,-0.00037038,-0.00040231,-0.00043443,-0.00046648,-0.00049816,-0.00052916,-0.00055918,-0.00058789,-0.00061498,-0.00064014,-0.00066308,-0.00068354,-0.00070126,-0.00071603,-0.00072766,-0.00073598,-0.00074073,-0.00074204,-0.00074004,-0.00073484,-0.00072657,-0.0007154,-0.00070155,-0.00068528,-0.00066695,-0.00064694,-0.00062573,-0.00060389,-0.00058205,-0.00056092,-0.00054126,-0.0005239,-0.00050963,-0.0004992,-0.00049314,-0.00049146,-0.00049292
8.893e-05,8.7541e-05,8.5819e-05,8.4113e-05,8.2533e-05,8.1105e-05,7.9826e-05,7.8683e-05,7.7662e-05,7.6746e-05,7.5919e-05,7.5164e-05,7.4466e-05,7.3807e-05,7.317e-05,7.2538e-05,7.189e-05,7.1208e-05,7.0468e-05,6.9647e-05,6.8718e-05,6.7654e-05,6.6423e-05,6.4989e-05,6.3316e-05,6.136e-05,5.9076e-05,5.6414e-05,5.332e-05,4.9734e-05,4.5593e-05,4.0829e-05,3.5371e-05,2.9142e-05,2.2064e-05,1.4057e-05,5.0372e-06,-5.0761e-06,-1.6364e-05,-2.8904e-05,-4.277e-05,-5.8025e-05,-7.4726e-05,-9.2916e-05,-0.00011262,-0.00013386,-0.00015662,-0.00018087,-0.00020655,-0.00023358,-0.00026186,-0.00029123,-0.00032154,-0.00035258,-0.00038413,-0.00041593,-0.0004477,-0.00047915,-0.00050998,-0.00053984,-0.00056842,-0.00059538,-0.00062041,-0.00064319,-0.00066345,-0.00068091,-0.00069535,-0.00070656,-0.00071435,-0.00071849,-0.00071894,-0.00071591,-0.00070954,-0.00069998,-0.0006874,-0.00067204,-0.00065421,-0.00063427,-0.00061268,-0.00058994,-0.00056668,-0.00054358,-0.0005214,-0.00050099,-0.00048319,-0.00046886,-0.00045876,-0.00045342,-0.00045274,-0.00045516
9.0522e-05,8.9093e-05,8.732e-05,8.5566e-05,8.3943e-05,8.2478e-05,8.1168e-05,8.0001e-05,7.8962e-05,7.8035e-05,7.7204e-05,7.6453e-05,7.5766e-05,7.5128e-05,7.4521e-05,7.3929e-05,7.3333e-05,7.2714e-05,7.2051e-05,7.1321e-05,7.0501e-05,6.9562e-05,6.8474e-05,6.7206e-05,6.572e-05,6.3976e-05,6.1931e-05,5.9536e-05,5.6739e-05,5.3482e-05,4.9703e-05,4.5338e-05,4.0314e-05,3.4559e-05,2.7993e-05,2.0536e-05,1.2107e-05,2.6211e-06,-8.0023e-06,-1.9843e-05,-3.2978e-05,-4.7474e-05,-6.3392e-05,-8.078e-05,-9.9674e-05,-0.00012009,-0.00014203,-0.00016547,-0.00019036,-0.00021662,-0.00024415,-0.00027283,-0.00030248,-0.00033291,-0.00036389,-0.00039519,-0.00042651,-0.00045755,-0.00048801,-0.00051755,-0.00054582,-0.00057249,-0.00059723,-0.0006197,-0.00063961,-0.00065667,-0.00067063,-0.00068127,-0.0006884,-0.00069179,-0.00069124,-0.00068704,-0.00067934,-0.00066831,-0.00065415,-0.00063712,-0.00061754,-0.00059583,-0.00057247,-0.00054805,-0.00052321,-0.00049872,-0.00047539,-0.00045412,-0.00043583,-0.0004214,-0.00041164,-0.00040703,-0.00040741,-0.00041085
9.1862e-05,9.0401e-05,8.859e-05,8.6798e-05,8.514e-05,8.3646e-05,8.2311e-05,8.1124e-05,8.007e-05,7.9134e-05,7.83e-05,7.7552e-05,7.6877e-05,7.6257e-05,7.5677e-05,7.5121e-05,7.4572e-05,7.4012e-05,7.342e-05,7.2777e-05,7.2058e-05,7.1238e-05,7.0289e-05,6.9179e-05,6.7875e-05,6.6339e-05,6.4528e-05,6.2397e-05,5.9896e-05,5.6969e-05,5.3557e-05,4.9596e-05,4.5018e-05,3.9749e-05,3.3714e-05,2.6832e-05,1.9023e-05,1.0203e-05,2.885e-07,-1.08e-05,-2.3142e-05,-3.6807e-05,-5.1861e-05,-6.8356e-05,-8.6332e-05,-0.00010582,-0.00012681,-0.0001493,-0.00017325,-0.00019858,-0.00022521,-0.00025301,-0.00028182,-0.00031145,-0.00034168,-0.00037227,-0.00040294,-0.00043338,-0.00046328,-0.00049229,-0.00052007,-0.00054627,-0.00057053,-0.00059252,-0.0006119,-0.00062839,-0.00064172,-0.00065164,-0.00065794,-0.00066041,-0.00065873,-0.0006532,-0.00064401,-0.00063133,-0.00061539,-0.00059647,-0.00057495,-0.00055127,-0.00052596,-0.00049965,-0.00047307,-0.00044702,-0.00042241,-0.00040019,-0.00038132,-0.00036676,-0.00035732,-0.00035349,-0.00035497,-0.00035949
9.2942e-05,9.146e-05,8.9621e-05,8.7802e-05,8.6121e-05,8.4604e-05,8.325e-05,8.2048e-05,8.0983e-05,8.0039e-05,7.9203e-05,7.8458e-05,7.7791e-05,7.7187e-05,7.663e-05,7.6107e-05,7.5599e-05,7.5092e-05,7.4565e-05,7.4e-05,7.3375e-05,7.2666e-05,7.1846e-05,7.0888e-05,6.9758e-05,6.8421e-05,6.6838e-05,6.4965e-05,6.2755e-05,6.0155e-05,5.7108e-05,5.3553e-05,4.9425e-05,4.4652e-05,3.916e-05,3.2871e-05,2.5705e-05,1.758e-05,8.4129e-06,-1.8779e-06,-1.3371e-05,-2.6141e-05,-4.0255e-05,-5.577e-05,-7.2732e-05,-9.1171e-05,-0.0001111,-0.00013251,-0.00015537,-0.00017962,-0.00020517,-0.00023191,-0.00025969,-0.00028832,-0.0003176,-0.00034728,-0.00037709,-0.00040671,-0.00043584,-0.00046411,-0.00049119,-0.0005167,-0.00054029,-0.00056159,-0.00058027,-0.000596,-0.0006085,-0.00061753,-0.00062284,-0.00062421,-0.00062125,-0.00061421,-0.00060331,-0.00058878,-0.00057084,-0.00054983,-0.00052614,-0.00050025,-0.00047276,-0.00044436,-0.00041582,-0.00038804,-0.00036199,-0.00033868,-0.00031915,-0.0003044,-0.00029527,-0.00029225,-0.0002949,-0.00030057
9.376e-05,9.2266e-05,9.0412e-05,8.8578e-05,8.6881e-05,8.535e-05,8.3984e-05,8.2771e-05,8.1697e-05,8.0748e-05,7.9909e-05,7.9166e-05,7.8506e-05,7.7914e-05,7.7376e-05,7.6879e-05,7.6407e-05,7.5945e-05,7.5475e-05,7.498e-05,7.4439e-05,7.3831e-05,7.3132e-05,7.2313e-05,7.1347e-05,7.0199e-05,6.8833e-05,6.7208e-05,6.528e-05,6.2999e-05,6.0311e-05,5.7159e-05,5.3479e-05,4.9203e-05,4.4261e-05,3.8575e-05,3.2069e-05,2.4662e-05,1.6271e-05,6.8159e-06,-3.7833e-06,-1.5602e-05,-2.8709e-05,-4.3166e-05,-5.9023e-05,-7.6314e-05,-9.506e-05,-0.00011526,-0.00013688,-0.00015989,-0.0001842,-0.0002097,-0.00023626,-0.0002637,-0.00029181,-0.00032036,-0.00034907,-0.00037765,-0.00040577,-0.00043309,-0.00045924,-0.00048384,-0.00050652,-0.00052692,-0.00054467,-0.00055944,-0.00057092,-0.00057883,-0.00058294,-0.000583,-0.00057865,-0.0005699,-0.00055708,-0.00054045,-0.00052028,-0.00049692,-0.0004708,-0.00044245,-0.00041252,-0.00038177,-0.00035105,-0.00032132,-0.00029362,-0.00026907,-0.00024877,-0.00023376,-0.00022494,-0.00022274,-0.00022663,-0.00023352
9.4314e-05,9.2818e-05,9.0962e-05,8.9124e-05,8.7422e-05,8.5885e-05,8.4512e-05,8.3293e-05,8.2213e-05,8.126e-05,8.0418e-05,7.9676e-05,7.9019e-05,7.8435e-05,7.7911e-05,7.7434e-05,7.6991e-05,7.6565e-05,7.6143e-05,7.5708e-05,7.5241e-05,7.4722e-05,7.413e-05,7.3439e-05,7.2623e-05,7.165e-05,7.0488e-05,6.9098e-05,6.7439e-05,6.5465e-05,6.3125e-05,6.0366e-05,5.7126e-05,5.3344e-05,4.8949e-05,4.387e-05,3.8032e-05,3.1355e-05,2.3761e-05,1.5168e-05,5.4996e-06,-5.3218e-06,-1.7366e-05,-3.0697e-05,-4.5368e-05,-6.1419e-05,-7.8874e-05,-9.774e-05,-0.000118,-0.00013961,-0.00016251,-0.0001866,-0.00021174,-0.00023777,-0.0002645,-0.00029169,-0.00031909,-0.00034638,-0.00037325,-0.00039936,-0.00042432,-0.00044777,-0.00046931,-0.00048857,-0.00050515,-0.00051872,-0.00052894,-0.00053551,-0.00053817,-0.00053668,-0.00053077,-0.0005201,-0.00050515,-0.00048618,-0.00046351,-0.00043751,-0.00040867,-0.00037756,-0.00034489,-0.0003115,-0.0002783,-0.00024636,-0.0002168,-0.00019082,-0.00016959,-0.00015425,-0.00014569,-0.00014435,-0.00014954,-0.00015773
9.4605e-05,9.3119e-05,9.1272e-05,8.9442e-05,8.7744e-05,8.621e-05,8.4837e-05,8.3615e-05,8.2533e-05,8.1576e-05,8.0731e-05,7.9987e-05,7.9331e-05,7.8751e-05,7.8235e-05,7.7771e-05,7.7347e-05,7.695e-05,7.6565e-05,7.6178e-05,7.5773e-05,7.533e-05,7.4831e-05,7.4252e-05,7.357e-05,7.2757e-05,7.1781e-05,7.0609e-05,6.9201e-05,6.7517e-05,6.551e-05,6.3128e-05,6.0316e-05,5.7014e-05,5.3159e-05,4.868e-05,4.3508e-05,3.7566e-05,3.0777e-05,2.3065e-05,1.4351e-05,4.5605e-06,-6.3774e-06,-1.8527e-05,-3.1944e-05,-4.6673e-05,-6.2743e-05,-8.0165e-05,-9.8931e-05,-0.00011901,-0.00014034,-0.00016283,-0.00018637,-0.00021079,-0.00023592,-0.00026153,-0.00028736,-0.00031312,-0.00033849,-0.00036312,-0.00038664,-0.00040866,-0.0004288,-0.00044664,-0.0004618,-0.00047391,-0.00048261,-0.00048758,-0.00048856,-0.00048528,-0.00047749,-0.00046474,-0.0004474,-0.00042581,-0.00040034,-0.00037139,-0.0003395,-0.00030529,-0.00026954,-0.00023315,-0.00019715,-0.00016269,-0.00013099,-0.00010333,-8.1007e-05,-6.5198e-05,-5.6856e-05,-5.6394e-05,-6.2965e-05,-7.2549e-05
9.4638e-05,9.3172e-05,9.1348e-05,8.9537e-05,8.7854e-05,8.6329e-05,8.4962e-05,8.3743e-05,8.2659e-05,8.17e-05,8.0851e-05,8.0103e-05,7.9444e-05,7.8862e-05,7.8348e-05,7.789e-05,7.7477e-05,7.7098e-05,7.6739e-05,7.6388e-05,7.603e-05,7.5648e-05,7.5226e-05,7.4743e-05,7.4177e-05,7.3504e-05,7.2695e-05,7.1719e-05,7.0543e-05,6.9127e-05,6.743e-05,6.5405e-05,6.3e-05,6.0161e-05,5.6828e-05,5.2936e-05,4.8418e-05,4.3203e-05,3.7219e-05,3.0391e-05,2.2643e-05,1.3904e-05,4.1021e-06,-6.8259e-06,-1.8937e-05,-3.2278e-05,-4.6882e-05,-6.2765e-05,-7.9925e-05,-9.8338e-05,-0.00011795,-0.00013869,-0.00016044,-0.00018306,-0.00020637,-0.00023016,-0.00025418,-0.00027815,-0.00030175,-0.00032463,-0.00034643,-0.00036675,-0.00038519,-0.00040134,-0.00041479,-0.00042515,-0.00043205,-0.00043515,-0.00043415,-0.0004288,-0.00041883,-0.0004038,-0.00038378,-0.00035927,-0.00033066,-0.00029841,-0.00026308,-0.00022538,-0.00018614,-0.00014636,-0.00010716,-6.9794e-05,-3.5604e-05,-5.9876e-06,1.767e-05,3.4097e-05,4.2293e-05,4.1868e-05,3.3835e-05,2.2753e-05
9.4421e-05,9.2985e-05,9.1196e-05,8.9415e-05,8.7757e-05,8.625e-05,8.4894e-05,8.3681e-05,8.2599e-05,8.1637e-05,8.0784e-05,8.0029e-05,7.9362e-05,7.8774e-05,7.8254e-05,7.7794e-05,7.7383e-05,7.701e-05,7.6665e-05,7.6336e-05,7.6011e-05,7.5674e-05,7.5312e-05,7.4905e-05,7.4435e-05,7.388e-05,7.3215e-05,7.2413e-05,7.1442e-05,7.027e-05,6.8857e-05,6.7162e-05,6.5138e-05,6.2735e-05,5.9898e-05,5.6569e-05,5.2685e-05,4.818e-05,4.2987e-05,3.7033e-05,3.025e-05,2.2566e-05,1.3915e-05,4.2324e-06,-6.5376e-06,-1.8442e-05,-3.1518e-05,-4.5784e-05,-6.1245e-05,-7.7881e-05,-9.5649e-05,-0.00011448,-0.00013428,-0.0001549,-0.00017619,-0.00019794,-0.00021991,-0.00024183,-0.00026339,-0.00028425,-0.00030403,-0.00032235,-0.00033879,-0.00035294,-0.00036437,-0.00037267,-0.00037746,-0.00037836,-0.00037507,-0.00036731,-0.0003548,-0.00033724,-0.00031428,-0.00028652,-0.00025441,-0.00021845,-0.00017926,-0.00013761,-9.4412e-05,-5.0757e-05,-7.8796e-06,3.2847e-05,6.9948e-05,0.00010189,0.00012718,0.00014443,0.00015259,0.00015127,0.00014169,0.00012899
9.3962e-05,9.2567e-05,9.0825e-05,8.9087e-05,8.7463e-05,8.5981e-05,8.4643e-05,8.3439e-05,8.236e-05,8.1396e-05,8.0536e-05,7.9772e-05,7.9093e-05,7.8492e-05,7.796e-05,7.7488e-05,7.7068e-05,7.6691e-05,7.6347e-05,7.6026e-05,7.5718e-05,7.5409e-05,7.5087e-05,7.4736e-05,7.434e-05,7.3879e-05,7.3333e-05,7.2677e-05,7.1885e-05,7.0925e-05,6.9766e-05,6.8369e-05,6.6693e-05,6.4694e-05,6.2321e-05,5.9522e-05,5.6241e-05,5.2417e-05,4.7987e-05,4.2886e-05,3.705e-05,3.0411e-05,2.2906e-05,1.4474e-05,5.061e-06,-5.3803e-06,-1.6886e-05,-2.948e-05,-4.3168e-05,-5.7936e-05,-7.375e-05,-9.0547e-05,-0.00010824,-0.0001267,-0.00014577,-0.00016527,-0.00018496,-0.00020458,-0.00022383,-0.00024238,-0.00025985,-0.00027586,-0.00028998,-0.00030181,-0.00031089,-0.0003168,-0.00031914,-0.00031751,-0.00031158,-0.00030105,-0.00028566,-0.00026514,-0.00023898,-0.00020761,-0.00017158,-0.00013146,-8.7922e-05,-4.1795e-05,5.9105e-06,5.4008e-05,0.00010114,0.00014578,0.00018631,0.00022105,0.00024834,0.00026669,0.00027496,0.00027278,0.00026155,0.00024709
9.3276e-05,9.1932e-05,9.0249e-05,8.8565e-05,8.6984e-05,8.5534e-05,8.4217e-05,8.3026e-05,8.1952e-05,8.0985e-05,8.0118e-05,7.934e-05,7.8645e-05,7.8025e-05,7.7473e-05,7.6981e-05,7.6542e-05,7.6148e-05,7.5791e-05,7.5463e-05,7.5155e-05,7.4855e-05,7.4553e-05,7.4237e-05,7.3891e-05,7.3499e-05,7.3045e-05,7.2506e-05,7.186e-05,7.1081e-05,7.0139e-05,6.9004e-05,6.7638e-05,6.6002e-05,6.4053e-05,6.1743e-05,5.9024e-05,5.584e-05,5.2136e-05,4.7852e-05,4.2929e-05,3.7306e-05,3.0926e-05,2.373e-05,1.5668e-05,6.6954e-06,-3.224e-06,-1.4113e-05,-2.5981e-05,-3.8818e-05,-5.2593e-05,-6.7251e-05,-8.271e-05,-9.8857e-05,-0.00011555,-0.0001326,-0.00014979,-0.00016688,-0.00018356,-0.00019952,-0.00021439,-0.00022777,-0.00023926,-0.00024842,-0.0002548,-0.00025797,-0.0002575,-0.00025297,-0.00024402,-0.00023033,-0.00021162,-0.00018764,-0.00015806,-0.00012268,-8.2278e-05,-3.7484e-05,1.0967e-05,6.2173e-05,0.00011504,0.00016825,0.00022032,0.00026957,0.00031418,0.0003523,0.00038209,0.0004019,0.00041048,0.00040748,0.00039451,0.00037812
9.2377e-05,9.1094e-05,8.9482e-05,8.7861e-05,8.6332e-05,8.4921e-05,8.3631e-05,8.2456e-05,8.1387e-05,8.0418e-05,7.954e-05,7.8746e-05,7.8029e-05,7.7384e-05,7.6803e-05,7.6281e-05,7.5812e-05,7.5389e-05,7.5006e-05,7.4656e-05,7.433e-05,7.4021e-05,7.3719e-05,7.3414e-05,7.3093e-05,7.2744e-05,7.2351e-05,7.1897e-05,7.1364e-05,7.0729e-05,6.9967e-05,6.9051e-05,6.7952e-05,6.6634e-05,6.5061e-05,6.3192e-05,6.0984e-05,5.8389e-05,5.5359e-05,5.1842e-05,4.7785e-05,4.3133e-05,3.7836e-05,3.1841e-05,2.5102e-05,1.7578e-05,9.2363e-06,5.5058e-08,-9.9745e-06,-2.0845e-05,-3.2528e-05,-4.4975e-05,-5.8109e-05,-7.1826e-05,-8.5989e-05,-0.00010043,-0.00011494,-0.00012927,-0.00014315,-0.00015625,-0.00016822,-0.00017867,-0.0001872,-0.00019335,-0.00019669,-0.00019675,-0.00019308,-0.00018526,-0.00017288,-0.0001556,-0.00013313,-0.00010523,-7.1639e-05,-3.1919e-05,1.3324e-05,6.3351e-05,0.00011735,0.00017434,0.00023312,0.00029226,0.0003501,0.00040479,0.0004543,0.00049654,0.00052947,0.00055122,0.00056042,0.00055668,0.00054186,0.00052333
9.1285e-05,9.0072e-05,8.8542e-05,8.6995e-05,8.5525e-05,8.4159e-05,8.29e-05,8.1742e-05,8.068e-05,7.9707e-05,7.8815e-05,7.8001e-05,7.7257e-05,7.658e-05,7.5963e-05,7.5402e-05,7.4891e-05,7.4427e-05,7.4003e-05,7.3615e-05,7.3255e-05,7.2916e-05,7.2593e-05,7.2275e-05,7.1954e-05,7.162e-05,7.1258e-05,7.0857e-05,7.04e-05,6.987e-05,6.9246e-05,6.8505e-05,6.7624e-05,6.6573e-05,6.5322e-05,6.3838e-05,6.2082e-05,6.0016e-05,5.7598e-05,5.4784e-05,5.1529e-05,4.7787e-05,4.3512e-05,3.866e-05,3.3193e-05,2.7073e-05,2.0272e-05,1.2773e-05,4.5681e-06,-4.3344e-06,-1.3908e-05,-2.4106e-05,-3.4857e-05,-4.6062e-05,-5.7593e-05,-6.9288e-05,-8.0949e-05,-9.2344e-05,-0.0001032,-0.00011321,-0.00012202,-0.00012926,-0.0001345,-0.00013732,-0.00013725,-0.00013382,-0.00012657,-0.00011504,-9.8803e-05,-7.7488e-05,-5.0773e-05,-1.8405e-05,1.9834e-05,6.425e-05,0.00011489,0.00017078,0.00023105,0.00029463,0.00036022,0.00042625,0.00049088,0.00055205,0.00060747,0.0006548,0.00069168,0.00071603,0.00072625,0.00072193,0.00070515,0.00068425
9.0022e-05,8.8888e-05,8.7449e-05,8.5983e-05,8.458e-05,8.3264e-05,8.2039e-05,8.0901e-05,7.9845e-05,7.8866e-05,7.796e-05,7.712e-05,7.6344e-05,7.5627e-05,7.4965e-05,7.4355e-05,7.3793e-05,7.3275e-05,7.2796e-05,7.2353e-05,7.1941e-05,7.1555e-05,7.1188e-05,7.0835e-05,7.0488e-05,7.0139e-05,6.9778e-05,6.9395e-05,6.8977e-05,6.8511e-05,6.798e-05,6.7368e-05,6.6654e-05,6.5815e-05,6.4827e-05,6.3663e-05,6.2293e-05,6.0686e-05,5.8807e-05,5.6621e-05,5.4091e-05,5.1179e-05,4.7848e-05,4.4063e-05,3.9791e-05,3.5004e-05,2.968e-05,2.3805e-05,1.7378e-05,1.0408e-05,2.9235e-06,-5.0289e-06,-1.338e-05,-2.2036e-05,-3.0872e-05,-3.9735e-05,-4.8435e-05,-5.6747e-05,-6.4409e-05,-7.112e-05,-7.6539e-05,-8.0292e-05,-8.1967e-05,-8.1125e-05,-7.7301e-05,-7.0015e-05,-5.8783e-05,-4.3127e-05,-2.2594e-05,3.2302e-06,3.4699e-05,7.2093e-05,0.00011562,0.00016546,0.00022198,0.0002844,0.00035174,0.00042284,0.00049627,0.00057034,0.000643,0.00071193,0.00077456,0.0008282,0.00087014,0.00089795,0.00090979,0.00090511,0.00088627,0.00086271
8.8611e-05,8.7563e-05,8.6225e-05,8.4849e-05,8.3518e-05,8.2256e-05,8.1068e-05,7.995e-05,7.89e-05,7.7914e-05,7.6988e-05,7.6119e-05,7.5304e-05,7.4541e-05,7.3826e-05,7.3158e-05,7.2532e-05,7.1948e-05,7.1401e-05,7.0888e-05,7.0407e-05,6.9953e-05,6.9522e-05,6.911e-05,6.871e-05,6.8318e-05,6.7926e-05,6.7527e-05,6.711e-05,6.6667e-05,6.6184e-05,6.565e-05,6.5048e-05,6.4363e-05,6.3575e-05,6.2664e-05,6.1608e-05,6.0382e-05,5.896e-05,5.7315e-05,5.5419e-05,5.3244e-05,5.0761e-05,4.7945e-05,4.4772e-05,4.1221e-05,3.7279e-05,3.2941e-05,2.8208e-05,2.3098e-05,1.7642e-05,1.1888e-05,5.9064e-06,-2.099e-07,-6.3402e-06,-1.2334e-05,-1.8009e-05,-2.3145e-05,-2.7489e-05,-3.0747e-05,-3.2585e-05,-3.2633e-05,-3.0484e-05,-2.5696e-05,-1.7801e-05,-6.308e-06,9.284e-06,2.9477e-05,5.4755e-05,8.5571e-05,0.00012232,0.00016533,0.00021482,0.00027097,0.00033388,0.00040357,0.00047889,0.00055856,0.00064107,0.00072454,0.00080672,0.00088501,0.00095648,0.001018,0.0010665,0.0010989,0.0011132,0.0011086,0.0010876,0.001061
8.708e-05,8.6126e-05,8.4894e-05,8.3614e-05,8.2361e-05,8.1156e-05,8.0005e-05,7.8908e-05,7.7863e-05,7.6866e-05,7.5918e-05,7.5014e-05,7.4155e-05,7.3338e-05,7.2562e-05,7.1825e-05,7.1126e-05,7.0463e-05,6.9833e-05,6.9236e-05,6.8669e-05,6.8128e-05,6.7613e-05,6.7118e-05,6.6642e-05,6.6178e-05,6.5724e-05,6.5274e-05,6.482e-05,6.4358e-05,6.3877e-05,6.337e-05,6.2826e-05,6.2234e-05,6.158e-05,6.085e-05,6.0029e-05,5.9101e-05,5.8046e-05,5.6847e-05,5.5485e-05,5.394e-05,5.2195e-05,5.0232e-05,4.8038e-05,4.5603e-05,4.2923e-05,4.0001e-05,3.6847e-05,3.3486e-05,2.9955e-05,2.6306e-05,2.2615e-05,1.8974e-05,1.5506e-05,1.236e-05,9.7143e-06,7.7843e-06,6.8202e-06,7.1102e-06,8.9818e-06,1.2802e-05,1.8976e-05,2.7946e-05,4.0186e-05,5.6196e-05,7.6496e-05,0.00010161,0.00013206,0.00016834,0.00021089,0.00026009,0.00031622,0.00037944,0.0004498,0.00052745,0.00061173,0.00070117,0.00079415,0.00088863,0.00098215,0.0010718,0.0011542,0.0012257,0.0012826,0.0013214,0.0013393,0.0013352,0.0013121,0.0012821
8.5458e-05,8.4603e-05,8.3485e-05,8.2305e-05,8.1132e-05,7.9986e-05,7.8874e-05,7.7796e-05,7.6752e-05,7.5743e-05,7.4767e-05,7.3824e-05,7.2913e-05,7.2035e-05,7.1189e-05,7.0375e-05,6.9591e-05,6.8838e-05,6.8113e-05,6.7417e-05,6.6747e-05,6.6103e-05,6.5482e-05,6.4884e-05,6.4305e-05,6.3744e-05,6.3197e-05,6.2662e-05,6.2134e-05,6.1611e-05,6.1087e-05,6.0557e-05,6.0014e-05,5.9453e-05,5.8865e-05,5.8243e-05,5.7578e-05,5.6859e-05,5.6077e-05,5.5222e-05,5.4283e-05,5.3251e-05,5.2118e-05,5.0878e-05,4.9527e-05,4.8067e-05,4.6502e-05,4.4847e-05,4.3123e-05,4.1362e-05,3.9611e-05,3.7929e-05,3.6398e-05,3.5115e-05,3.4206e-05,3.3822e-05,3.4142e-05,3.5381e-05,3.7786e-05,4.1644e-05,4.728e-05,5.5059e-05,6.5386e-05,7.8705e-05,9.5497e-05,0.00011627,0.00014157,0.00017195,0.00020796,0.00025013,0.00029898,0.00035495,0.00041838,0.00048949,0.00056837,0.00065498,0.00074919,0.00084969,0.00095472,0.0010621,0.0011691,0.0012726,0.0013685,0.0014527,0.0015207,0.001568,0.0015913,0.0015889,0.0015638,0.0015299
8.3779e-05,8.3025e-05,8.2025e-05,8.0949e-05,7.9857e-05,7.877e-05,7.7695e-05,7.6634e-05,7.5589e-05,7.4562e-05,7.3554e-05,7.2565e-05,7.1597e-05,7.0651e-05,6.9727e-05,6.8826e-05,6.7947e-05,6.7092e-05,6.626e-05,6.5451e-05,6.4664e-05,6.3899e-05,6.3155e-05,6.2431e-05,6.1727e-05,6.1041e-05,6.0373e-05,5.9721e-05,5.9084e-05,5.846e-05,5.7847e-05,5.7244e-05,5.6648e-05,5.6057e-05,5.5469e-05,5.488e-05,5.4287e-05,5.3688e-05,5.3081e-05,5.2462e-05,5.1831e-05,5.1188e-05,5.0534e-05,4.9873e-05,4.9213e-05,4.8566e-05,4.795e-05,4.7388e-05,4.6914e-05,4.6571e-05,4.6415e-05,4.6517e-05,4.6966e-05,4.7868e-05,4.9354e-05,5.1581e-05,5.4732e-05,5.9025e-05,6.471e-05,7.2073e-05,8.1441e-05,9.3179e-05,0.0001077,0.00012544,0.00014691,0.00017262,0.00020313,0.00023902,0.00028089,0.00032934,0.00038492,0.00044817,0.00051952,0.00059929,0.00068765,0.00078456,0.00088978,0.0010027,0.0011216,0.001244,0.0013672,0.0014874,0.0016002,0.0017007,0.0017832,0.0018425,0.0018737,0.0018744,0.0018476,0.0018093
8.2075e-05,8.1427e-05,8.0545e-05,7.9573e-05,7.8562e-05,7.7532e-05,7.6491e-05,7.5444e-05,7.4393e-05,7.3344e-05,7.2297e-05,7.1257e-05,7.0224e-05,6.9202e-05,6.8192e-05,6.7195e-05,6.6213e-05,6.5246e-05,6.4294e-05,6.3359e-05,6.2441e-05,6.1539e-05,6.0655e-05,5.9787e-05,5.8936e-05,5.8102e-05,5.7285e-05,5.6486e-05,5.5705e-05,5.4942e-05,5.4198e-05,5.3475e-05,5.2772e-05,5.2092e-05,5.1436e-05,5.0806e-05,5.0206e-05,4.9637e-05,4.9104e-05,4.8614e-05,4.8172e-05,4.7787e-05,4.7471e-05,4.7238e-05,4.7106e-05,4.7098e-05,4.7245e-05,4.7581e-05,4.8153e-05,4.9015e-05,5.0236e-05,5.1898e-05,5.41e-05,5.696e-05,6.0619e-05,6.524e-05,7.1016e-05,7.817e-05,8.6957e-05,9.7671e-05,0.00011064,0.00012624,0.00014488,0.00016703,0.00019317,0.00022387,0.00025969,0.00030125,0.00034919,0.00040417,0.00046683,0.00053778,0.00061758,0.00070667,0.00080535,0.00091369,0.0010315,0.0011583,0.0012929,0.0014329,0.0015752,0.0017159,0.0018498,0.0019712,0.0020731,0.0021488,0.0021917,0.0021982,0.0021707,0.0021275
8.0385e-05,7.9842e-05,7.9078e-05,7.8208e-05,7.7275e-05,7.6298e-05,7.5287e-05,7.4247e-05,7.3186e-05,7.2107e-05,7.1017e-05,6.9917e-05,6.8813e-05,6.7708e-05,6.6603e-05,6.5502e-05,6.4406e-05,6.3318e-05,6.2237e-05,6.1165e-05,6.0102e-05,5.905e-05,5.8009e-05,5.6979e-05,5.5962e-05,5.4958e-05,5.3968e-05,5.2994e-05,5.2037e-05,5.11e-05,5.0185e-05,4.9296e-05,4.8436e-05,4.761e-05,4.6823e-05,4.6082e-05,4.5394e-05,4.4767e-05,4.4212e-05,4.3741e-05,4.3368e-05,4.3111e-05,4.2989e-05,4.3027e-05,4.3254e-05,4.3703e-05,4.4415e-05,4.5439e-05,4.6832e-05,4.8663e-05,5.1013e-05,5.3977e-05,5.7665e-05,6.221e-05,6.7763e-05,7.4499e-05,8.2623e-05,9.2367e-05,0.000104,0.00011781,0.00013415,0.00015341,0.00017599,0.00020238,0.00023309,0.00026868,0.00030978,0.00035702,0.0004111,0.00047273,0.00054265,0.00062158,0.0007102,0.00080912,0.00091883,0.0010396,0.0011714,0.0013139,0.0014662,0.0016264,0.0017913,0.0019568,0.0021171,0.0022654,0.0023933,0.0024919,0.0025524,0.0025687,0.0025423,0.002494
7.8748e-05,7.8307e-05,7.7656e-05,7.6883e-05,7.6023e-05,7.5093e-05,7.4105e-05,7.3067e-05,7.1987e-05,7.0873e-05,6.973e-05,6.8565e-05,6.7381e-05,6.6185e-05,6.4978e-05,6.3765e-05,6.2548e-05,6.1328e-05,6.0108e-05,5.8888e-05,5.7671e-05,5.6456e-05,5.5244e-05,5.4037e-05,5.2836e-05,5.1642e-05,5.0457e-05,4.9283e-05,4.8122e-05,4.6979e-05,4.5856e-05,4.476e-05,4.3696e-05,4.2671e-05,4.1694e-05,4.0774e-05,3.9923e-05,3.9153e-05,3.8481e-05,3.7925e-05,3.7505e-05,3.7246e-05,3.7176e-05,3.7329e-05,3.7741e-05,3.8459e-05,3.9534e-05,4.1025e-05,4.3004e-05,4.5551e-05,4.8759e-05,5.2739e-05,5.7615e-05,6.3532e-05,7.0655e-05,7.9174e-05,8.9306e-05,0.0001013,0.00011542,0.000132,0.00015138,0.00017396,0.00020018,0.00023053,0.00026555,0.00030581,0.00035198,0.00040474,0.00046484,0.00053307,0.00061024,0.00069722,0.00079483,0.00090389,0.0010251,0.001159,0.001306,0.0014658,0.001638,0.0018211,0.0020124,0.0022077,0.0024007,0.0025837,0.0027464,0.0028773,0.0029642,0.0029973,0.0029758,0.0029226
7.7203e-05,7.6859e-05,7.6316e-05,7.5631e-05,7.4835e-05,7.3943e-05,7.2969e-05,7.1924e-05,7.0817e-05,6.9659e-05,6.8456e-05,6.7216e-05,6.5946e-05,6.465e-05,6.3334e-05,6.2001e-05,6.0655e-05,5.9296e-05,5.7929e-05,5.6553e-05,5.517e-05,5.3782e-05,5.2388e-05,5.0991e-05,4.9591e-05,4.819e-05,4.679e-05,4.5394e-05,4.4004e-05,4.2626e-05,4.1263e-05,3.9923e-05,3.8612e-05,3.734e-05,3.6117e-05,3.4956e-05,3.3872e-05,3.2881e-05,3.2003e-05,3.1261e-05,3.0683e-05,3.0297e-05,3.0141e-05,3.0254e-05,3.0684e-05,3.1485e-05,3.2718e-05,3.4454e-05,3.6776e-05,3.9776e-05,4.3563e-05,4.8257e-05,5.3998e-05,6.0946e-05,6.928e-05,7.9205e-05,9.0952e-05,0.00010478,0.00012099,0.00013991,0.0001619,0.00018738,0.00021682,0.00025071,0.00028962,0.00033417,0.00038504,0.00044297,0.00050877,0.0005833,0.0006675,0.00076234,0.00086883,0.00098801,0.0011209,0.0012683,0.0014311,0.0016095,0.0018036,0.0020125,0.002234,0.0024645,0.0026978,0.002925,0.0031344,0.0033109,0.0034377,0.0034991,0.0034896,0.0034334
7.5792e-05,7.5537e-05,7.509e-05,7.4482e-05,7.3737e-05,7.2872e-05,7.1902e-05,7.0839e-05,6.9696e-05,6.8483e-05,6.7211e-05,6.5889e-05,6.4523e-05,6.3121e-05,6.1688e-05,6.0228e-05,5.8745e-05,5.7241e-05,5.5719e-05,5.4179e-05,5.2624e-05,5.1053e-05,4.9468e-05,4.787e-05,4.6259e-05,4.4637e-05,4.3006e-05,4.1369e-05,3.9729e-05,3.8091e-05,3.6459e-05,3.4842e-05,3.3247e-05,3.1684e-05,3.0167e-05,2.8709e-05,2.7328e-05,2.6042e-05,2.4877e-05,2.3857e-05,2.3016e-05,2.2387e-05,2.2014e-05,2.1942e-05,2.2227e-05,2.293e-05,2.4123e-05,2.5885e-05,2.831e-05,3.1502e-05,3.558e-05,4.068e-05,4.6954e-05,5.4574e-05,6.3737e-05,7.4662e-05,8.7596e-05,0.00010282,0.00012063,0.0001414,0.0001655,0.00019336,0.00022547,0.00026236,0.00030461,0.00035289,0.00040792,0.00047048,0.00054144,0.00062176,0.00071246,0.00081468,0.00092961,0.0010585,0.0012027,0.0013636,0.0015423,0.0017399,0.0019572,0.0021941,0.0024496,0.0027208,0.0030025,0.0032857,0.0035569,0.0037977,0.0039849,0.004094,0.0041103,0.0040559
7.4558e-05,7.438e-05,7.4012e-05,7.3466e-05,7.2759e-05,7.1907e-05,7.0926e-05,6.9833e-05,6.8641e-05,6.7364e-05,6.6013e-05,6.4598e-05,6.3129e-05,6.1613e-05,6.0055e-05,5.8462e-05,5.6837e-05,5.5182e-05,5.3499e-05,5.179e-05,5.0056e-05,4.8296e-05,4.6513e-05,4.4705e-05,4.2873e-05,4.102e-05,3.9145e-05,3.7252e-05,3.5344e-05,3.3425e-05,3.1501e-05,2.9579e-05,2.7667e-05,2.5777e-05,2.3922e-05,2.2118e-05,2.0383e-05,1.8739e-05,1.7212e-05,1.5831e-05,1.4632e-05,1.3653e-05,1.2942e-05,1.255e-05,1.2538e-05,1.2975e-05,1.3939e-05,1.5518e-05,1.7816e-05,2.0945e-05,2.5037e-05,3.0236e-05,3.671e-05,4.4643e-05,5.4245e-05,6.575e-05,7.9421e-05,9.5552e-05,0.00011447,0.00013654,0.00016217,0.00019182,0.00022598,0.00026522,0.00031016,0.00036148,0.00041994,0.00048639,0.00056176,0.00064709,0.00074352,0.00085231,0.00097486,0.0011127,0.0012675,0.0014409,0.001635,0.0018515,0.0020922,0.0023583,0.0026504,0.0029674,0.0033056,0.0036575,0.0040094,0.0043399,0.0046183,0.0048075,0.0048758,0.0048352
7.3538e-05,7.342e-05,7.3114e-05,7.2611e-05,7.1924e-05,7.1069e-05,7.0064e-05,6.8926e-05,6.7672e-05,6.6318e-05,6.4876e-05,6.336e-05,6.1778e-05,6.014e-05,5.8453e-05,5.6721e-05,5.4948e-05,5.3137e-05,5.129e-05,4.9408e-05,4.7491e-05,4.5539e-05,4.3552e-05,4.1529e-05,3.9471e-05,3.7378e-05,3.525e-05,3.3091e-05,3.0901e-05,2.8686e-05,2.645e-05,2.4201e-05,2.1946e-05,1.9698e-05,1.747e-05,1.5278e-05,1.3141e-05,1.1083e-05,9.1305e-06,7.3157e-06,5.6753e-06,4.2522e-06,3.0956e-06,2.2621e-06,1.8164e-06,1.8327e-06,2.3952e-06,3.5997e-06,5.5548e-06,8.3834e-06,1.2224e-05,1.7234e-05,2.3588e-05,3.1483e-05,4.1143e-05,5.2813e-05,6.677e-05,8.3324e-05,0.00010282,0.00012564,0.0001522,0.00018299,0.00021853,0.0002594,0.00030625,0.0003598,0.00042086,0.0004903,0.00056914,0.00065847,0.00075956,0.0008738,0.0010028,0.0011482,0.0013122,0.0014969,0.0017049,0.0019389,0.0022019,0.0024967,0.0028261,0.0031916,0.0035931,0.0040262,0.0044798,0.0049322,0.0053466,0.0056689,0.005839,0.0058399
7.2766e-05,7.269e-05,7.2422e-05,7.1943e-05,7.1257e-05,7.0381e-05,6.9334e-05,6.8137e-05,6.6807e-05,6.5362e-05,6.382e-05,6.2191e-05,6.049e-05,5.8724e-05,5.69e-05,5.5025e-05,5.3103e-05,5.1134e-05,4.9122e-05,4.7065e-05,4.4964e-05,4.2818e-05,4.0627e-05,3.8387e-05,3.61e-05,3.3764e-05,3.1379e-05,2.8947e-05,2.6468e-05,2.3947e-05,2.1387e-05,1.8795e-05,1.6179e-05,1.3551e-05,1.0922e-05,8.31e-06,5.734e-06,3.2177e-06,7.8892e-07,-1.5195e-06,-3.6694e-06,-5.6161e-06,-7.3083e-06,-8.6866e-06,-9.6832e-06,-1.022e-05,-1.0209e-05,-9.5493e-06,-8.1264e-06,-5.8113e-06,-2.4582e-06,2.0968e-06,8.0384e-06,1.5573e-05,2.4933e-05,3.6376e-05,5.0191e-05,6.67e-05,8.6261e-05,0.00010927,0.00013617,0.00016746,0.00020367,0.00024542,0.00029337,0.00034828,0.00041098,0.00048241,0.00056362,0.00065578,0.00076024,0.00087853,0.0010124,0.0011638,0.0013351,0.001529,0.0017486,0.0019975,0.0022801,0.0026011,0.0029657,0.0033793,0.0038465,0.0043695,0.0049443,0.0055551,0.0061647,0.0067039,0.0070692,0.0071751
7.226e-05,7.2205e-05,7.1956e-05,7.148e-05,7.0777e-05,6.9863e-05,6.8758e-05,6.7484e-05,6.6065e-05,6.4519e-05,6.2865e-05,6.1118e-05,5.9291e-05,5.7393e-05,5.5432e-05,5.3414e-05,5.1341e-05,4.9217e-05,4.7042e-05,4.4814e-05,4.2534e-05,4.0199e-05,3.7807e-05,3.5356e-05,3.2843e-05,3.0268e-05,2.7629e-05,2.4926e-05,2.2159e-05,1.9331e-05,1.6445e-05,1.3507e-05,1.0523e-05,7.5045e-06,4.4631e-06,1.4146e-06,-1.6214e-06,-4.6219e-06,-7.5587e-06,-1.0399e-05,-1.3104e-05,-1.5629e-05,-1.792e-05,-1.9918e-05,-2.1552e-05,-2.2743e-05,-2.3398e-05,-2.3415e-05,-2.2674e-05,-2.1044e-05,-1.8372e-05,-1.4489e-05,-9.204e-06,-2.304e-06,6.4505e-06,1.7327e-05,3.0623e-05,4.6669e-05,6.5836e-05,8.8533e-05,0.00011521,0.00014638,0.0001826,0.0002245,0.00027276,0.00032815,0.00039155,0.00046392,0.00054634,0.00064006,0.00074648,0.00086722,0.0010042,0.0011595,0.0013357,0.0015361,0.0017641,0.0020244,0.0023223,0.0026645,0.0030591,0.0035155,0.0040446,0.0046577,0.0053637,0.0061631,0.0070339,0.0079075,0.0086346,0.0089929
7.2012e-05,7.1962e-05,7.1716e-05,7.1229e-05,7.0494e-05,6.9528e-05,6.8353e-05,6.6994e-05,6.5477e-05,6.3825e-05,6.2057e-05,6.0191e-05,5.8241e-05,5.6216e-05,5.4124e-05,5.1971e-05,4.976e-05,4.7491e-05,4.5166e-05,4.2781e-05,4.0337e-05,3.7828e-05,3.5253e-05,3.2607e-05,2.9888e-05,2.7093e-05,2.4219e-05,2.1264e-05,1.8229e-05,1.5115e-05,1.1922e-05,8.6566e-06,5.324e-06,1.9332e-06,-1.5041e-06,-4.9733e-06,-8.4557e-06,-1.1929e-05,-1.5365e-05,-1.8733e-05,-2.1992e-05,-2.5099e-05,-2.8e-05,-3.0635e-05,-3.2932e-05,-3.4811e-05,-3.6178e-05,-3.6929e-05,-3.6944e-05,-3.6085e-05,-3.4199e-05,-3.1114e-05,-2.6634e-05,-2.054e-05,-1.259e-05,-2.51e-06,1.0004e-05,2.5291e-05,4.3725e-05,6.5726e-05,9.1756e-05,0.00012233,0.00015802,0.00019945,0.00024734,0.00030247,0.00036572,0.00043808,0.00052065,0.00061472,0.00072172,0.00084334,0.00098153,0.0011386,0.0013173,0.001521,0.0017538,0.0020208,0.0023284,0.0026848,0.0031005,0.003589,0.0041673,0.0048572,0.0056841,0.0066747,0.007846,0.0091736,0.010513,0.011455
7.1964e-05,7.1915e-05,7.1667e-05,7.1164e-05,7.0397e-05,6.938e-05,6.814e-05,6.6705e-05,6.5105e-05,6.3364e-05,6.1504e-05,5.9543e-05,5.7496e-05,5.5373e-05,5.3181e-05,5.0926e-05,4.861e-05,4.6235e-05,4.3798e-05,4.1298e-05,3.8732e-05,3.6096e-05,3.3386e-05,3.0597e-05,2.7725e-05,2.4766e-05,2.1718e-05,1.8576e-05,1.5341e-05,1.2011e-05,8.5879e-06,5.075e-06,1.4775e-06,-2.1967e-06,-5.937e-06,-9.7296e-06,-1.3557e-05,-1.7397e-05,-2.1223e-05,-2.5004e-05,-2.8701e-05,-3.227e-05,-3.5659e-05,-3.8806e-05,-4.1641e-05,-4.4083e-05,-4.6039e-05,-4.7403e-05,-4.8053e-05,-4.7853e-05,-4.6648e-05,-4.4263e-05,-4.0501e-05,-3.5142e-05,-2.7939e-05,-1.8616e-05,-6.8677e-06,7.6491e-06,2.5314e-05,4.6547e-05,7.1818e-05,0.00010164,0.0001366,0.00017733,0.00022453,0.00027901,0.00034164,0.00041342,0.00049548,0.00058908,0.00069571,0.00081704,0.00095508,0.0011122,0.0012912,0.0014955,0.0017296,0.0019987,0.00231,0.0026724,0.0030979,0.0036027,0.0042084,0.0049442,0.0058496,0.0069764,0.0083889,0.010151,0.012262,0.014342
