0,0,0,0,0,0,0,0,0,0,0,0,0,0,0,0,0,0,0,0,0,0,0,0,0,0,0,0,0,0,0,0,0,0,0,0,0,0,0,0,0,0,0,0,0,0,0,0,0,0,0,0,0,0,0,0,0,0,0,0,0,0,0,0,0,0,0,0,0,0,0,0,0,0,0,0,0,0,0,0,0,0,0,0,0,0,0,0,0,0,0
0,-1.0497e-07,-2.434e-07,-3.2006e-07,-2.9012e-07,-1.3766e-07,1.3828e-07,5.3128e-07,1.0315e-06,1.6276e-06,2.308e-06,3.0613e-06,3.8764e-06,4.7432e-06,5.6521e-06,6.5945e-06,7.5622e-06,8.5481e-06,9.5457e-06,1.0549e-05,1.1553e-05,1.2552e-05,1.3543e-05,1.4521e-05,1.5483e-05,1.6426e-05,1.7347e-05,1.8243e-05,1.9113e-05,1.9953e-05,2.0762e-05,2.1537e-05,2.2277e-05,2.298e-05,2.3644e-05,2.4268e-05,2.4849e-05,2.5386e-05,2.5878e-05,2.6323e-05,2.6719e-05,2.7064e-05,2.7358e-05,2.7599e-05,2.7786e-05,2.7917e-05,2.799e-05,2.8006e-05,2.7962e-05,2.7859e-05,2.7695e-05,2.7469e-05,2.7182e-05,2.6833e-05,2.6422e-05,2.595e-05,2.5416e-05,2.4822e-05,2.4169e-05,2.3459e-05,2.2692e-05,2.1872e-05,2.1001e-05,2.0081e-05,1.9117e-05,1.8112e-05,1.707e-05,1.5997e-05,1.4898e-05,1.3778e-05,1.2645e-05,1.1504e-05,1.0363e-05,9.2303e-06,8.1143e-06,7.024e-06,5.9687e-06,4.9583e-06,4.0032e-06,3.1141e-06,2.3021e-06,1.5782e-06,9.5384e-07,4.3969e-07,4.5652e-08,-2.2048e-07,-3.551e-07,-3.6277e-07,-2.6404e-07,-1.0947e-07,0
0,-2.4378e-07,-4.9566e-07,-5.1679e-07,-1.8243e-07,5.6034e-07,1.7217e-06,3.2875e-06,5.2298e-06,7.5141e-06,1.0102e-05,1.2957e-05,1.6039e-05,1.9314e-05,2.2746e-05,2.6306e-05,2.9962e-05,3.3689e-05,3.7462e-05,4.1258e-05,4.5059e-05,4.8844e-05,5.2599e-05,5.6307e-05,5.9956e-05,6.3533e-05,6.7027e-05,7.0428e-05,7.3726e-05,7.6913e-05,7.998e-05,8.2919e-05,8.5723e-05,8.8385e-05,9.0899e-05,9.3257e-05,9.5453e-05,9.7481e-05,9.9335e-05,0.00010101,0.0001025,0.00010379,0.00010489,0.00010579,0.00010648,0.00010696,0.00010722,0.00010726,0.00010708,0.00010667,0.00010603,0.00010516,0.00010405,0.00010272,0.00010115,9.9348e-05,9.7318e-05,9.5063e-05,9.2586e-05,8.9893e-05,8.6991e-05,8.3889e-05,8.0597e-05,7.7125e-05,7.3487e-05,6.9698e-05,6.5774e-05,6.1734e-05,5.7596e-05,5.3384e-05,4.9121e-05,4.4833e-05,4.0546e-05,3.6292e-05,3.21e-05,2.8004e-05,2.4038e-05,2.0238e-05,1.6642e-05,1.3288e-05,1.0214e-05,7.4585e-06,5.0597e-06,3.0522e-06,1.4657e-06,3.2086e-07,-3.7724e-07,-6.5046e-07,-5.6577e-07,-2.6395e-07,0
0,-3.2172e-07,-5.1907e-07,-2.0486e-07,8.3323e-07,2.6924e-06,5.3961e-06,8.9221e-06,1.3221e-05,1.8227e-05,2.3867e-05,3.0065e-05,3.6745e-05,4.3833e-05,5.1259e-05,5.8958e-05,6.6866e-05,7.4928e-05,8.3091e-05,9.1307e-05,9.9534e-05,0.00010773,0.00011586,0.00012389,0.0001318,0.00013955,0.00014712,0.00015449,0.00016164,0.00016854,0.00017518,0.00018155,0.00018762,0.00019338,0.00019882,0.00020392,0.00020866,0.00021304,0.00021704,0.00022065,0.00022385,0.00022663,0.00022899,0.00023091,0.00023238,0.00023339,0.00023392,0.00023399,0.00023356,0.00023265,0.00023124,0.00022933,0.00022692,0.00022401,0.00022059,0.00021668,0.00021227,0.00020738,0.00020201,0.00019618,0.0001899,0.00018319,0.00017607,0.00016857,0.00016072,0.00015254,0.00014408,0.00013536,0.00012645,0.00011737,0.00010818,9.8946e-05,8.9715e-05,8.0552e-05,7.1525e-05,6.2701e-05,5.4154e-05,4.596e-05,3.8196e-05,3.0941e-05,2.4273e-05,1.8271e-05,1.301e-05,8.5555e-06,4.9641e-06,2.2712e-06,4.8081e-07,-4.5308e-07,-6.5394e-07,-3.6359e-07,0
0,-2.9395e-07,-1.8818e-07,8.3037e-07,3.0521e-06,6.6147e-06,1.1553e-05,1.7835e-05,2.5386e-05,3.4104e-05,4.3875e-05,5.4577e-05,6.6086e-05,7.8283e-05,9.1051e-05,0.00010428,0.00011787,0.00013172,0.00014575,0.00015986,0.000174,0.00018809,0.00020207,0.00021588,0.00022947,0.0002428,0.00025581,0.00026849,0.00028077,0.00029264,0.00030406,0.000315,0.00032543,0.00033532,0.00034466,0.0003534,0.00036154,0.00036905,0.0003759,0.00038207,0.00038755,0.0003923,0.00039632,0.00039958,0.00040206,0.00040376,0.00040464,0.00040471,0.00040394,0.00040234,0.00039988,0.00039656,0.00039238,0.00038734,0.00038145,0.0003747,0.00036711,0.00035869,0.00034946,0.00033943,0.00032865,0.00031713,0.00030492,0.00029205,0.00027859,0.00026457,0.00025007,0.00023514,0.00021987,0.00020433,0.00018861,0.0001728,0.000157,0.00014132,0.00012587,0.00011076,9.6116e-05,8.2068e-05,6.874e-05,5.6264e-05,4.4767e-05,3.4378e-05,2.5213e-05,1.738e-05,1.0962e-05,6.0129e-06,2.5354e-06,4.5927e-07,-3.9386e-07,-3.598e-07,0
0,-1.4382e-07,5.531e-07,2.6934e-06,6.6251e-06,1.2515e-05,2.0402e-05,3.0239e-05,4.1921e-05,5.5308e-05,7.0237e-05,8.6534e-05,0.00010402,0.00012253,0.00014189,0.00016193,0.00018251,0.00020348,0.00022472,0.00024609,0.0002675,0.00028883,0.00031,0.00033091,0.0003515,0.00037168,0.00039139,0.00041058,0.00042918,0.00044715,0.00046444,0.00048099,0.00049678,0.00051174,0.00052586,0.00053908,0.00055138,0.00056272,0.00057305,0.00058236,0.00059061,0.00059776,0.0006038,0.00060868,0.00061239,0.0006149,0.00061619,0.00061624,0.00061503,0.00061254,0.00060877,0.0006037,0.00059733,0.00058966,0.0005807,0.00057046,0.00055894,0.00054618,0.00053219,0.00051702,0.00050069,0.00048327,0.00046481,0.00044537,0.00042502,0.00040385,0.00038196,0.00035943,0.00033638,0.00031293,0.00028921,0.00026535,0.00024152,0.00021786,0.00019453,0.00017173,0.00014961,0.00012837,0.00010819,8.927e-05,7.179e-05,5.5933e-05,4.1867e-05,2.9742e-05,1.9676e-05,1.1742e-05,5.9455e-06,2.1976e-06,2.7476e-07,-2.3422e-07,0
0,1.311e-07,1.7206e-06,5.42e-06,1.1609e-05,2.0465e-05,3.2021e-05,4.6208e-05,6.2884e-05,8.1864e-05,0.00010293,0.00012586,0.00015041,0.00017635,0.00020345,0.0002315,0.00026028,0.0002896,0.00031929,0.00034917,0.00037908,0.0004089,0.00043848,0.00046771,0.00049648,0.00052469,0.00055224,0.00057906,0.00060505,0.00063016,0.00065431,0.00067743,0.00069947,0.00072037,0.00074007,0.00075852,0.00077566,0.00079146,0.00080586,0.00081882,0.00083029,0.00084023,0.0008486,0.00085536,0.00086048,0.00086392,0.00086566,0.00086565,0.00086389,0.00086035,0.00085501,0.00084787,0.00083892,0.00082816,0.0008156,0.00080125,0.00078513,0.00076727,0.00074772,0.00072652,0.00070372,0.0006794,0.00065363,0.0006265,0.00059813,0.00056861,0.00053808,0.00050668,0.00047456,0.00044188,0.00040883,0.0003756,0.00034239,0.00030941,0.0002769,0.00024509,0.00021423,0.00018456,0.00015635,0.00012984,0.00010529,8.2937e-05,6.3011e-05,4.5707e-05,3.1179e-05,1.9527e-05,1.0766e-05,4.7974e-06,1.3679e-06,1.5695e-08,0
0,5.2651e-07,3.3077e-06,9.0045e-06,1.7999e-05,3.0461e-05,4.6402e-05,6.5721e-05,8.8233e-05,0.0001137,0.00014185,0.00017239,0.00020503,0.00023945,0.00027538,0.00031254,0.00035064,0.00038945,0.00042873,0.00046826,0.00050783,0.00054727,0.0005864,0.00062506,0.00066311,0.00070041,0.00073685,0.0007723,0.00080668,0.00083987,0.00087179,0.00090235,0.00093147,0.00095907,0.00098509,0.0010094,0.0010321,0.0010529,0.0010719,0.001089,0.0011041,0.0011171,0.0011281,0.001137,0.0011437,0.0011482,0.0011504,0.0011503,0.0011479,0.0011431,0.001136,0.0011265,0.0011146,0.0011003,0.0010836,0.0010646,0.0010433,0.0010196,0.00099377,0.00096574,0.00093561,0.00090347,0.00086943,0.00083362,0.00079615,0.0007572,0.00071691,0.00067548,0.0006331,0.00059,0.0005464,0.00050256,0.00045875,0.00041524,0.00037232,0.00033032,0.00028953,0.00025029,0.00021292,0.00017775,0.0001451,0.00011528,8.8576e-05,6.523e-05,4.5446e-05,2.9353e-05,1.6985e-05,8.2481e-06,2.8767e-06,3.8487e-07,0
0,1.0352e-06,5.2964e-06,1.3418e-05,2.5756e-05,4.2451e-05,6.3479e-05,8.8692e-05,0.00011786,0.00015067,0.00018681,0.0002259,0.00026759,0.0003115,0.00035727,0.00040457,0.00045305,0.0005024,0.00055233,0.00060257,0.00065286,0.00070297,0.00075268,0.00080179,0.00085013,0.00089751,0.00094379,0.00098883,0.0010325,0.0010746,0.0011151,0.0011539,0.0011909,0.0012259,0.0012589,0.0012898,0.0013185,0.0013449,0.001369,0.0013906,0.0014097,0.0014262,0.0014401,0.0014512,0.0014596,0.0014652,0.0014679,0.0014677,0.0014646,0.0014585,0.0014493,0.0014372,0.001422,0.0014038,0.0013826,0.0013584,0.0013312,0.0013012,0.0012683,0.0012327,0.0011944,0.0011537,0.0011105,0.001065,0.0010175,0.00096812,0.00091704,0.00086452,0.0008108,0.00075616,0.0007009,0.00064532,0.00058977,0.00053459,0.00048015,0.00042683,0.00037502,0.00032513,0.00027757,0.00023273,0.00019101,0.00015279,0.00011842,8.8199e-05,6.2388e-05,4.1151e-05,2.4552e-05,1.2513e-05,4.7791e-06,8.6478e-07,0
0,1.6488e-06,7.6627e-06,1.8617e-05,3.4817e-05,5.6353e-05,8.3147e-05,0.00011499,0.0001516,0.00019259,0.00023758,0.00028612,0.00033778,0.00039211,0.00044869,0.0005071,0.00056693,0.00062781,0.00068939,0.00075133,0.00081331,0.00087507,0.00093632,0.00099684,0.0010564,0.0011148,0.0011718,0.0012272,0.001281,0.0013329,0.0013828,0.0014305,0.001476,0.0015191,0.0015597,0.0015977,0.001633,0.0016655,0.001695,0.0017216,0.001745,0.0017653,0.0017823,0.0017959,0.0018062,0.0018129,0.0018162,0.0018158,0.0018119,0.0018042,0.0017929,0.0017778,0.001759,0.0017365,0.0017103,0.0016805,0.001647,0.00161,0.0015695,0.0015257,0.0014785,0.0014283,0.0013752,0.0013193,0.0012608,0.0012,0.0011372,0.0010726,0.0010065,0.00093935,0.00087138,0.00080302,0.00073467,0.00066676,0.00059974,0.00053407,0.00047022,0.00040867,0.00034992,0.00029445,0.00024274,0.00019523,0.00015234,0.00011446,8.1878e-05,5.4821e-05,3.339e-05,1.7542e-05,7.0467e-06,1.4457e-06,0
0,2.359e-06,1.0381e-05,2.4556e-05,4.5112e-05,7.207e-05,0.00010528,0.00014447,0.00018927,0.00023925,0.00029391,0.00035275,0.00041526,0.00048091,0.0005492,0.00061964,0.00069175,0.00076508,0.00083923,0.00091378,0.00098838,0.0010627,0.0011364,0.0012092,0.0012808,0.001351,0.0014196,0.0014863,0.0015509,0.0016133,0.0016733,0.0017307,0.0017853,0.0018371,0.0018859,0.0019315,0.0019739,0.0020128,0.0020483,0.0020801,0.0021082,0.0021324,0.0021528,0.0021691,0.0021813,0.0021894,0.0021932,0.0021927,0.0021878,0.0021785,0.0021647,0.0021466,0.0021239,0.0020968,0.0020652,0.0020293,0.001989,0.0019445,0.0018958,0.001843,0.0017864,0.001726,0.0016622,0.001595,0.0015247,0.0014517,0.0013763,0.0012987,0.0012193,0.0011386,0.001057,0.00097484,0.00089272,0.00081109,0.00073051,0.0006515,0.00057463,0.00050047,0.00042961,0.00036259,0.0003,0.00024235,0.00019015,0.00014383,0.00010377,7.0249e-05,4.3417e-05,2.3278e-05,9.6495e-06,2.1178e-06,0
0,3.1577e-06,1.3426e-05,3.1184e-05,5.6564e-05,8.9498e-05,0.00012975,0.00017697,0.00023069,0.0002904,0.00035553,0.0004255,0.00049969,0.00057751,0.00065837,0.0007417,0.00082696,0.00091362,0.0010012,0.0010892,0.0011773,0.001265,0.001352,0.0014379,0.0015224,0.0016052,0.0016861,0.0017647,0.001841,0.0019145,0.0019852,0.0020529,0.0021173,0.0021784,0.0022358,0.0022896,0.0023395,0.0023853,0.0024271,0.0024645,0.0024976,0.0025261,0.00255,0.0025691,0.0025834,0.0025928,0.0025972,0.0025965,0.0025906,0.0025796,0.0025633,0.0025417,0.0025149,0.0024829,0.0024456,0.0024032,0.0023556,0.0023031,0.0022456,0.0021834,0.0021167,0.0020455,0.0019702,0.001891,0.0018082,0.0017222,0.0016333,0.0015418,0.0014483,0.0013532,0.0012569,0.0011601,0.0010633,0.00096698,0.00087189,0.00077861,0.0006878,0.00060013,0.00051624,0.00043682,0.0003625,0.0002939,0.0002316,0.00017613,0.00012792,8.7316e-05,5.4544e-05,2.9666e-05,1.2558e-05,2.8719e-06,0
0,4.0377e-06,1.6772e-05,3.8454e-05,6.91e-05,0.00010853,0.00015642,0.00021231,0.00027565,0.00034583,0.00042219,0.00050405,0.00059073,0.00068152,0.00077577,0.00087283,0.00097205,0.0010729,0.0011747,0.001277,0.0013794,0.0014813,0.0015823,0.0016821,0.0017802,0.0018764,0.0019703,0.0020616,0.0021501,0.0022355,0.0023175,0.0023961,0.0024708,0.0025416,0.0026083,0.0026706,0.0027285,0.0027816,0.00283,0.0028734,0.0029117,0.0029447,0.0029723,0.0029945,0.003011,0.0030218,0.0030267,0.0030258,0.0030189,0.003006,0.002987,0.002962,0.0029308,0.0028935,0.0028502,0.0028009,0.0027457,0.0026846,0.0026179,0.0025457,0.0024682,0.0023856,0.0022982,0.0022064,0.0021103,0.0020105,0.0019073,0.0018012,0.0016926,0.0015822,0.0014705,0.0013581,0.0012457,0.0011339,0.0010234,0.00091495,0.00080932,0.00070724,0.00060949,0.00051682,0.00042996,0.00034963,0.0002765,0.00021117,0.00015416,0.00010591,6.669e-05,3.6652e-05,1.5744e-05,3.6995e-06,0
0,4.9922e-06,2.0398e-05,4.6321e-05,8.2646e-05,0.00012908,0.00018516,0.00025034,0.00032396,0.00040531,0.00049362,0.00058813,0.00068805,0.0007926,0.00090102,0.0010126,0.0011266,0.0012423,0.0013592,0.0014766,0.001594,0.0017108,0.0018267,0.001941,0.0020535,0.0021637,0.0022713,0.0023759,0.0024773,0.0025751,0.0026691,0.002759,0.0028446,0.0029257,0.003002,0.0030734,0.0031396,0.0032005,0.0032558,0.0033054,0.0033492,0.0033869,0.0034185,0.0034438,0.0034626,0.0034749,0.0034806,0.0034794,0.0034715,0.0034566,0.0034348,0.003406,0.0033702,0.0033275,0.0032778,0.0032213,0.003158,0.0030881,0.0030117,0.0029289,0.0028401,0.0027455,0.0026454,0.0025402,0.0024302,0.0023158,0.0021976,0.0020761,0.0019517,0.0018253,0.0016973,0.0015684,0.0014395,0.0013113,0.0011846,0.0010601,0.00093879,0.00082148,0.00070903,0.0006023,0.00050213,0.00040932,0.00032465,0.00024879,0.00018238,0.00012591,7.9776e-05,4.4185e-05,1.9183e-05,4.5932e-06,0
0,6.0153e-06,2.4282e-05,5.4744e-05,9.7139e-05,0.00015103,0.00021585,0.00029091,0.00037544,0.00046862,0.00056958,0.00067745,0.00079134,0.00091039,0.0010337,0.0011605,0.00129,0.0014215,0.0015541,0.0016873,0.0018205,0.001953,0.0020843,0.002214,0.0023415,0.0024664,0.0025883,0.0027068,0.0028217,0.0029325,0.003039,0.0031408,0.0032378,0.0033296,0.0034161,0.0034969,0.0035718,0.0036407,0.0037034,0.0037595,0.0038091,0.0038518,0.0038875,0.0039161,0.0039374,0.0039512,0.0039575,0.0039562,0.0039471,0.0039302,0.0039055,0.0038728,0.0038323,0.0037839,0.0037276,0.0036635,0.0035918,0.0035126,0.003426,0.0033322,0.0032316,0.0031245,0.0030111,0.0028918,0.0027672,0.0026376,0.0025037,0.002366,0.0022251,0.0020817,0.0019366,0.0017906,0.0016444,0.0014989,0.001355,0.0012137,0.0010759,0.00094253,0.00081458,0.00069302,0.00057877,0.00047277,0.00037586,0.00028884,0.00021244,0.00014724,9.3733e-05,5.2224e-05,2.2853e-05,5.5466e-06,0
0,7.1018e-06,2.8408e-05,6.3687e-05,0.00011252,0.00017432,0.00024837,0.00033387,0.00042992,0.00053557,0.00064985,0.00077177,0.00090034,0.0010346,0.0011736,0.0013163,0.0014621,0.0016099,0.0017591,0.0019088,0.0020584,0.0022073,0.0023548,0.0025003,0.0026435,0.0027837,0.0029206,0.0030536,0.0031825,0.0033069,0.0034264,0.0035407,0.0036495,0.0037526,0.0038495,0.0039402,0.0040243,0.0041015,0.0041718,0.0042348,0.0042903,0.0043382,0.0043783,0.0044103,0.0044342,0.0044497,0.0044568,0.0044553,0.0044451,0.0044261,0.0043983,0.0043617,0.0043162,0.0042618,0.0041987,0.0041268,0.0040463,0.0039574,0.0038602,0.003755,0.0036422,0.0035219,0.0033946,0.0032608,0.0031209,0.0029754,0.0028251,0.0026704,0.0025122,0.0023512,0.0021882,0.0020241,0.0018598,0.0016963,0.0015345,0.0013755,0.0012204,0.0010702,0.00092592,0.00078875,0.0006597,0.00053978,0.00042998,0.00033119,0.00024423,0.00016981,0.0001085,6.0732e-05,2.6736e-05,6.5543e-06,0
0,8.2474e-06,3.2758e-05,7.3116e-05,0.00012873,0.00019886,0.00028263,0.0003791,0.00048724,0.00060598,0.00073422,0.00087085,0.0010148,0.0011649,0.0013202,0.0014797,0.0016423,0.0018073,0.0019736,0.0021405,0.0023073,0.0024731,0.0026375,0.0027996,0.002959,0.0031152,0.0032676,0.0034157,0.0035592,0.0036977,0.0038307,0.0039579,0.004079,0.0041937,0.0043016,0.0044025,0.0044961,0.0045821,0.0046603,0.0047305,0.0047923,0.0048456,0.0048902,0.0049259,0.0049524,0.0049697,0.0049776,0.004976,0.0049647,0.0049436,0.0049127,0.0048719,0.0048213,0.0047609,0.0046906,0.0046106,0.0045211,0.0044221,0.004314,0.0041969,0.0040713,0.0039374,0.0037957,0.0036467,0.0034909,0.0033289,0.0031615,0.0029892,0.0028129,0.0026335,0.0024519,0.0022689,0.0020857,0.0019033,0.0017228,0.0015453,0.0013721,0.0012042,0.0010429,0.00088934,0.00074475,0.00061024,0.0004869,0.00037573,0.00027768,0.00019355,0.00012404,6.9677e-05,3.0816e-05,7.612e-06,0
0,9.4482e-06,3.7319e-05,8.3004e-05,0.00014573,0.00022458,0.00031854,0.0004265,0.00054729,0.00067971,0.00082252,0.00097449,0.0011344,0.0013011,0.0014734,0.0016503,0.0018305,0.0020132,0.0021974,0.0023822,0.0025667,0.0027502,0.002932,0.0031113,0.0032876,0.0034603,0.0036288,0.0037926,0.0039512,0.0041042,0.0042513,0.0043919,0.0045258,0.0046526,0.0047719,0.0048834,0.0049868,0.0050819,0.0051684,0.0052459,0.0053143,0.0053733,0.0054226,0.0054621,0.0054915,0.0055107,0.0055195,0.0055178,0.0055053,0.0054821,0.0054481,0.0054031,0.0053473,0.0052805,0.005203,0.0051146,0.0050157,0.0049064,0.0047869,0.0046576,0.0045187,0.0043707,0.0042141,0.0040493,0.003877,0.0036979,0.0035126,0.0033221,0.003127,0.0029285,0.0027274,0.0025248,0.0023219,0.0021198,0.0019198,0.001723,0.0015308,0.0013444,0.0011653,0.00099467,0.00083383,0.00068404,0.00054651,0.00042239,0.00031271,0.00021841,0.0001403,7.9035e-05,3.5081e-05,8.7163e-06,0
0,1.0701e-05,4.2081e-05,9.3328e-05,0.00016348,0.00025144,0.00035603,0.00047597,0.00060995,0.00075661,0.00091459,0.0010825,0.0012591,0.001443,0.001633,0.0018278,0.0020263,0.0022275,0.0024301,0.0026334,0.0028364,0.0030381,0.003238,0.0034351,0.0036289,0.0038186,0.0040037,0.0041837,0.004358,0.0045262,0.0046877,0.0048423,0.0049893,0.0051286,0.0052597,0.0053823,0.005496,0.0056005,0.0056955,0.0057808,0.005856,0.0059208,0.0059751,0.0060186,0.0060511,0.0060723,0.0060821,0.0060803,0.0060668,0.0060415,0.0060043,0.0059551,0.0058938,0.0058207,0.0057356,0.0056387,0.0055301,0.0054102,0.005279,0.0051369,0.0049844,0.0048218,0.0046497,0.0044686,0.0042793,0.0040823,0.0038786,0.003669,0.0034545,0.003236,0.0030147,0.0027917,0.0025683,0.0023457,0.0021253,0.0019084,0.0016965,0.0014909,0.0012931,0.0011047,0.00092684,0.0007611,0.00060876,0.00047109,0.00034927,0.00024435,0.00015727,8.8791e-05,3.9523e-05,9.8646e-06,0
0,1.2004e-05,4.7033e-05,0.00010407,0.00018195,0.00027939,0.00039503,0.00052743,0.00067511,0.00083658,0.0010103,0.0011948,0.0013887,0.0015904,0.0017987,0.0020122,0.0022296,0.0024498,0.0026716,0.002894,0.003116,0.0033367,0.0035552,0.0037707,0.0039825,0.0041899,0.0043922,0.0045889,0.0047794,0.0049632,0.0051397,0.0053086,0.0054693,0.0056215,0.0057648,0.0058988,0.0060231,0.0061374,0.0062414,0.0063346,0.0064169,0.006488,0.0065475,0.0065952,0.0066309,0.0066543,0.0066652,0.0066635,0.006649,0.0066216,0.0065811,0.0065276,0.0064609,0.0063812,0.0062884,0.0061828,0.0060643,0.0059334,0.0057902,0.005635,0.0054684,0.0052908,0.0051027,0.0049048,0.0046977,0.0044823,0.0042595,0.0040302,0.0037954,0.0035563,0.003314,0.0030698,0.002825,0.0025811,0.0023395,0.0021017,0.0018692,0.0016435,0.0014264,0.0012193,0.0010238,0.0008414,0.00067362,0.00052183,0.00038734,0.00027135,0.00017491,9.8932e-05,4.4137e-05,1.1055e-05,0
0,1.3354e-05,5.217e-05,0.00011521,0.00020111,0.00030839,0.0004355,0.00058083,0.00074273,0.00091954,0.0011096,0.0013113,0.001523,0.0017432,0.0019704,0.0022032,0.0024402,0.00268,0.0029216,0.0031638,0.0034054,0.0036456,0.0038833,0.0041178,0.0043482,0.0045738,0.0047939,0.0050079,0.0052151,0.0054149,0.005607,0.0057907,0.0059655,0.0061311,0.006287,0.0064329,0.0065682,0.0066926,0.0068058,0.0069074,0.0069971,0.0070746,0.0071396,0.0071917,0.0072308,0.0072566,0.0072688,0.0072673,0.0072518,0.0072223,0.0071787,0.0071208,0.0070487,0.0069623,0.0068617,0.006747,0.0066185,0.0064763,0.0063207,0.0061521,0.005971,0.0057778,0.0055732,0.0053579,0.0051326,0.0048981,0.0046555,0.0044058,0.00415,0.0038894,0.0036253,0.0033591,0.0030922,0.0028261,0.0025624,0.0023028,0.0020489,0.0018024,0.0015651,0.0013386,0.0011247,0.00092496,0.00074108,0.00057459,0.00042691,0.0002994,0.00019323,0.00010945,4.8919e-05,1.2287e-05,0
0,1.4751e-05,5.7486e-05,0.00012675,0.00022095,0.00033842,0.0004774,0.00063611,0.00081272,0.0010054,0.0012124,0.0014318,0.001662,0.0019013,0.0021481,0.0024008,0.0026579,0.0029181,0.0031801,0.0034426,0.0037045,0.0039648,0.0042224,0.0044764,0.004726,0.0049704,0.0052088,0.0054405,0.0056649,0.0058814,0.0060894,0.0062884,0.0064778,0.0066573,0.0068262,0.0069843,0.007131,0.0072659,0.0073888,0.0074991,0.0075965,0.0076807,0.0077514,0.0078083,0.007851,0.0078793,0.0078929,0.0078917,0.0078755,0.007844,0.0077972,0.0077349,0.0076572,0.0075641,0.0074556,0.0073318,0.0071929,0.0070392,0.0068709,0.0066886,0.0064925,0.0062834,0.0060618,0.0058285,0.0055843,0.0053301,0.005067,0.0047961,0.0045186,0.0042358,0.0039491,0.00366,0.00337,0.0030809,0.0027943,0.0025121,0.0022359,0.0019677,0.0017093,0.0014627,0.0012296,0.0010118,0.00081119,0.00062939,0.000468,0.00032851,0.00021223,0.00012036,5.3869e-05,1.3561e-05,0
0,1.6193e-05,6.2978e-05,0.00013867,0.00024145,0.00036945,0.00052072,0.00069326,0.00088508,0.0010942,0.0013186,0.0015564,0.0018057,0.0020647,0.0023316,0.0026048,0.0028827,0.0031639,0.0034469,0.0037304,0.0040132,0.0042942,0.0045722,0.0048464,0.0051157,0.0053794,0.0056367,0.0058867,0.0061289,0.0063625,0.006587,0.0068017,0.0070062,0.0072,0.0073824,0.0075531,0.0077116,0.0078575,0.0079903,0.0081097,0.0082152,0.0083064,0.0083832,0.008445,0.0084916,0.0085226,0.0085379,0.0085372,0.0085202,0.0084869,0.0084369,0.0083704,0.0082871,0.0081872,0.0080706,0.0079375,0.0077881,0.0076226,0.0074414,0.0072449,0.0070335,0.006808,0.0065689,0.006317,0.0060534,0.0057788,0.0054946,0.0052018,0.0049017,0.0045958,0.0042857,0.0039728,0.003659,0.0033459,0.0030355,0.0027297,0.0024304,0.0021396,0.0018593,0.0015917,0.0013386,0.001102,0.00088401,0.00068629,0.00051064,0.0003587,0.00023192,0.00013165,5.899e-05,1.4876e-05,0
0,1.7681e-05,6.8644e-05,0.00015097,0.00026262,0.00040149,0.00056543,0.00075225,0.00095977,0.0011858,0.0014282,0.0016849,0.0019539,0.0022332,0.0025209,0.0028153,0.0031147,0.0034174,0.0037221,0.0040272,0.0043315,0.0046337,0.0049328,0.0052277,0.0055174,0.005801,0.0060776,0.0063465,0.006607,0.0068582,0.0070997,0.0073307,0.0075508,0.0077593,0.0079557,0.0081395,0.0083102,0.0084674,0.0086106,0.0087394,0.0088533,0.008952,0.0090351,0.0091021,0.0091529,0.009187,0.0092041,0.0092041,0.0091866,0.0091514,0.0090985,0.0090276,0.0089388,0.008832,0.0087073,0.0085648,0.0084047,0.0082272,0.0080328,0.0078217,0.0075947,0.0073522,0.0070952,0.0068242,0.0065405,0.0062449,0.0059388,0.0056233,0.0052999,0.0049701,0.0046356,0.0042981,0.0039595,0.0036215,0.0032864,0.002956,0.0026326,0.0023183,0.0020153,0.0017257,0.0014519,0.0011958,0.00095963,0.00074536,0.00055489,0.00039,0.00025233,0.00014334,6.4286e-05,1.6234e-05,0
0,1.9213e-05,7.4484e-05,0.00016365,0.00028444,0.00043453,0.00061154,0.0008131,0.0010368,0.0012803,0.0015413,0.0018175,0.0021068,0.002407,0.0027161,0.0030323,0.0033537,0.0036787,0.0040056,0.0043329,0.0046594,0.0049835,0.0053043,0.0056205,0.0059311,0.0062352,0.0065318,0.0068201,0.0070993,0.0073688,0.0076278,0.0078756,0.0081117,0.0083354,0.0085462,0.0087436,0.008927,0.009096,0.00925,0.0093886,0.0095113,0.0096178,0.0097075,0.0097802,0.0098354,0.0098727,0.009892,0.0098928,0.009875,0.0098382,0.0097824,0.0097074,0.009613,0.0094994,0.0093665,0.0092145,0.0090435,0.0088538,0.0086458,0.00842,0.0081768,0.0079171,0.0076415,0.0073509,0.0070464,0.0067292,0.0064004,0.0060614,0.0057139,0.0053594,0.0049996,0.0046365,0.0042721,0.0039083,0.0035473,0.0031915,0.002843,0.0025042,0.0021774,0.0018651,0.0015696,0.0012932,0.0010382,0.00080669,0.0006008,0.00042247,0.00027348,0.00015544,6.9767e-05,1.7637e-05,0
0,2.0791e-05,8.05e-05,0.00017671,0.00030692,0.00046857,0.00065906,0.0008758,0.0011162,0.0013777,0.0016578,0.0019541,0.0022642,0.002586,0.0029172,0.0032558,0.0035999,0.0039478,0.0042976,0.0046478,0.004997,0.0053437,0.0056867,0.0060248,0.006357,0.0066821,0.0069992,0.0073075,0.0076062,0.0078944,0.0081714,0.0084365,0.0086891,0.0089286,0.0091543,0.0093658,0.0095623,0.0097435,0.0099087,0.010058,0.01019,0.010304,0.010401,0.01048,0.01054,0.010581,0.010602,0.010604,0.010586,0.010548,0.010489,0.01041,0.010311,0.01019,0.010049,0.0098873,0.0097053,0.0095033,0.0092815,0.0090405,0.0087809,0.0085034,0.0082088,0.007898,0.0075722,0.0072325,0.0068803,0.0065171,0.0061446,0.0057644,0.0053784,0.0049887,0.0045974,0.0042067,0.003819,0.0034366,0.003062,0.0026977,0.0023462,0.0020102,0.0016922,0.0013946,0.0011199,0.00087043,0.00064849,0.00045618,0.00029542,0.00016799,7.5441e-05,1.9088e-05,0
0,2.2416e-05,8.6693e-05,0.00019016,0.00033008,0.00050364,0.00070801,0.00094039,0.001198,0.001478,0.0017778,0.0020948,0.0024264,0.0027703,0.0031242,0.003486,0.0038534,0.0042248,0.0045981,0.0049719,0.0053444,0.0057143,0.0060803,0.0064409,0.0067952,0.0071419,0.0074802,0.0078091,0.0081277,0.0084352,0.0087308,0.0090138,0.0092835,0.0095392,0.0097804,0.010006,0.010217,0.01041,0.010587,0.010747,0.010889,0.011012,0.011116,0.011201,0.011266,0.011311,0.011335,0.011339,0.011321,0.011282,0.01122,0.011137,0.011032,0.010905,0.010756,0.010584,0.010391,0.010177,0.0099409,0.0096845,0.0094081,0.0091124,0.0087982,0.0084667,0.0081188,0.007756,0.0073797,0.0069914,0.0065929,0.0061861,0.0057729,0.0053556,0.0049364,0.0045177,0.0041021,0.003692,0.0032901,0.0028992,0.0025221,0.0021613,0.0018197,0.0015,0.0012048,0.00093671,0.00069807,0.00049119,0.0003182,0.00018101,8.1322e-05,2.0589e-05,0
0,2.4087e-05,9.3069e-05,0.00020402,0.00035392,0.00053975,0.00075842,0.0010069,0.0012822,0.0015813,0.0019014,0.0022397,0.0025934,0.0029602,0.0033374,0.0037229,0.0041144,0.0045099,0.0049075,0.0053054,0.005702,0.0060957,0.0064851,0.006869,0.007246,0.007615,0.0079751,0.0083251,0.0086642,0.0089916,0.0093063,0.0096078,0.0098951,0.010168,0.010425,0.010666,0.01089,0.011097,0.011286,0.011457,0.011609,0.011741,0.011853,0.011945,0.012016,0.012065,0.012092,0.012098,0.01208,0.01204,0.011976,0.01189,0.011779,0.011645,0.011488,0.011307,0.011103,0.010875,0.010625,0.010353,0.01006,0.0097452,0.009411,0.0090581,0.0086876,0.008301,0.0078997,0.0074854,0.00706,0.0066256,0.0061842,0.0057381,0.0052899,0.0048421,0.0043973,0.0039584,0.0035281,0.0031095,0.0027054,0.0023188,0.0019527,0.0016099,0.0012934,0.0010057,0.00074966,0.00052761,0.00034188,0.00019453,8.7425e-05,2.2145e-05,0
0,2.5807e-05,9.9632e-05,0.00021828,0.00037847,0.00057692,0.00081033,0.0010754,0.0013689,0.0016877,0.0020286,0.0023888,0.0027653,0.0031555,0.0035568,0.0039667,0.0043829,0.0048032,0.0052257,0.0056485,0.0060698,0.006488,0.0069016,0.0073093,0.0077097,0.0081017,0.0084841,0.0088559,0.0092161,0.009564,0.0098985,0.010219,0.010524,0.010814,0.011088,0.011345,0.011584,0.011805,0.012007,0.012189,0.012351,0.012493,0.012614,0.012713,0.012789,0.012843,0.012874,0.012882,0.012865,0.012824,0.012758,0.012668,0.012553,0.012412,0.012247,0.012056,0.011841,0.0116,0.011336,0.011048,0.010737,0.010403,0.010049,0.0096738,0.00928,0.0088687,0.0084416,0.0080005,0.0075472,0.0070841,0.0066133,0.0061374,0.005659,0.0051808,0.0047056,0.0042366,0.0037767,0.0033291,0.0028969,0.0024833,0.0020915,0.0017246,0.0013857,0.0010777,0.00080344,0.00056556,0.00036653,0.0002086,9.3768e-05,2.376e-05,0
0,2.7578e-05,0.00010639,0.00023296,0.00040375,0.00061521,0.00086377,0.0011459,0.0014582,0.0017972,0.0021596,0.0025423,0.0029423,0.0033566,0.0037826,0.0042176,0.0046592,0.0051051,0.0055532,0.0060015,0.0064482,0.0068916,0.0073301,0.0077622,0.0081867,0.0086022,0.0090076,0.0094018,0.0097838,0.010153,0.010508,0.010848,0.011172,0.01148,0.011771,0.012044,0.012298,0.012533,0.012748,0.012943,0.013117,0.013268,0.013398,0.013505,0.013588,0.013647,0.013682,0.013692,0.013676,0.013635,0.013568,0.013474,0.013354,0.013207,0.013034,0.012833,0.012606,0.012353,0.012074,0.01177,0.011441,0.011088,0.010713,0.010315,0.0098974,0.0094607,0.009007,0.008538,0.0080559,0.007563,0.0070618,0.0065547,0.0060448,0.0055349,0.0050281,0.0045276,0.0040367,0.0035587,0.0030971,0.0026553,0.0022366,0.0018445,0.0014822,0.0011529,0.00085958,0.00060515,0.00039223,0.00022326,0.00010037,2.5439e-05,0
0,2.94e-05,0.00011334,0.00024808,0.00042978,0.00065463,0.00091881,0.0012185,0.0015501,0.0019099,0.0022945,0.0027004,0.0031245,0.0035637,0.004015,0.0044758,0.0049435,0.0054157,0.0058901,0.0063646,0.0068374,0.0073067,0.0077707,0.0082281,0.0086772,0.009117,0.009546,0.0099633,0.010368,0.010758,0.011134,0.011495,0.011838,0.012165,0.012473,0.012763,0.013033,0.013283,0.013513,0.01372,0.013905,0.014068,0.014207,0.014322,0.014412,0.014477,0.014516,0.014529,0.014515,0.014474,0.014405,0.014309,0.014184,0.014031,0.01385,0.01364,0.013402,0.013136,0.012842,0.012522,0.012175,0.011802,0.011405,0.010984,0.010542,0.010079,0.0095975,0.0090997,0.0085877,0.0080639,0.0075309,0.0069915,0.0064487,0.0059057,0.0053658,0.0048324,0.004309,0.0037993,0.0033069,0.0028354,0.0023886,0.00197,0.0015832,0.0012316,0.00091831,0.00064654,0.00041909,0.00023856,0.00010726,2.7188e-05,0
0,3.1278e-05,0.00012051,0.00026365,0.0004566,0.00069524,0.0009755,0.0012933,0.0016448,0.0020261,0.0024334,0.0028632,0.0033121,0.0037768,0.0042543,0.0047416,0.0052361,0.0057353,0.0062368,0.0067383,0.0072379,0.0077338,0.0082241,0.0087073,0.0091819,0.0096465,0.0101,0.010541,0.010969,0.011382,0.011779,0.01216,0.012524,0.01287,0.013197,0.013504,0.013791,0.014056,0.0143,0.014521,0.014719,0.014892,0.015041,0.015165,0.015263,0.015334,0.015378,0.015395,0.015383,0.015342,0.015273,0.015174,0.015045,0.014886,0.014697,0.014478,0.014229,0.01395,0.013641,0.013304,0.012939,0.012546,0.012127,0.011682,0.011214,0.010725,0.010215,0.0096874,0.0091444,0.0085884,0.0080224,0.0074492,0.0068721,0.0062946,0.00572,0.0051521,0.0045948,0.0040517,0.003527,0.0030245,0.0025481,0.0021017,0.0016892,0.0013141,0.00097987,0.00068991,0.00044722,0.00025458,0.00011447,2.9015e-05,0
0,3.3212e-05,0.00012789,0.0002797,0.00048423,0.00073709,0.0010339,0.0013704,0.0017424,0.0021457,0.0025764,0.0030308,0.0035052,0.0039962,0.0045006,0.0050153,0.0055374,0.0060643,0.0065936,0.0071228,0.00765,0.0081732,0.0086905,0.0092003,0.009701,0.010191,0.01067,0.011135,0.011587,0.012023,0.012443,0.012845,0.01323,0.013596,0.013941,0.014267,0.014571,0.014852,0.015111,0.015346,0.015557,0.015743,0.015903,0.016036,0.016142,0.01622,0.01627,0.01629,0.016281,0.016242,0.016172,0.01607,0.015938,0.015773,0.015577,0.015349,0.015089,0.014797,0.014474,0.01412,0.013735,0.013322,0.01288,0.012412,0.011918,0.0114,0.010861,0.010303,0.0097278,0.0091385,0.008538,0.0079296,0.0073168,0.006703,0.0060922,0.0054882,0.0048952,0.0043172,0.0037585,0.0032233,0.0027158,0.0022402,0.0018005,0.0014007,0.0010445,0.00073544,0.00047673,0.00027138,0.00012202,3.0927e-05,0
0,3.5206e-05,0.00013551,0.00029624,0.00051271,0.00078023,0.0010941,0.0014499,0.0018429,0.002269,0.0027238,0.0032035,0.0037042,0.0042223,0.0047543,0.005297,0.0058475,0.006403,0.0069608,0.0075186,0.0080741,0.0086253,0.0091704,0.0097075,0.010235,0.010752,0.011256,0.011747,0.012222,0.012682,0.013125,0.01355,0.013956,0.014343,0.014708,0.015052,0.015374,0.015673,0.015947,0.016197,0.016422,0.01662,0.016791,0.016935,0.01705,0.017135,0.017191,0.017217,0.017211,0.017173,0.017103,0.017,0.016864,0.016695,0.016491,0.016254,0.015983,0.015679,0.015341,0.01497,0.014567,0.014133,0.013668,0.013175,0.012654,0.012108,0.011539,0.010949,0.01034,0.0097161,0.0090798,0.0084347,0.0077844,0.0071329,0.006484,0.0058421,0.0052116,0.0045968,0.0040023,0.0034327,0.0028925,0.0023861,0.0019178,0.001492,0.0011126,0.00078336,0.00050778,0.00028904,0.00012995,3.2933e-05,0
0,3.7262e-05,0.00014336,0.0003133,0.00054209,0.00082472,0.0011562,0.0015318,0.0019466,0.002396,0.0028758,0.0033815,0.0039093,0.0044552,0.0050156,0.0055873,0.0061669,0.0067517,0.0073389,0.007926,0.0085107,0.0090907,0.0096643,0.01023,0.010785,0.011328,0.011859,0.012376,0.012877,0.013361,0.013828,0.014276,0.014704,0.015112,0.015498,0.015861,0.016202,0.016518,0.016809,0.017075,0.017314,0.017525,0.017709,0.017863,0.017988,0.018082,0.018144,0.018175,0.018173,0.018138,0.018068,0.017965,0.017826,0.017652,0.017442,0.017196,0.016915,0.016598,0.016245,0.015858,0.015436,0.01498,0.014493,0.013974,0.013426,0.012851,0.01225,0.011627,0.010984,0.010324,0.00965,0.0089666,0.0082772,0.0075859,0.0068972,0.0062154,0.0055454,0.0048919,0.0042598,0.0036539,0.003079,0.0025401,0.0020417,0.0015884,0.0011845,0.00083393,0.00054053,0.00030766,0.0001383,3.5045e-05,0
0,3.9384e-05,0.00015146,0.00033091,0.0005724,0.00087062,0.0012203,0.0016162,0.0020535,0.0025271,0.0030325,0.003565,0.0041206,0.0046952,0.0052849,0.0058863,0.006496,0.0071109,0.0077283,0.0083455,0.0089601,0.0095698,0.010173,0.010767,0.01135,0.011922,0.01248,0.013023,0.01355,0.01406,0.014551,0.015023,0.015474,0.015904,0.016311,0.016695,0.017055,0.017389,0.017698,0.01798,0.018234,0.01846,0.018656,0.018822,0.018957,0.01906,0.01913,0.019167,0.01917,0.019138,0.01907,0.018966,0.018825,0.018647,0.018431,0.018177,0.017886,0.017556,0.017189,0.016785,0.016344,0.015867,0.015356,0.014812,0.014236,0.01363,0.012997,0.01234,0.011661,0.010963,0.010251,0.0095275,0.0087971,0.0080643,0.0073337,0.00661,0.0058985,0.0052041,0.0045322,0.0038879,0.0032765,0.0027031,0.0021728,0.0016904,0.0012605,0.00088742,0.00057517,0.00032734,0.00014713,3.7275e-05,0
0,4.1575e-05,0.00015982,0.00034909,0.0006037,0.000918,0.0012864,0.0017034,0.0021638,0.0026623,0.0031941,0.0037543,0.0043386,0.0049426,0.0055625,0.0061944,0.006835,0.007481,0.0081294,0.0087776,0.0094229,0.010063,0.010696,0.01132,0.011933,0.012533,0.013119,0.01369,0.014243,0.014779,0.015295,0.015792,0.016266,0.016719,0.017148,0.017553,0.017933,0.018287,0.018614,0.018913,0.019183,0.019424,0.019634,0.019812,0.019959,0.020072,0.020151,0.020195,0.020203,0.020174,0.020109,0.020005,0.019863,0.019681,0.01946,0.019199,0.018897,0.018556,0.018175,0.017754,0.017294,0.016796,0.016261,0.01569,0.015086,0.014449,0.013784,0.013091,0.012375,0.011638,0.010885,0.01012,0.0093468,0.0085703,0.0077957,0.0070279,0.0062726,0.005535,0.004821,0.0041361,0.003486,0.0028761,0.0023119,0.0017986,0.0013412,0.00094417,0.0006119,0.00034821,0.00015649,3.9635e-05,0
0,4.3839e-05,0.00016846,0.00036787,0.00063602,0.00096693,0.0013547,0.0017935,0.0022777,0.0028019,0.0033608,0.0039496,0.0045634,0.0051978,0.0058487,0.0065121,0.0071844,0.0078623,0.0085427,0.0092227,0.0098996,0.010571,0.011235,0.011889,0.012532,0.013162,0.013777,0.014375,0.014957,0.015519,0.016062,0.016583,0.017082,0.017559,0.018011,0.018438,0.018838,0.019212,0.019558,0.019875,0.020162,0.020419,0.020644,0.020836,0.020994,0.021118,0.021206,0.021258,0.021273,0.021249,0.021186,0.021084,0.020941,0.020757,0.020531,0.020263,0.019953,0.0196,0.019205,0.018767,0.018289,0.017769,0.01721,0.016613,0.015979,0.015311,0.014611,0.013883,0.013128,0.012351,0.011556,0.010747,0.0099288,0.0091066,0.0082856,0.0074714,0.0066697,0.0058866,0.005128,0.0044,0.0037087,0.0030601,0.0024599,0.0019138,0.001427,0.0010045,0.00065097,0.0003704,0.00016643,4.2142e-05,0
0,4.6179e-05,0.0001774,0.00038728,0.00066943,0.0010175,0.0014252,0.0018865,0.0023953,0.002946,0.003533,0.0041511,0.0047954,0.0054611,0.0061439,0.0068397,0.0075447,0.0082555,0.0089686,0.0096813,0.010391,0.011094,0.01179,0.012476,0.013149,0.013809,0.014454,0.015082,0.015691,0.016281,0.016851,0.017398,0.017923,0.018423,0.018899,0.019349,0.019771,0.020166,0.020532,0.020868,0.021173,0.021446,0.021686,0.021893,0.022064,0.0222,0.022299,0.022359,0.022381,0.022364,0.022305,0.022205,0.022062,0.021876,0.021646,0.021372,0.021053,0.02069,0.020281,0.019828,0.019331,0.01879,0.018207,0.017583,0.016919,0.016219,0.015484,0.014718,0.013924,0.013105,0.012266,0.011411,0.010546,0.0096758,0.008806,0.0079427,0.0070922,0.0062607,0.0054549,0.0046812,0.0039462,0.0032563,0.0026177,0.0020366,0.0015185,0.0010689,0.00069264,0.00039406,0.00017704,4.4813e-05,0
0,4.8599e-05,0.00018664,0.00040736,0.00070399,0.0010698,0.0014982,0.0019826,0.0025169,0.0030949,0.0037109,0.0043593,0.0050349,0.0057329,0.0064486,0.0071777,0.0079163,0.0086608,0.0094077,0.010154,0.010897,0.011634,0.012362,0.01308,0.013785,0.014476,0.015151,0.015809,0.016447,0.017066,0.017663,0.018237,0.018788,0.019314,0.019814,0.020287,0.020732,0.021149,0.021535,0.021891,0.022215,0.022506,0.022763,0.022984,0.02317,0.023319,0.023429,0.0235,0.02353,0.023519,0.023466,0.023369,0.023227,0.023041,0.022808,0.022529,0.022202,0.021828,0.021407,0.020938,0.020423,0.019861,0.019254,0.018603,0.017909,0.017176,0.016406,0.015601,0.014765,0.013903,0.013018,0.012116,0.011202,0.010281,0.0093598,0.0084448,0.0075425,0.0066598,0.0058038,0.0049814,0.0041999,0.0034659,0.0027865,0.0021679,0.0016165,0.0011378,0.00073722,0.00041937,0.00018837,4.767e-05,0
0,5.1105e-05,0.0001962,0.00042814,0.00073974,0.0011239,0.0015736,0.0020821,0.0026426,0.0032488,0.0038947,0.0045743,0.0052823,0.0060135,0.006763,0.0075265,0.0082997,0.0090789,0.0098605,0.010641,0.011418,0.012189,0.012951,0.013702,0.01444,0.015163,0.015869,0.016557,0.017226,0.017873,0.018499,0.019101,0.019678,0.02023,0.020756,0.021253,0.021722,0.022161,0.02257,0.022946,0.02329,0.023599,0.023874,0.024112,0.024313,0.024476,0.024598,0.024681,0.024721,0.024718,0.02467,0.024578,0.024439,0.024252,0.024018,0.023734,0.023401,0.023018,0.022585,0.022101,0.021568,0.020985,0.020354,0.019676,0.018953,0.018186,0.017379,0.016535,0.015657,0.014749,0.013817,0.012865,0.011899,0.010925,0.0099502,0.0089804,0.0080233,0.0070863,0.0061769,0.0053028,0.0044715,0.0036906,0.0029673,0.0023088,0.0017215,0.0012117,0.00078505,0.00044653,0.00020054,5.0734e-05,0
0,5.3701e-05,0.00020611,0.00044965,0.00077676,0.0011799,0.0016517,0.0021849,0.0027726,0.003408,0.0040847,0.0047966,0.0055379,0.0063033,0.0070878,0.0078866,0.0086954,0.0095102,0.010327,0.011144,0.011956,0.012762,0.013558,0.014343,0.015114,0.01587,0.016608,0.017328,0.018027,0.018705,0.019359,0.01999,0.020595,0.021174,0.021726,0.022249,0.022742,0.023205,0.023636,0.024034,0.024398,0.024728,0.025021,0.025277,0.025494,0.025672,0.025808,0.025903,0.025954,0.02596,0.02592,0.025833,0.025698,0.025513,0.025278,0.024992,0.024653,0.024262,0.023817,0.02332,0.022769,0.022166,0.021511,0.020806,0.020052,0.019252,0.018408,0.017523,0.016602,0.015648,0.014666,0.013662,0.012642,0.011613,0.01058,0.0095528,0.0085377,0.0075429,0.0065768,0.0056474,0.004763,0.0039318,0.0031617,0.0024602,0.0018344,0.0012912,0.0008365,0.00047575,0.00021363,5.4032e-05,0
0,5.6392e-05,0.00021638,0.00047196,0.00081512,0.0012379,0.0017326,0.0022915,0.0029072,0.0035727,0.0042813,0.0050264,0.0058022,0.0066029,0.0074232,0.0082584,0.0091038,0.0099553,0.010809,0.011662,0.01251,0.013352,0.014184,0.015003,0.015809,0.016598,0.017369,0.018121,0.018852,0.019561,0.020245,0.020905,0.021539,0.022146,0.022724,0.023274,0.023792,0.024279,0.024734,0.025155,0.025541,0.025891,0.026204,0.026479,0.026714,0.026908,0.027059,0.027168,0.027231,0.027248,0.027217,0.027137,0.027007,0.026825,0.026591,0.026303,0.02596,0.025561,0.025107,0.024596,0.024029,0.023406,0.022729,0.021997,0.021212,0.020378,0.019496,0.01857,0.017604,0.016602,0.015569,0.014511,0.013434,0.012346,0.011254,0.010165,0.0090888,0.0080327,0.007006,0.0060176,0.0050765,0.0041914,0.0033709,0.0026232,0.0019562,0.0013769,0.00089201,0.00050729,0.00022777,5.7593e-05,0
0,5.9184e-05,0.00022703,0.00049508,0.00085489,0.0012981,0.0018164,0.0024018,0.0030466,0.0037432,0.0044847,0.0052642,0.0060755,0.0069125,0.0077699,0.0086425,0.0095255,0.010415,0.011306,0.012197,0.013082,0.01396,0.014828,0.015683,0.016524,0.017348,0.018153,0.018938,0.019701,0.020441,0.021157,0.021847,0.022511,0.023146,0.023752,0.024328,0.024873,0.025386,0.025865,0.02631,0.026719,0.027091,0.027425,0.027719,0.027973,0.028185,0.028353,0.028476,0.028553,0.028582,0.028562,0.02849,0.028367,0.02819,0.027957,0.027669,0.027323,0.026919,0.026456,0.025933,0.025351,0.024709,0.024009,0.023251,0.022436,0.021568,0.020648,0.01968,0.018667,0.017616,0.01653,0.015416,0.01428,0.013131,0.011975,0.010822,0.00968,0.0085587,0.0074675,0.0064161,0.0054142,0.0044713,0.0035967,0.0027994,0.0020877,0.0014696,0.00095205,0.00054141,0.00024307,6.145e-05,0
0,6.2082e-05,0.00023808,0.00051909,0.00089616,0.0013605,0.0019033,0.0025162,0.003191,0.0039199,0.0046953,0.0055103,0.0063582,0.0072328,0.0081283,0.0090394,0.0099612,0.010889,0.011819,0.012748,0.013672,0.014588,0.015493,0.016384,0.017261,0.01812,0.01896,0.019779,0.020575,0.021348,0.022095,0.022816,0.02351,0.024175,0.02481,0.025414,0.025986,0.026525,0.02703,0.027499,0.027932,0.028327,0.028683,0.028999,0.029273,0.029503,0.029689,0.029829,0.029921,0.029963,0.029955,0.029894,0.029779,0.029608,0.02938,0.029092,0.028745,0.028337,0.027867,0.027334,0.026737,0.026078,0.025356,0.024572,0.023728,0.022825,0.021866,0.020856,0.019796,0.018694,0.017553,0.016381,0.015183,0.01397,0.012748,0.011526,0.010315,0.0091245,0.0079645,0.0068457,0.0057786,0.0047736,0.0038408,0.0029899,0.0022301,0.00157,0.0010171,0.00057843,0.00025967,6.564e-05,0
0,6.5094e-05,0.00024957,0.00054401,0.00093901,0.0014252,0.0019935,0.0026349,0.0033408,0.0041029,0.0049136,0.0057652,0.0066508,0.0075641,0.0084989,0.0094496,0.010411,0.011379,0.012349,0.013317,0.01428,0.015234,0.016177,0.017107,0.01802,0.018915,0.01979,0.020644,0.021475,0.02228,0.02306,0.023813,0.024538,0.025233,0.025898,0.02653,0.027131,0.027697,0.028228,0.028723,0.029181,0.0296,0.02998,0.030318,0.030613,0.030864,0.031069,0.031227,0.031335,0.031393,0.031399,0.031349,0.031244,0.031081,0.030859,0.030575,0.030228,0.029817,0.029342,0.028799,0.02819,0.027515,0.026772,0.025963,0.02509,0.024153,0.023156,0.022102,0.020995,0.01984,0.018643,0.01741,0.016149,0.014868,0.013576,0.012282,0.010998,0.0097336,0.0085003,0.0073094,0.0061724,0.0051006,0.0041051,0.0031964,0.0023846,0.001679,0.0010879,0.00061868,0.00027774,7.0203e-05,0
0,6.8226e-05,0.00026151,0.00056993,0.00098353,0.0014925,0.0020871,0.002758,0.0034962,0.0042928,0.0051398,0.0060292,0.0069539,0.007907,0.0088823,0.0098739,0.010876,0.011885,0.012896,0.013905,0.014907,0.015901,0.016883,0.017851,0.018802,0.019734,0.020645,0.021535,0.0224,0.02324,0.024053,0.024838,0.025595,0.026321,0.027016,0.027678,0.028307,0.028902,0.029461,0.029983,0.030466,0.030911,0.031315,0.031676,0.031994,0.032267,0.032493,0.03267,0.032797,0.032872,0.032892,0.032857,0.032764,0.032611,0.032396,0.032117,0.031773,0.031362,0.030882,0.030333,0.029713,0.029022,0.02826,0.027428,0.026526,0.025556,0.024521,0.023423,0.022268,0.02106,0.019805,0.018509,0.017181,0.01583,0.014464,0.013095,0.011733,0.01039,0.0090784,0.0078104,0.0065984,0.0054548,0.0043917,0.0034206,0.0025525,0.0017975,0.0011648,0.00066252,0.00029744,7.5184e-05,0
0,7.1486e-05,0.00027394,0.00059688,0.0010298,0.0015624,0.0021844,0.002886,0.0036575,0.0044898,0.0053744,0.0063029,0.0072679,0.0082621,0.009279,0.010313,0.011357,0.012408,0.013461,0.014511,0.015555,0.016589,0.017611,0.018618,0.019607,0.020577,0.021525,0.022451,0.023351,0.024226,0.025073,0.025892,0.026681,0.027439,0.028165,0.028858,0.029517,0.03014,0.030727,0.031277,0.031788,0.032259,0.032688,0.033074,0.033416,0.033712,0.03396,0.034158,0.034305,0.034399,0.034437,0.034417,0.034338,0.034197,0.033991,0.03372,0.03338,0.032971,0.03249,0.031935,0.031306,0.030602,0.029823,0.028968,0.028039,0.027036,0.025963,0.024823,0.023619,0.022356,0.021042,0.019682,0.018284,0.016859,0.015417,0.013967,0.012524,0.011098,0.0097026,0.0083522,0.0070598,0.0058389,0.0047028,0.0036642,0.0027351,0.0019266,0.0012488,0.00071037,0.00031896,8.0633e-05,0
0,7.4882e-05,0.00028688,0.00062495,0.001078,0.0016352,0.0022856,0.0030189,0.0038251,0.0046944,0.0056179,0.0065868,0.0075934,0.00863,0.0096898,0.010767,0.011855,0.012949,0.014044,0.015137,0.016222,0.017298,0.018361,0.019407,0.020436,0.021445,0.022431,0.023393,0.02433,0.02524,0.026122,0.026974,0.027796,0.028587,0.029345,0.030069,0.030758,0.031412,0.032028,0.032606,0.033145,0.033643,0.034099,0.034512,0.034879,0.035199,0.035471,0.035692,0.03586,0.035974,0.036031,0.036029,0.035966,0.035839,0.035646,0.035384,0.035051,0.034646,0.034165,0.033608,0.032972,0.032257,0.031462,0.030586,0.029631,0.028598,0.027487,0.026304,0.025051,0.023734,0.022358,0.020932,0.019463,0.017962,0.016439,0.014905,0.013375,0.011861,0.010377,0.0089383,0.0075596,0.0062556,0.0050409,0.0039293,0.0029341,0.0020674,0.0013404,0.00076266,0.00034251,8.6605e-05,0
0,7.8425e-05,0.00030037,0.0006542,0.0011282,0.0017109,0.0023909,0.0031573,0.0039993,0.004907,0.0058707,0.0068814,0.0079309,0.0090112,0.010115,0.011237,0.012369,0.013507,0.014647,0.015783,0.016911,0.018029,0.019133,0.020221,0.02129,0.022337,0.023362,0.024362,0.025335,0.026281,0.027198,0.028086,0.028941,0.029765,0.030555,0.031311,0.032032,0.032716,0.033362,0.03397,0.034538,0.035064,0.035548,0.035988,0.036381,0.036728,0.037024,0.03727,0.037461,0.037598,0.037676,0.037693,0.037648,0.037537,0.037358,0.037109,0.036785,0.036386,0.035909,0.035351,0.034711,0.033987,0.033179,0.032284,0.031305,0.030242,0.029096,0.02787,0.026568,0.025196,0.023759,0.022265,0.020722,0.019142,0.017534,0.015913,0.014291,0.012683,0.011105,0.0095724,0.0081013,0.006708,0.0054084,0.0042178,0.0031509,0.0022211,0.0014405,0.00081988,0.00036831,9.3159e-05,0
0,8.2123e-05,0.00031445,0.00068472,0.0011806,0.0017899,0.0025007,0.0033013,0.0041806,0.005128,0.0061333,0.0071873,0.008281,0.0094064,0.010556,0.011723,0.012901,0.014085,0.015269,0.01645,0.017622,0.018783,0.01993,0.021059,0.022168,0.023256,0.024319,0.025357,0.026368,0.027351,0.028304,0.029226,0.030116,0.030973,0.031796,0.032585,0.033337,0.034053,0.03473,0.035368,0.035965,0.036521,0.037034,0.037502,0.037923,0.038296,0.038619,0.038891,0.039107,0.039268,0.039369,0.039408,0.039383,0.039291,0.039129,0.038893,0.038582,0.038192,0.037721,0.037165,0.036523,0.035793,0.034973,0.034063,0.033062,0.03197,0.03079,0.029523,0.028173,0.026745,0.025246,0.023683,0.022065,0.020402,0.018708,0.016994,0.015276,0.01357,0.011891,0.010258,0.0086882,0.0071989,0.0058079,0.004532,0.0033874,0.0023889,0.00155,0.00088252,0.0003966,0.00010036,0
0,8.5989e-05,0.00032917,0.00071658,0.0012352,0.0018723,0.002615,0.0034513,0.0043693,0.0053579,0.0064064,0.007505,0.0086445,0.0098164,0.011013,0.012227,0.013452,0.014682,0.015912,0.017138,0.018355,0.01956,0.02075,0.021921,0.023072,0.0242,0.025303,0.02638,0.027429,0.028448,0.029437,0.030395,0.03132,0.032211,0.033068,0.033889,0.034674,0.035421,0.03613,0.036799,0.037427,0.038013,0.038555,0.039052,0.039502,0.039904,0.040255,0.040553,0.040796,0.040982,0.041108,0.041171,0.041169,0.041097,0.040954,0.040736,0.040439,0.040061,0.039599,0.039048,0.038408,0.037674,0.036846,0.035922,0.034901,0.033784,0.032571,0.031264,0.029867,0.028385,0.026823,0.02519,0.023495,0.021748,0.019963,0.018153,0.016335,0.014524,0.01274,0.011,0.009324,0.0077317,0.0062422,0.0048741,0.0036453,0.0025722,0.0016697,0.00095115,0.00042763,0.00010828,0
0,9.0034e-05,0.00034456,0.0007499,0.0012923,0.0019583,0.0027344,0.0036078,0.004566,0.0055973,0.0066905,0.0078353,0.009022,0.010242,0.011486,0.012749,0.014022,0.0153,0.016577,0.017849,0.019112,0.020362,0.021595,0.022809,0.024002,0.025171,0.026314,0.027429,0.028516,0.029573,0.030599,0.031592,0.032552,0.033478,0.034369,0.035223,0.036041,0.03682,0.037561,0.038261,0.03892,0.039537,0.040109,0.040637,0.041117,0.041548,0.041928,0.042255,0.042526,0.042739,0.042892,0.042981,0.043003,0.042954,0.042833,0.042634,0.042355,0.041992,0.041541,0.040999,0.040362,0.039629,0.038796,0.037861,0.036823,0.035682,0.034439,0.033094,0.031652,0.030116,0.028492,0.026789,0.025015,0.023183,0.021304,0.019395,0.017471,0.015551,0.013654,0.011801,0.010012,0.0083096,0.0067141,0.0052465,0.0039265,0.0027723,0.0018007,0.0010263,0.0004617,0.00011699,0
0,9.4274e-05,0.00036067,0.00078477,0.0013521,0.0020482,0.0028591,0.0037711,0.0047711,0.0058467,0.0069863,0.0081788,0.0094143,0.010683,0.011978,0.013289,0.014612,0.015938,0.017264,0.018583,0.019892,0.021187,0.022465,0.023723,0.024958,0.026168,0.027351,0.028506,0.029632,0.030726,0.031788,0.032818,0.033813,0.034773,0.035698,0.036586,0.037437,0.038249,0.039021,0.039754,0.040444,0.041092,0.041696,0.042254,0.042764,0.043226,0.043636,0.043993,0.044293,0.044536,0.044716,0.044833,0.044881,0.044858,0.044761,0.044584,0.044325,0.04398,0.043543,0.043013,0.042384,0.041654,0.040819,0.039876,0.038825,0.037664,0.036393,0.035013,0.033527,0.031939,0.030254,0.028481,0.026628,0.024708,0.022734,0.020721,0.018688,0.016653,0.014638,0.012665,0.010756,0.0089356,0.0072265,0.0056516,0.004233,0.0029909,0.001944,0.0011087,0.00049908,0.00012657,0
0,9.8723e-05,0.00037758,0.00082132,0.0014146,0.0021423,0.0029895,0.0039417,0.0049852,0.0061068,0.0072944,0.0085363,0.0098221,0.011142,0.012487,0.01385,0.015222,0.016599,0.017973,0.019341,0.020697,0.022038,0.023361,0.024662,0.02594,0.027191,0.028415,0.02961,0.030774,0.031906,0.033005,0.03407,0.035101,0.036096,0.037055,0.037976,0.03886,0.039704,0.040509,0.041274,0.041996,0.042676,0.043311,0.0439,0.044442,0.044935,0.045376,0.045763,0.046094,0.046367,0.046578,0.046723,0.0468,0.046805,0.046733,0.046582,0.046345,0.04602,0.045602,0.045086,0.044468,0.043745,0.042912,0.041966,0.040904,0.039727,0.038431,0.037019,0.035492,0.033853,0.032109,0.030266,0.028334,0.026325,0.024254,0.022135,0.019989,0.017835,0.015696,0.013595,0.011559,0.0096131,0.0077821,0.0060919,0.0045667,0.0032293,0.0021006,0.0011989,0.0005401,0.00013711,0
0,0.0001034,0.00039533,0.00085968,0.0014802,0.0022409,0.0031259,0.0041201,0.0052088,0.0063783,0.0076155,0.0089086,0.010246,0.011618,0.013016,0.014431,0.015855,0.017282,0.018706,0.020122,0.021526,0.022914,0.024282,0.025627,0.026948,0.028241,0.029506,0.03074,0.031943,0.033112,0.034248,0.035349,0.036415,0.037445,0.038437,0.039392,0.040308,0.041186,0.042023,0.042819,0.043574,0.044285,0.044952,0.045573,0.046146,0.04667,0.047143,0.047562,0.047925,0.048229,0.04847,0.048647,0.048754,0.048788,0.048745,0.04862,0.04841,0.048108,0.047711,0.047213,0.04661,0.045896,0.045069,0.044123,0.043056,0.041865,0.040549,0.039107,0.037542,0.035856,0.034054,0.032144,0.030134,0.028036,0.025865,0.023639,0.021376,0.019098,0.016829,0.014596,0.012425,0.010345,0.0083838,0.0065697,0.0049297,0.0034892,0.0022716,0.0012976,0.00058508,0.0001487,0
0,0.00010832,0.000414,0.00089999,0.0015491,0.0023443,0.003269,0.0043069,0.0054427,0.0066618,0.0079506,0.0092965,0.010688,0.012114,0.013565,0.015033,0.01651,0.017988,0.019463,0.020929,0.022381,0.023816,0.025229,0.026619,0.027982,0.029318,0.030623,0.031896,0.033137,0.034344,0.035516,0.036653,0.037754,0.038817,0.039843,0.040831,0.04178,0.042689,0.043559,0.044387,0.045173,0.045916,0.046614,0.047267,0.047872,0.048428,0.048933,0.049384,0.049779,0.050115,0.050389,0.050597,0.050736,0.050801,0.050789,0.050694,0.050511,0.050236,0.049862,0.049386,0.0488,0.048101,0.047283,0.046341,0.045272,0.044072,0.04274,0.041274,0.039674,0.037944,0.036088,0.034111,0.032025,0.029839,0.027569,0.025233,0.02285,0.020444,0.018041,0.015669,0.013356,0.011134,0.0090344,0.0070876,0.0053241,0.0037722,0.0024582,0.0014056,0.00063437,0.00016143,0
0,0.00011351,0.00043367,0.00094242,0.0016216,0.002453,0.0034191,0.0045027,0.0056875,0.0069583,0.0083005,0.0097009,0.011147,0.012629,0.014135,0.015657,0.017188,0.018719,0.020245,0.021761,0.023262,0.024743,0.026203,0.027637,0.029043,0.03042,0.031765,0.033078,0.034356,0.0356,0.036808,0.03798,0.039114,0.040211,0.04127,0.042291,0.043271,0.044213,0.045113,0.045973,0.04679,0.047564,0.048294,0.048978,0.049615,0.050202,0.050739,0.051223,0.05165,0.052019,0.052326,0.052567,0.052739,0.052837,0.052856,0.052793,0.05264,0.052394,0.052047,0.051595,0.051031,0.05035,0.049545,0.048612,0.047545,0.046341,0.044997,0.04351,0.041881,0.040111,0.038204,0.036165,0.034004,0.031732,0.029363,0.026917,0.024413,0.021876,0.019334,0.016816,0.014355,0.011983,0.0097362,0.0076478,0.0057517,0.0040798,0.0026616,0.0015234,0.00068832,0.00017542,0
0,0.00011899,0.00045443,0.00098716,0.0016979,0.0025673,0.0035768,0.0047081,0.0059441,0.0072684,0.008666,0.010123,0.011626,0.013164,0.014727,0.016305,0.01789,0.019474,0.021053,0.022619,0.024168,0.025697,0.027202,0.02868,0.030129,0.031547,0.032932,0.034283,0.035599,0.036879,0.038122,0.039327,0.040495,0.041625,0.042716,0.043768,0.04478,0.045751,0.046683,0.047572,0.04842,0.049224,0.049985,0.0507,0.051368,0.051987,0.052556,0.053072,0.053532,0.053934,0.054274,0.054549,0.054754,0.054886,0.054938,0.054908,0.054787,0.054572,0.054255,0.05383,0.053291,0.052631,0.051844,0.050924,0.049864,0.048661,0.04731,0.045808,0.044154,0.042349,0.040396,0.038299,0.036067,0.033711,0.031245,0.028689,0.026063,0.023393,0.020708,0.01804,0.015423,0.012894,0.010492,0.0082526,0.0062147,0.0044137,0.0028828,0.001652,0.00074732,0.00019076,0
0,0.0001248,0.00047638,0.0010344,0.0017783,0.0026878,0.0037427,0.004924,0.0062132,0.0075933,0.0090483,0.010563,0.012125,0.013722,0.015342,0.016977,0.018617,0.020255,0.021886,0.023502,0.025101,0.026677,0.028227,0.029749,0.03124,0.032698,0.034122,0.03551,0.036862,0.038177,0.039455,0.040693,0.041893,0.043054,0.044176,0.045258,0.0463,0.047301,0.048262,0.049181,0.050058,0.050892,0.051682,0.052426,0.053125,0.053775,0.054375,0.054922,0.055415,0.055849,0.056223,0.056531,0.056771,0.056937,0.057024,0.057027,0.056941,0.056759,0.056473,0.056079,0.055568,0.054933,0.054168,0.053264,0.052217,0.051019,0.049667,0.048155,0.046483,0.044648,0.042654,0.040503,0.038205,0.035769,0.033209,0.030545,0.027797,0.024993,0.022162,0.01934,0.016562,0.013869,0.011303,0.0089039,0.0067148,0.0047754,0.0031231,0.001792,0.00081174,0.00020757,0
0,0.00013096,0.00049963,0.0010844,0.0018634,0.0028149,0.0039175,0.005151,0.0064959,0.007934,0.0094484,0.011024,0.012646,0.014302,0.015981,0.017673,0.01937,0.021062,0.022745,0.024412,0.026059,0.027682,0.029277,0.030842,0.032374,0.033871,0.035333,0.036758,0.038145,0.039494,0.040804,0.042074,0.043305,0.044496,0.045647,0.046757,0.047828,0.048857,0.049845,0.050792,0.051697,0.052559,0.053377,0.05415,0.054877,0.055557,0.056187,0.056765,0.057289,0.057756,0.058162,0.058504,0.058778,0.058978,0.059101,0.059139,0.059088,0.05894,0.058689,0.058327,0.057847,0.05724,0.0565,0.055619,0.054588,0.053402,0.052053,0.050538,0.048852,0.046995,0.044966,0.042769,0.04041,0.037899,0.035249,0.032479,0.029612,0.026674,0.023697,0.020716,0.017773,0.014909,0.012171,0.0096034,0.0072537,0.0051663,0.0033837,0.0019442,0.00088199,0.00022597,0
0,0.00013751,0.00052433,0.0011374,0.0019535,0.0029492,0.0041021,0.0053903,0.0067932,0.0082915,0.0098675,0.011505,0.013189,0.014906,0.016645,0.018396,0.020148,0.021896,0.023631,0.025349,0.027044,0.028712,0.030351,0.031958,0.03353,0.035066,0.036564,0.038024,0.039445,0.040825,0.042166,0.043466,0.044726,0.045945,0.047123,0.04826,0.049357,0.050413,0.051427,0.052399,0.05333,0.054218,0.055063,0.055863,0.056617,0.057325,0.057983,0.058591,0.059145,0.059643,0.060081,0.060456,0.060763,0.060998,0.061155,0.061229,0.061213,0.061101,0.060885,0.060558,0.060111,0.059536,0.058825,0.057969,0.05696,0.05579,0.054452,0.05294,0.051248,0.049375,0.047318,0.045081,0.042669,0.040089,0.037355,0.034485,0.031501,0.028431,0.025307,0.022167,0.019055,0.016015,0.013097,0.010353,0.0078329,0.005588,0.0036656,0.0021094,0.00095847,0.00024608,0
0,0.0001445,0.00055062,0.0011938,0.002049,0.0030916,0.0042972,0.0056427,0.0071062,0.0086672,0.010307,0.012008,0.013756,0.015535,0.017335,0.019144,0.020954,0.022756,0.024544,0.026311,0.028053,0.029767,0.031449,0.033096,0.034706,0.036279,0.037812,0.039305,0.040757,0.042167,0.043537,0.044865,0.046151,0.047396,0.048599,0.049761,0.050882,0.051961,0.052999,0.053995,0.054949,0.055861,0.05673,0.057554,0.058334,0.059067,0.059753,0.060388,0.06097,0.061497,0.061966,0.062372,0.062712,0.06298,0.063172,0.063281,0.063301,0.063225,0.063046,0.062755,0.062343,0.061803,0.061124,0.060298,0.059315,0.058167,0.056845,0.055342,0.053651,0.05177,0.049694,0.047425,0.044967,0.042327,0.039516,0.036552,0.033457,0.030258,0.026989,0.02369,0.020405,0.017185,0.014082,0.011153,0.0084537,0.0060416,0.0039699,0.0022884,0.0010416,0.00026803,0
0,0.00015196,0.00057868,0.0012538,0.0021507,0.0032427,0.0045038,0.0059095,0.0074362,0.0090623,0.010768,0.012535,0.014347,0.016191,0.018052,0.019921,0.021787,0.023643,0.025482,0.027299,0.029087,0.030844,0.032567,0.034253,0.0359,0.037507,0.039072,0.040596,0.042077,0.043515,0.044911,0.046264,0.047574,0.048842,0.050068,0.051251,0.052393,0.053494,0.054552,0.055569,0.056545,0.057478,0.058368,0.059214,0.060017,0.060773,0.061483,0.062143,0.062751,0.063306,0.063803,0.064239,0.064609,0.06491,0.065135,0.065278,0.065334,0.065294,0.065152,0.064898,0.064523,0.064019,0.063376,0.062583,0.061631,0.060509,0.059209,0.057722,0.056041,0.054159,0.052073,0.049782,0.047288,0.044596,0.041718,0.038668,0.035468,0.032147,0.028737,0.02528,0.021823,0.018419,0.015125,0.012004,0.0091171,0.0065283,0.0042977,0.0024818,0.0011318,0.00029195,0
0,0.00015998,0.00060871,0.001318,0.0022591,0.0034034,0.0047231,0.0061919,0.0077847,0.0094785,0.011252,0.013087,0.014965,0.016873,0.018796,0.020725,0.022648,0.024557,0.026447,0.028311,0.030144,0.031943,0.033705,0.035427,0.037108,0.038747,0.040342,0.041894,0.043401,0.044864,0.046283,0.047657,0.048989,0.050277,0.051522,0.052724,0.053884,0.055002,0.056079,0.057113,0.058106,0.059057,0.059966,0.060831,0.061653,0.06243,0.06316,0.063843,0.064474,0.065053,0.065576,0.066039,0.066438,0.066769,0.067026,0.067203,0.067293,0.067289,0.067183,0.066966,0.06663,0.066164,0.065558,0.064802,0.063884,0.062795,0.061523,0.060059,0.058394,0.056521,0.054434,0.052131,0.049611,0.046878,0.043942,0.040817,0.037522,0.034086,0.030541,0.02693,0.023302,0.019713,0.016225,0.012906,0.0098237,0.007049,0.0046498,0.0026905,0.0012294,0.00031799,0
0,0.0001686,0.00064096,0.0013867,0.0023749,0.0035747,0.0049564,0.0064914,0.0081532,0.0099173,0.011761,0.013665,0.015611,0.017584,0.01957,0.021557,0.023535,0.025498,0.027436,0.029346,0.031221,0.03306,0.034858,0.036614,0.038327,0.039994,0.041616,0.043192,0.044722,0.046206,0.047645,0.049038,0.050386,0.051691,0.052951,0.054169,0.055343,0.056476,0.057566,0.058615,0.059622,0.060587,0.06151,0.062391,0.063229,0.064022,0.064771,0.065472,0.066124,0.066724,0.067269,0.067757,0.068182,0.06854,0.068826,0.069034,0.069157,0.069187,0.069118,0.068938,0.06864,0.068214,0.067647,0.06693,0.066051,0.064998,0.06376,0.062325,0.060685,0.05883,0.056752,0.054447,0.051913,0.049152,0.046171,0.042982,0.039604,0.036062,0.032391,0.028632,0.024837,0.021064,0.017381,0.013858,0.010574,0.0076043,0.0050271,0.002915,0.001335,0.00034627,0
0,0.00017792,0.00067572,0.0014606,0.0024991,0.003758,0.005205,0.0068097,0.0085436,0.01038,0.012297,0.014271,0.016286,0.018324,0.020372,0.022417,0.024451,0.026463,0.028449,0.030402,0.032317,0.034192,0.036024,0.03781,0.03955,0.041242,0.042887,0.044484,0.046033,0.047534,0.048988,0.050396,0.051758,0.053074,0.054346,0.055574,0.05676,0.057902,0.059002,0.060061,0.061078,0.062053,0.062987,0.063879,0.064729,0.065536,0.066298,0.067014,0.067682,0.0683,0.068865,0.069373,0.06982,0.070203,0.070516,0.070752,0.070905,0.070968,0.070933,0.07079,0.07053,0.070143,0.069617,0.068942,0.068104,0.067091,0.065892,0.064494,0.062886,0.061058,0.058999,0.056704,0.054169,0.051393,0.048381,0.045142,0.041694,0.03806,0.034273,0.030376,0.02642,0.022467,0.018588,0.01486,0.011366,0.0081947,0.0054303,0.0031561,0.0014488,0.00037696,0
0,0.00018803,0.00071331,0.0015403,0.0026327,0.0039544,0.0054707,0.0071487,0.0089577,0.01087,0.012861,0.014907,0.016991,0.019094,0.021203,0.023306,0.025392,0.027453,0.029483,0.031476,0.033428,0.035335,0.037196,0.039009,0.040772,0.042486,0.044149,0.045762,0.047325,0.048838,0.050304,0.051721,0.053091,0.054416,0.055695,0.056929,0.05812,0.059268,0.060373,0.061437,0.06246,0.063441,0.064381,0.06528,0.066138,0.066952,0.067724,0.068451,0.069131,0.069762,0.070342,0.070867,0.071333,0.071737,0.072072,0.072334,0.072515,0.072608,0.072605,0.072497,0.072275,0.071927,0.071442,0.070809,0.070015,0.069047,0.067892,0.066537,0.064969,0.063176,0.061147,0.058874,0.056351,0.053575,0.050547,0.047274,0.043772,0.040061,0.036172,0.032149,0.028042,0.023915,0.019842,0.015907,0.012201,0.0088201,0.0058599,0.0034144,0.0015714,0.0004102,0
0,0.00019905,0.00075415,0.0016266,0.0027769,0.0041657,0.0057554,0.0075104,0.0093979,0.011388,0.013455,0.015575,0.017727,0.019896,0.022065,0.024222,0.026359,0.028465,0.030536,0.032565,0.034549,0.036485,0.03837,0.040204,0.041986,0.043715,0.045391,0.047015,0.048587,0.050108,0.051579,0.053001,0.054375,0.055702,0.056982,0.058218,0.059409,0.060557,0.061663,0.062728,0.063751,0.064733,0.065674,0.066575,0.067435,0.068254,0.06903,0.069762,0.07045,0.07109,0.07168,0.072218,0.072699,0.073119,0.073474,0.073757,0.073962,0.074082,0.074109,0.074034,0.073847,0.073537,0.073094,0.072505,0.071756,0.070836,0.069729,0.068422,0.066901,0.065153,0.063165,0.060927,0.058429,0.055668,0.05264,0.049352,0.045813,0.042043,0.03807,0.033935,0.029689,0.025397,0.021137,0.016997,0.013077,0.0094804,0.0063162,0.0036903,0.0017032,0.00044616,0
0,0.00021112,0.00079873,0.0017205,0.0029331,0.0043937,0.0060613,0.0078973,0.0098666,0.011937,0.014082,0.016275,0.018497,0.020728,0.022955,0.025165,0.027348,0.029496,0.031603,0.033664,0.035675,0.037633,0.039538,0.041388,0.043182,0.044921,0.046604,0.048233,0.049808,0.051331,0.052802,0.054222,0.055593,0.056917,0.058193,0.059424,0.060611,0.061754,0.062855,0.063914,0.064932,0.065909,0.066847,0.067745,0.068602,0.069419,0.070195,0.070928,0.071618,0.072262,0.072858,0.073403,0.073894,0.074326,0.074695,0.074996,0.075221,0.075365,0.075419,0.075373,0.07522,0.074947,0.074544,0.073999,0.073297,0.072426,0.071372,0.070118,0.068651,0.066956,0.06502,0.062828,0.060371,0.05764,0.054632,0.051346,0.047791,0.043982,0.039945,0.035717,0.031349,0.026905,0.022466,0.018126,0.01399,0.010175,0.0067995,0.0039845,0.0018445,0.00048501,0
0,0.00022443,0.00084765,0.0018231,0.0031031,0.0046407,0.006391,0.0083123,0.010367,0.01252,0.014743,0.01701,0.019299,0.021592,0.023874,0.026132,0.028357,0.030542,0.032679,0.034766,0.036798,0.038773,0.04069,0.042549,0.044349,0.046091,0.047775,0.049402,0.050973,0.052491,0.053955,0.055367,0.05673,0.058043,0.059309,0.06053,0.061705,0.062837,0.063927,0.064975,0.065982,0.06695,0.067878,0.068766,0.069616,0.070426,0.071195,0.071924,0.072611,0.073254,0.07385,0.074398,0.074893,0.075333,0.075712,0.076025,0.076267,0.07643,0.076506,0.076488,0.076365,0.076128,0.075764,0.075262,0.074608,0.073788,0.072788,0.071593,0.070186,0.068552,0.066677,0.064544,0.062142,0.059459,0.056488,0.053226,0.049677,0.045852,0.041773,0.037474,0.033003,0.028425,0.02382,0.019286,0.014939,0.010902,0.0073098,0.0042974,0.0019959,0.00052695,0
0,0.00023919,0.00090164,0.0019358,0.003289,0.0049093,0.0067476,0.0087584,0.010901,0.013139,0.015441,0.01778,0.020135,0.022486,0.024819,0.027121,0.029382,0.031597,0.033759,0.035863,0.037909,0.039893,0.041815,0.043675,0.045473,0.04721,0.048887,0.050505,0.052065,0.05357,0.05502,0.056417,0.057764,0.059061,0.06031,0.061513,0.062671,0.063785,0.064857,0.065888,0.066879,0.06783,0.068742,0.069616,0.070452,0.071249,0.072007,0.072726,0.073404,0.07404,0.074631,0.075176,0.075671,0.076113,0.076497,0.076818,0.077071,0.077249,0.077345,0.07735,0.077254,0.077049,0.076722,0.076262,0.075656,0.074888,0.073946,0.072812,0.071471,0.069906,0.068101,0.06604,0.063707,0.061088,0.058174,0.054958,0.051438,0.047623,0.043528,0.039183,0.034633,0.02994,0.025186,0.020472,0.015918,0.01166,0.0078468,0.0046295,0.0021577,0.0005722,0
0,0.00025569,0.00096162,0.0020604,0.0034932,0.0052026,0.0071344,0.0092392,0.011473,0.013796,0.016177,0.018587,0.021004,0.023409,0.025787,0.028126,0.030417,0.032654,0.034831,0.036946,0.038996,0.040981,0.042899,0.044751,0.046539,0.048262,0.049923,0.051523,0.053064,0.054548,0.055976,0.057351,0.058674,0.059946,0.061171,0.06235,0.063483,0.064573,0.065621,0.066628,0.067595,0.068524,0.069415,0.070268,0.071083,0.071862,0.072603,0.073306,0.073969,0.074593,0.075174,0.07571,0.0762,0.076638,0.077022,0.077347,0.077606,0.077794,0.077905,0.077929,0.077857,0.077681,0.077389,0.07697,0.07641,0.075695,0.074811,0.073743,0.072472,0.070983,0.069258,0.067278,0.065028,0.062491,0.059653,0.056505,0.05304,0.04926,0.045178,0.040817,0.036216,0.031435,0.026553,0.021673,0.016923,0.012448,0.0084102,0.0049811,0.0023307,0.00062099,0
0,0.00027427,0.0010287,0.0021989,0.0037187,0.0055243,0.0075557,0.0097587,0.012086,0.014495,0.016954,0.019431,0.021906,0.024358,0.026773,0.029141,0.031453,0.033702,0.035886,0.038001,0.040046,0.04202,0.043924,0.045759,0.047526,0.049226,0.050861,0.052434,0.053947,0.055401,0.056798,0.058141,0.059432,0.060673,0.061866,0.063012,0.064114,0.065172,0.066189,0.067166,0.068103,0.069003,0.069865,0.070691,0.071481,0.072235,0.072953,0.073634,0.074278,0.074883,0.075448,0.075971,0.076449,0.076879,0.077257,0.07758,0.077841,0.078035,0.078156,0.078195,0.078144,0.077994,0.077734,0.077353,0.076838,0.076176,0.075352,0.07435,0.073154,0.071746,0.070108,0.068222,0.066068,0.063628,0.060887,0.057829,0.054445,0.050731,0.046692,0.042346,0.037726,0.032886,0.027903,0.02288,0.017947,0.013261,0.0089993,0.0053528,0.0025153,0.00067363,0
0,0.00029539,0.0011044,0.0023539,0.0039694,0.0058789,0.0080159,0.010321,0.012743,0.015239,0.017771,0.020311,0.022836,0.025327,0.027771,0.030158,0.032479,0.03473,0.036908,0.039011,0.041039,0.042991,0.04487,0.046675,0.04841,0.050076,0.051676,0.053212,0.054685,0.0561,0.057457,0.05876,0.060011,0.061211,0.062364,0.06347,0.064532,0.065551,0.06653,0.067469,0.06837,0.069234,0.070062,0.070855,0.071613,0.072336,0.073025,0.073678,0.074296,0.074878,0.075421,0.075925,0.076387,0.076803,0.077171,0.077487,0.077745,0.07794,0.078066,0.078116,0.078082,0.077954,0.077723,0.077378,0.076907,0.076297,0.075533,0.0746,0.073482,0.07216,0.070617,0.068833,0.066788,0.064461,0.061835,0.05889,0.055613,0.051994,0.048032,0.043737,0.039135,0.034272,0.029219,0.024078,0.018982,0.014096,0.0096132,0.0057451,0.0027124,0.0007305,0
0,0.00031962,0.0011905,0.0025288,0.0042496,0.0062715,0.0085205,0.010932,0.013449,0.016028,0.018629,0.021224,0.023791,0.02631,0.028771,0.031163,0.03348,0.035719,0.037878,0.039955,0.041952,0.04387,0.045709,0.047473,0.049164,0.050784,0.052336,0.053823,0.055248,0.056613,0.05792,0.059174,0.060374,0.061526,0.062629,0.063687,0.064702,0.065675,0.066608,0.067503,0.068361,0.069183,0.06997,0.070723,0.071443,0.07213,0.072783,0.073404,0.073991,0.074544,0.07506,0.07554,0.07598,0.076378,0.076731,0.077034,0.077285,0.077477,0.077604,0.077661,0.077639,0.077531,0.077326,0.077014,0.076585,0.076025,0.075321,0.074458,0.073419,0.072188,0.070746,0.069073,0.067147,0.064949,0.062456,0.059647,0.056504,0.053011,0.049161,0.044955,0.04041,0.035563,0.030479,0.025253,0.02002,0.01495,0.010251,0.0061588,0.002923,0.00079209,0
0,0.00034776,0.0012894,0.0027277,0.0045647,0.0067082,0.0090752,0.011594,0.014206,0.016863,0.019526,0.022166,0.024761,0.027295,0.029757,0.032139,0.034437,0.036648,0.038771,0.040808,0.042758,0.044625,0.046412,0.04812,0.049753,0.051314,0.052807,0.054233,0.055597,0.056902,0.058149,0.059342,0.060484,0.061577,0.062624,0.063626,0.064585,0.065504,0.066385,0.067228,0.068036,0.068809,0.069549,0.070257,0.070933,0.071578,0.072191,0.072774,0.073324,0.073843,0.074328,0.074779,0.075192,0.075567,0.0759,0.076187,0.076426,0.07661,0.076735,0.076795,0.076782,0.076689,0.076507,0.076227,0.075837,0.075327,0.074682,0.073889,0.072932,0.071794,0.070458,0.068902,0.067107,0.06505,0.062707,0.060055,0.057072,0.053736,0.050034,0.045957,0.041513,0.036729,0.031657,0.026386,0.021047,0.015815,0.010911,0.0065948,0.0031484,0.00085904,0
0,0.00038082,0.0014041,0.0029557,0.0049216,0.0071961,0.0096865,0.012314,0.015017,0.017743,0.020456,0.023127,0.025735,0.028266,0.030711,0.033064,0.035323,0.037487,0.039557,0.041534,0.043421,0.045221,0.046938,0.048576,0.050137,0.051625,0.053045,0.054398,0.05569,0.056923,0.058099,0.059223,0.060296,0.061322,0.062302,0.06324,0.064137,0.064994,0.065815,0.0666,0.067352,0.068071,0.068758,0.069415,0.070041,0.070639,0.071207,0.071746,0.072256,0.072736,0.073185,0.073602,0.073985,0.074333,0.074642,0.074909,0.075132,0.075305,0.075424,0.075483,0.075475,0.075395,0.075233,0.074981,0.074629,0.074166,0.07358,0.072857,0.071983,0.070941,0.069715,0.068284,0.066627,0.064722,0.062545,0.06007,0.057272,0.054124,0.050605,0.046699,0.042403,0.037731,0.032722,0.027454,0.02205,0.016685,0.011592,0.0070543,0.0033904,0.00093223,0
0,0.00042022,0.0015387,0.0032194,0.0053281,0.0077432,0.010361,0.013095,0.015879,0.018664,0.02141,0.024092,0.026691,0.029198,0.031603,0.033905,0.036104,0.038199,0.040194,0.042092,0.043896,0.045612,0.047243,0.048793,0.050266,0.051667,0.053,0.054268,0.055476,0.056625,0.05772,0.058764,0.05976,0.060709,0.061616,0.062481,0.063307,0.064097,0.064851,0.065573,0.066262,0.06692,0.067549,0.06815,0.068723,0.069268,0.069787,0.070279,0.070743,0.071181,0.07159,0.07197,0.072319,0.072635,0.072917,0.073161,0.073364,0.073523,0.073632,0.073687,0.073683,0.073612,0.073468,0.073243,0.072926,0.072509,0.07198,0.071327,0.070536,0.069592,0.068478,0.067176,0.065666,0.063924,0.061926,0.059646,0.057054,0.054123,0.050824,0.047133,0.043034,0.038527,0.033639,0.028429,0.023009,0.01755,0.012291,0.0075389,0.0036515,0.0010129,0
0,0.0004679,0.0016986,0.0035271,0.0057938,0.008358,0.011103,0.013937,0.01679,0.019613,0.02237,0.025038,0.027603,0.030057,0.032396,0.034621,0.036733,0.038735,0.040632,0.042429,0.04413,0.045741,0.047267,0.048713,0.050084,0.051383,0.052615,0.053785,0.054896,0.055952,0.056955,0.05791,0.058819,0.059684,0.060508,0.061294,0.062043,0.062758,0.063441,0.064092,0.064714,0.065307,0.065873,0.066414,0.066928,0.067418,0.067883,0.068324,0.06874,0.069132,0.069498,0.069838,0.07015,0.070432,0.070684,0.070902,0.071083,0.071224,0.071322,0.071371,0.071367,0.071304,0.071175,0.070974,0.070691,0.070319,0.069846,0.069262,0.068554,0.067709,0.06671,0.065541,0.064181,0.06261,0.060803,0.058733,0.05637,0.053682,0.050636,0.047201,0.04335,0.039068,0.034363,0.029276,0.023901,0.018397,0.013004,0.0080506,0.0039352,0.0011029,0
0,0.00052662,0.001891,0.0038892,0.0063296,0.0090487,0.011916,0.014835,0.017736,0.02057,0.023308,0.02593,0.028427,0.030796,0.033038,0.035154,0.037151,0.039033,0.040807,0.042479,0.044055,0.045542,0.046945,0.04827,0.049521,0.050704,0.051823,0.052882,0.053886,0.054837,0.055739,0.056596,0.057409,0.058183,0.058918,0.059618,0.060285,0.06092,0.061525,0.062102,0.062652,0.063176,0.063676,0.064153,0.064606,0.065037,0.065446,0.065833,0.066199,0.066542,0.066863,0.06716,0.067433,0.06768,0.067899,0.068089,0.068246,0.068369,0.068453,0.068494,0.068489,0.068431,0.068316,0.068137,0.067887,0.067558,0.06714,0.066624,0.066,0.065253,0.06437,0.063336,0.062132,0.060738,0.05913,0.057283,0.055165,0.052744,0.049983,0.046843,0.04329,0.039293,0.03484,0.02995,0.024692,0.019206,0.013726,0.0085914,0.004246,0.0012046,0
0,0.0006004,0.0021255,0.0043187,0.0069472,0.0098214,0.012799,0.015778,0.018693,0.021501,0.024179,0.026714,0.029104,0.031349,0.033456,0.03543,0.03728,0.039013,0.040637,0.042161,0.04359,0.044933,0.046194,0.047381,0.048498,0.049552,0.050545,0.051482,0.052368,0.053206,0.053999,0.05475,0.055462,0.056137,0.056779,0.057388,0.057967,0.058518,0.059043,0.059542,0.060017,0.06047,0.060901,0.061311,0.061701,0.062071,0.062422,0.062754,0.063067,0.063361,0.063635,0.063889,0.064121,0.064331,0.064518,0.064678,0.064811,0.064913,0.064983,0.065015,0.065007,0.064954,0.064852,0.064694,0.064475,0.064188,0.063824,0.063376,0.062833,0.062185,0.061419,0.06052,0.059474,0.05826,0.056858,0.055242,0.053384,0.051249,0.048799,0.045992,0.042784,0.039131,0.035004,0.030394,0.025339,0.019951,0.014444,0.0091629,0.0045903,0.0013221,0
0,0.00069526,0.0024156,0.0048311,0.0076572,0.010676,0.013736,0.016736,0.019618,0.022349,0.024914,0.027312,0.029546,0.031624,0.033556,0.035351,0.037021,0.038576,0.040024,0.041375,0.042636,0.043815,0.044919,0.045953,0.046924,0.047835,0.048692,0.049499,0.050259,0.050977,0.051654,0.052294,0.052899,0.053473,0.054016,0.054532,0.055021,0.055485,0.055927,0.056346,0.056746,0.057125,0.057486,0.057829,0.058155,0.058464,0.058757,0.059034,0.059294,0.059538,0.059765,0.059975,0.060168,0.060341,0.060494,0.060625,0.060733,0.060815,0.060869,0.060893,0.060882,0.060833,0.060743,0.060605,0.060417,0.06017,0.05986,0.059478,0.059016,0.058465,0.057814,0.057051,0.056162,0.05513,0.053936,0.052558,0.050967,0.049133,0.047015,0.044571,0.041751,0.038501,0.034772,0.030531,0.02578,0.02059,0.01514,0.0097644,0.0049762,0.0014612,0
0,0.00082047,0.0027791,0.0054431,0.0084649,0.0116,0.014692,0.017652,0.020434,0.023021,0.025411,0.027612,0.029637,0.031499,0.033213,0.034792,0.036249,0.037596,0.038843,0.04,0.041075,0.042075,0.043007,0.043877,0.04469,0.045452,0.046166,0.046835,0.047465,0.048057,0.048616,0.049142,0.049639,0.050108,0.050552,0.050973,0.051372,0.051749,0.052108,0.052448,0.052772,0.053079,0.053371,0.053647,0.05391,0.054159,0.054395,0.054617,0.054825,0.055021,0.055203,0.05537,0.055523,0.05566,0.055781,0.055884,0.055968,0.05603,0.05607,0.056085,0.056071,0.056027,0.055948,0.055831,0.055672,0.055465,0.055207,0.054889,0.054507,0.054051,0.053513,0.052884,0.05215,0.051299,0.050312,0.049172,0.047853,0.046326,0.044555,0.042496,0.040099,0.037302,0.034043,0.030263,0.025928,0.021057,0.015779,0.010389,0.0054134,0.0016308,0
0,0.00099061,0.003239,0.0061683,0.0093592,0.012549,0.015593,0.018423,0.021017,0.023376,0.025515,0.027454,0.029212,0.030809,0.032264,0.033592,0.034808,0.035923,0.036949,0.037896,0.03877,0.03958,0.040331,0.04103,0.041681,0.042288,0.042855,0.043386,0.043884,0.044351,0.04479,0.045203,0.045592,0.045959,0.046306,0.046633,0.046943,0.047237,0.047515,0.047778,0.048028,0.048266,0.048491,0.048704,0.048906,0.049097,0.049278,0.049448,0.049608,0.049757,0.049896,0.050023,0.050139,0.050243,0.050333,0.05041,0.050471,0.050516,0.050543,0.050549,0.050534,0.050494,0.050428,0.050331,0.050201,0.050034,0.049825,0.049571,0.049265,0.048901,0.048473,0.047973,0.04739,0.046714,0.045931,0.045024,0.043974,0.042754,0.041334,0.039672,0.03772,0.035416,0.032689,0.02946,0.02566,0.021253,0.016295,0.011014,0.0059109,0.0018448,0
0,0.0012287,0.0038209,0.0070037,0.01029,0.013424,0.016296,0.018874,0.021168,0.023203,0.02501,0.026619,0.028057,0.029346,0.030507,0.031556,0.032509,0.033377,0.03417,0.034896,0.035564,0.03618,0.036749,0.037276,0.037765,0.038219,0.038643,0.039038,0.039407,0.039753,0.040077,0.040382,0.040668,0.040938,0.041192,0.041432,0.041658,0.041872,0.042075,0.042267,0.042448,0.042621,0.042784,0.042938,0.043084,0.043223,0.043353,0.043476,0.04359,0.043698,0.043797,0.043887,0.04397,0.044043,0.044106,0.044159,0.044201,0.04423,0.044245,0.044246,0.04423,0.044196,0.044142,0.044066,0.043964,0.043835,0.043675,0.043481,0.043248,0.042973,0.042649,0.042271,0.041831,0.041322,0.040732,0.040049,0.039258,0.038336,0.03726,0.035993,0.034494,0.032705,0.030553,0.027951,0.024803,0.02102,0.016573,0.011583,0.0064683,0.0021231,0
0,0.0015687,0.0045386,0.0078934,0.011119,0.014016,0.01654,0.018714,0.020584,0.022197,0.023597,0.02482,0.025895,0.026846,0.027693,0.028451,0.029133,0.02975,0.030309,0.030819,0.031286,0.031714,0.032107,0.03247,0.032806,0.033117,0.033406,0.033675,0.033926,0.03416,0.034379,0.034584,0.034777,0.034958,0.035128,0.035289,0.03544,0.035584,0.035719,0.035846,0.035967,0.036082,0.03619,0.036293,0.036389,0.036481,0.036567,0.036648,0.036723,0.036793,0.036858,0.036917,0.036971,0.037017,0.037058,0.037091,0.037116,0.037133,0.03714,0.037137,0.037122,0.037095,0.037054,0.036998,0.036924,0.036831,0.036717,0.036579,0.036414,0.03622,0.035993,0.035728,0.035421,0.035065,0.034654,0.034178,0.033627,0.032984,0.03223,0.031341,0.030281,0.029002,0.027442,0.025516,0.023116,0.020116,0.016405,0.011965,0.0070512,0.0024895,0
0,0.0020487,0.0053389,0.0086382,0.011521,0.013916,0.01588,0.017491,0.018824,0.019939,0.020883,0.021691,0.022389,0.022999,0.023535,0.024011,0.024435,0.024816,0.025159,0.02547,0.025753,0.026012,0.026249,0.026466,0.026667,0.026852,0.027024,0.027183,0.027331,0.02747,0.027599,0.027719,0.027832,0.027938,0.028038,0.028132,0.02822,0.028303,0.028382,0.028456,0.028526,0.028593,0.028655,0.028715,0.028771,0.028823,0.028873,0.028919,0.028963,0.029003,0.02904,0.029073,0.029103,0.029129,0.029151,0.029169,0.029181,0.029189,0.029191,0.029186,0.029175,0.029156,0.029128,0.02909,0.029043,0.028983,0.02891,0.028823,0.02872,0.028598,0.028457,0.028292,0.028102,0.027882,0.027628,0.027334,0.026994,0.026598,0.026132,0.025582,0.024921,0.024119,0.023126,0.021876,0.020271,0.018179,0.015432,0.011876,0.0075245,0.0029502,0
0,0.0026404,0.0059198,0.0086832,0.010802,0.012397,0.013609,0.014548,0.015291,0.015892,0.016387,0.016802,0.017155,0.017459,0.017723,0.017956,0.018161,0.018344,0.018509,0.018657,0.018791,0.018912,0.019024,0.019126,0.019219,0.019305,0.019385,0.019459,0.019527,0.019591,0.01965,0.019706,0.019758,0.019806,0.019852,0.019895,0.019935,0.019973,0.020009,0.020043,0.020075,0.020105,0.020133,0.02016,0.020185,0.020209,0.020231,0.020252,0.020272,0.02029,0.020306,0.020321,0.020334,0.020345,0.020354,0.020361,0.020366,0.020368,0.020367,0.020363,0.020356,0.020345,0.02033,0.02031,0.020285,0.020254,0.020216,0.020172,0.02012,0.020058,0.019987,0.019905,0.01981,0.019701,0.019575,0.01943,0.019262,0.019066,0.018836,0.018564,0.018236,0.017835,0.017334,0.016691,0.015841,0.014683,0.013057,0.010734,0.0074822,0.0033982,0
0,0.002867,0.0051903,0.0066956,0.0076542,0.0082837,0.0087159,0.0090264,0.0092591,0.0094397,0.0095842,0.0097026,0.0098015,0.0098855,0.0099578,0.010021,0.010076,0.010125,0.010168,0.010208,0.010243,0.010275,0.010304,0.01033,0.010355,0.010377,0.010397,0.010416,0.010434,0.01045,0.010465,0.01048,0.010493,0.010505,0.010517,0.010528,0.010538,0.010548,0.010557,0.010565,0.010573,0.010581,0.010588,0.010595,0.010601,0.010607,0.010613,0.010618,0.010623,0.010627,0.010631,0.010635,0.010638,0.01064,0.010642,0.010644,0.010644,0.010644,0.010643,0.010641,0.010639,0.010635,0.01063,0.010623,0.010615,0.010606,0.010594,0.010581,0.010565,0.010546,0.010525,0.010501,0.010473,0.010441,0.010404,0.010361,0.010312,0.010256,0.010189,0.01011,0.010014,0.0098971,0.0097491,0.0095561,0.009294,0.008919,0.0083484,0.0074213,0.0058451,0.0032463,0
0,0,0,0,0,0,0,0,0,0,0,0,0,0,0,0,0,0,0,0,0,0,0,0,0,0,0,0,0,0,0,0,0,0,0,0,0,0,0,0,0,0,0,0,0,0,0,0,0,0,0,0,0,0,0,0,0,0,0,0,0,0,0,0,0,0,0,0,0,0,0,0,0,0,0,0,0,0,0,0,0,0,0,0,0,0,0,0,0,0,0
